6.525781936943531036e-03,-2.140222191810607910e-01,5.992121696472167969e-01,3.591925278306007385e-02,-2.932994067668914795e-02,-7.507605552673339844e-01,6.589447259902954102e-01,2.944109737873077393e-01,5.570340156555175781e-01,1.383935287594795227e-02,-1.344346880912780762e+00,7.901006937026977539e-01,-2.940898761153221130e-02,3.998140096664428711e-01,9.712110757827758789e-01,1.079869940876960754e-01,1.596981406211853027e+00,-1.068309396505355835e-01,2.489408850669860840e-01,2.316962331533432007e-01,4.907170236110687256e-01,-1.721568703651428223e-01,5.354528501629829407e-02,-3.819482624530792236e-01,-9.035043418407440186e-02,-1.362024545669555664e-01,4.093750417232513428e-01,-9.292440861463546753e-02,-6.146474555134773254e-02
7.380498107522726059e-03,-2.168736457824707031e-01,5.955185890197753906e-01,2.165293507277965546e-02,-4.603213816881179810e-02,-7.577148675918579102e-01,6.506000161170959473e-01,3.249529004096984863e-01,6.067202091217041016e-01,6.073268130421638489e-02,-1.352719902992248535e+00,7.644326686859130859e-01,-7.383291143923997879e-03,4.509511590003967285e-01,9.513530731201171875e-01,1.195005327463150024e-01,1.625837445259094238e+00,-6.503364443778991699e-02,2.531932890415191650e-01,2.469881027936935425e-01,5.394869446754455566e-01,-2.093341797590255737e-01,4.823554307222366333e-02,-3.894039094448089600e-01,-9.867590665817260742e-02,-1.066185310482978821e-01,5.169643759727478027e-01,-1.474454700946807861e-01,-5.428948253393173218e-02
8.027857169508934021e-03,-2.169440388679504395e-01,5.961423516273498535e-01,2.469867467880249023e-02,-4.787642136216163635e-02,-7.533426880836486816e-01,6.554179191589355469e-01,3.278627395629882812e-01,6.106981635093688965e-01,6.467145681381225586e-02,-1.353953123092651367e+00,7.610158324241638184e-01,-7.570374757051467896e-03,4.537707865238189697e-01,9.484571814537048340e-01,1.207141876220703125e-01,1.627496480941772461e+00,-5.998491868376731873e-02,2.516764104366302490e-01,2.497193217277526855e-01,5.368915796279907227e-01,-2.099075913429260254e-01,4.851791635155677795e-02,-3.874191641807556152e-01,-9.931817650794982910e-02,-1.039132550358772278e-01,5.160984992980957031e-01,-1.472844928503036499e-01,-5.352783203125000000e-02
4.890061914920806885e-03,-2.159765660762786865e-01,5.995967388153076172e-01,2.943515963852405548e-02,-3.710058704018592834e-02,-7.722145915031433105e-01,6.335943341255187988e-01,3.306508958339691162e-01,5.745573639869689941e-01,2.303742319345474243e-01,-1.214156866073608398e+00,5.370720028877258301e-01,-9.003508090972900391e-02,3.750809729099273682e-01,7.697698473930358887e-01,7.641506381332874298e-03,1.795577526092529297e+00,-1.789538115262985229e-01,2.802719175815582275e-01,1.926449537277221680e-01,6.785823106765747070e-01,-1.978595107793807983e-01,4.306989535689353943e-02,-3.446376919746398926e-01,-9.451708942651748657e-02,-1.250080317258834839e-01,4.467128813266754150e-01,-1.562799811363220215e-01,-5.102001875638961792e-02
3.794545307755470276e-03,-2.162327319383621216e-01,6.015127301216125488e-01,3.599224612116813660e-02,-3.388312458992004395e-02,-7.671079039573669434e-01,6.396107673645019531e-01,3.239267766475677490e-01,5.506156086921691895e-01,3.525403439998626709e-01,-1.139927983283996582e+00,4.190875291824340820e-01,-1.273161768913269043e-01,2.834988534450531006e-01,6.900523900985717773e-01,-4.387691989541053772e-02,1.863788247108459473e+00,-2.582831978797912598e-01,2.908300757408142090e-01,1.463429778814315796e-01,7.696563601493835449e-01,-1.919806301593780518e-01,4.162114486098289490e-02,-3.274590075016021729e-01,-7.426097989082336426e-02,-1.275416910648345947e-01,3.926652669906616211e-01,-1.636777222156524658e-01,-5.467007681727409363e-02
2.277702093124389648e-03,-2.166473120450973511e-01,6.020401716232299805e-01,4.697494581341743469e-02,-2.869146317243576050e-02,-7.685912251472473145e-01,6.373677849769592285e-01,3.295933306217193604e-01,5.173578858375549316e-01,4.559810459613800049e-01,-1.083290934562683105e+00,3.231891095638275146e-01,-1.773669421672821045e-01,2.002571821212768555e-01,5.726646184921264648e-01,-1.058782264590263367e-01,1.898006319999694824e+00,-3.322727680206298828e-01,2.692536711692810059e-01,8.953256160020828247e-02,8.358603119850158691e-01,-1.826315224170684814e-01,4.936862736940383911e-02,-3.366878330707550049e-01,-6.936281174421310425e-02,-1.169084459543228149e-01,3.835157454013824463e-01,-1.646885573863983154e-01,-5.788322910666465759e-02
2.724075166042894125e-04,-2.173618227243423462e-01,6.014533638954162598e-01,5.124753341078758240e-02,-2.980128116905689240e-02,-7.623342275619506836e-01,6.444626450538635254e-01,3.114174306392669678e-01,5.078567266464233398e-01,5.660550594329833984e-01,-1.022892594337463379e+00,2.492111176252365112e-01,-1.746251136064529419e-01,9.051143378019332886e-02,5.137974023818969727e-01,-1.290038228034973145e-01,1.905812978744506836e+00,-4.048334360122680664e-01,2.435886859893798828e-01,5.449153855443000793e-02,9.141854047775268555e-01,-1.741831153631210327e-01,5.389348044991493225e-02,-3.482560217380523682e-01,-7.067274302244186401e-02,-1.297250092029571533e-01,3.831943571567535400e-01,-1.721880435943603516e-01,-5.794236063957214355e-02
-2.082058927044272423e-03,-2.189392596483230591e-01,6.017552018165588379e-01,5.967832729220390320e-02,-2.790992707014083862e-02,-7.512462735176086426e-01,6.567256450653076172e-01,2.762959897518157959e-01,4.755938053131103516e-01,6.689347028732299805e-01,-9.704546928405761719e-01,1.675640791654586792e-01,-2.145836055278778076e-01,-5.274739488959312439e-02,4.866038858890533447e-01,-1.104761809110641479e-01,1.903322219848632812e+00,-4.851194620132446289e-01,1.953922510147094727e-01,1.382534299045801163e-02,9.721773862838745117e-01,-1.688004732131958008e-01,5.875021964311599731e-02,-3.464349210262298584e-01,-6.775561720132827759e-02,-1.269527077674865723e-01,3.786323368549346924e-01,-1.821912676095962524e-01,-6.380603462457656860e-02
-4.968708846718072891e-03,-2.197762727737426758e-01,6.010500192642211914e-01,6.350693851709365845e-02,-2.546328306198120117e-02,-7.466173768043518066e-01,6.617257595062255859e-01,2.689587771892547607e-01,4.616766870021820068e-01,7.525106668472290039e-01,-9.276704192161560059e-01,9.314873814582824707e-02,-2.142992168664932251e-01,-2.081747502088546753e-01,4.737895727157592773e-01,-6.169634684920310974e-02,1.890686511993408203e+00,-5.435912013053894043e-01,1.480418741703033447e-01,-1.279016397893428802e-02,1.019622921943664551e+00,-1.591040045022964478e-01,6.171184778213500977e-02,-3.569808602333068848e-01,-7.985129207372665405e-02,-1.382917910814285278e-01,3.874466717243194580e-01,-1.893274486064910889e-01,-6.713562458753585815e-02
-7.666768040508031845e-03,-2.208574861288070679e-01,5.991613864898681641e-01,6.498299539089202881e-02,-2.416017465293407440e-02,-7.426068186759948730e-01,6.661295890808105469e-01,2.390318214893341064e-01,4.538214206695556641e-01,8.464133143424987793e-01,-8.863878846168518066e-01,9.244615212082862854e-03,-2.224571406841278076e-01,-4.281120598316192627e-01,4.580302834510803223e-01,6.453934311866760254e-02,1.870236754417419434e+00,-5.951516628265380859e-01,1.117997914552688599e-01,-3.404573351144790649e-02,1.065114140510559082e+00,-1.568357646465301514e-01,6.186918169260025024e-02,-3.785265088081359863e-01,-8.612436056137084961e-02,-1.511200666427612305e-01,4.203439950942993164e-01,-1.961349099874496460e-01,-6.963631510734558105e-02
-1.071977522224187851e-02,-2.222774773836135864e-01,5.975025892257690430e-01,6.825780868530273438e-02,-2.579262666404247284e-02,-7.453686594963073730e-01,6.626470685005187988e-01,2.257324755191802979e-01,4.308572709560394287e-01,9.412177801132202148e-01,-8.714243173599243164e-01,-7.103111594915390015e-02,-2.309578955173492432e-01,-6.649982333183288574e-01,5.056399703025817871e-01,2.388877719640731812e-01,1.812556743621826172e+00,-6.407459378242492676e-01,7.189208269119262695e-02,-3.768684342503547668e-02,1.086143374443054199e+00,-1.552817672491073608e-01,6.261590123176574707e-02,-3.983266055583953857e-01,-9.371739625930786133e-02,-1.531858444213867188e-01,4.673120081424713135e-01,-2.004853188991546631e-01,-7.159592956304550171e-02
-1.282140891999006271e-02,-2.232573777437210083e-01,5.954873561859130859e-01,7.551399618387222290e-02,-3.278814256191253662e-02,-7.433772683143615723e-01,6.637867093086242676e-01,2.318751811981201172e-01,4.219489693641662598e-01,1.008883357048034668e+00,-8.562025427818298340e-01,-1.528895050287246704e-01,-2.444234043359756470e-01,-9.019962549209594727e-01,5.610696077346801758e-01,4.128773212432861328e-01,1.750787019729614258e+00,-6.744749546051025391e-01,3.436196967959403992e-02,-2.397560328245162964e-02,1.099423408508300781e+00,-1.534859240055084229e-01,6.453306227922439575e-02,-4.321989715099334717e-01,-1.087833642959594727e-01,-1.484161168336868286e-01,5.219504833221435547e-01,-2.026410251855850220e-01,-7.354103028774261475e-02
-1.547184772789478302e-02,-2.244036197662353516e-01,5.941476821899414062e-01,8.114940673112869263e-02,-3.669284656643867493e-02,-7.468689680099487305e-01,6.589804291725158691e-01,2.279195040464401245e-01,4.121918082237243652e-01,1.063805937767028809e+00,-8.628287911415100098e-01,-1.999134272336959839e-01,-2.347821295261383057e-01,-1.057091355323791504e+00,6.326978802680969238e-01,5.224463939666748047e-01,1.690572500228881836e+00,-7.050173878669738770e-01,5.893385387025773525e-04,-6.654510507360100746e-04,1.090440869331359863e+00,-1.519939601421356201e-01,6.056258082389831543e-02,-4.510805010795593262e-01,-1.193178892135620117e-01,-1.377011835575103760e-01,5.649902820587158203e-01,-2.044985592365264893e-01,-7.812562584877014160e-02
-1.715456321835517883e-02,-2.247640937566757202e-01,5.919138193130493164e-01,8.751428872346878052e-02,-3.994848579168319702e-02,-7.496384382247924805e-01,6.548187136650085449e-01,2.374995052814483643e-01,4.041528999805450439e-01,1.107677578926086426e+00,-8.645843267440795898e-01,-2.411424368619918823e-01,-2.484482973814010620e-01,-1.194609761238098145e+00,7.414901256561279297e-01,6.176025271415710449e-01,1.587475061416625977e+00,-7.320418357849121094e-01,-1.747157424688339233e-02,1.055524591356515884e-02,1.098771095275878906e+00,-1.514079570770263672e-01,6.564175337553024292e-02,-4.847002029418945312e-01,-1.396678388118743896e-01,-1.395787149667739868e-01,6.120356917381286621e-01,-2.068842798471450806e-01,-7.607756555080413818e-02
-1.852560043334960938e-02,-2.246667593717575073e-01,5.919887423515319824e-01,9.837712347507476807e-02,-4.215806350111961365e-02,-7.512544989585876465e-01,6.512767076492309570e-01,2.484104335308074951e-01,3.915105164051055908e-01,1.109500050544738770e+00,-8.937709331512451172e-01,-2.494124472141265869e-01,-2.623373866081237793e-01,-1.235172867774963379e+00,8.260279893875122070e-01,6.334650516510009766e-01,1.511818051338195801e+00,-7.511845231056213379e-01,-3.216116130352020264e-02,9.432203136384487152e-03,1.100979804992675781e+00,-1.441777646541595459e-01,7.172659784555435181e-02,-5.023478865623474121e-01,-1.612064689397811890e-01,-1.342658996582031250e-01,6.290698051452636719e-01,-2.080550342798233032e-01,-7.484250515699386597e-02
-1.929141022264957428e-02,-2.245263159275054932e-01,5.919280648231506348e-01,1.038583666086196899e-01,-4.438517242670059204e-02,-7.560446858406066895e-01,6.447013616561889648e-01,2.511569261550903320e-01,3.807230293750762939e-01,1.091921448707580566e+00,-9.235460758209228516e-01,-2.164625823497772217e-01,-2.884165942668914795e-01,-1.247554302215576172e+00,8.914756774902343750e-01,6.563132405281066895e-01,1.439588546752929688e+00,-7.659784555435180664e-01,-4.034935683012008667e-02,2.608059346675872803e-02,1.100481867790222168e+00,-1.426634937524795532e-01,7.207188010215759277e-02,-5.142244100570678711e-01,-1.725850254297256470e-01,-1.271417886018753052e-01,6.366464495658874512e-01,-2.090850025415420532e-01,-7.286628335714340210e-02
-1.958942040801048279e-02,-2.247184514999389648e-01,5.927101373672485352e-01,1.070003584027290344e-01,-4.877367243170738220e-02,-7.551049590110778809e-01,6.449717283248901367e-01,2.543371319770812988e-01,3.651439845561981201e-01,1.067208528518676758e+00,-9.427034258842468262e-01,-1.957935243844985962e-01,-3.331993818283081055e-01,-1.243384361267089844e+00,9.494451284408569336e-01,6.663751006126403809e-01,1.386020183563232422e+00,-7.773239612579345703e-01,-4.237872734665870667e-02,5.362343788146972656e-02,1.093362212181091309e+00,-1.435123682022094727e-01,6.457973271608352661e-02,-5.151983499526977539e-01,-1.838569194078445435e-01,-1.283833235502243042e-01,6.306541562080383301e-01,-2.123121619224548340e-01,-6.995322555303573608e-02
-1.936788670718669891e-02,-2.248484641313552856e-01,5.948824882507324219e-01,1.118643358349800110e-01,-5.288112908601760864e-02,-7.512364983558654785e-01,6.483314633369445801e-01,2.462476193904876709e-01,3.544335663318634033e-01,1.038128972053527832e+00,-9.672788381576538086e-01,-1.550858765840530396e-01,-4.172784686088562012e-01,-1.221633672714233398e+00,9.995799660682678223e-01,6.791739463806152344e-01,1.317398071289062500e+00,-7.775875329971313477e-01,-4.548479244112968445e-02,6.426408141851425171e-02,1.086683750152587891e+00,-1.424271464347839355e-01,6.403513997793197632e-02,-5.027513504028320312e-01,-1.795808821916580200e-01,-1.233842521905899048e-01,5.968990325927734375e-01,-2.137084901332855225e-01,-7.087025791406631470e-02
-1.972289383411407471e-02,-2.247360646724700928e-01,5.966717600822448730e-01,1.089953929185867310e-01,-5.165709182620048523e-02,-7.532072067260742188e-01,6.466300487518310547e-01,2.395320385694503784e-01,3.466158211231231689e-01,9.954771995544433594e-01,-9.848849177360534668e-01,-5.992827937006950378e-02,-4.868848323822021484e-01,-1.193683981895446777e+00,1.030605912208557129e+00,6.933842301368713379e-01,1.242457151412963867e+00,-7.720472812652587891e-01,-4.214555770158767700e-02,7.794285565614700317e-02,1.072101593017578125e+00,-1.434137821197509766e-01,6.243166327476501465e-02,-4.810430705547332764e-01,-1.688262075185775757e-01,-1.126965954899787903e-01,5.576521754264831543e-01,-2.123435288667678833e-01,-7.515482604503631592e-02
-1.921741105616092682e-02,-2.248270511627197266e-01,5.988997220993041992e-01,1.083862110972404480e-01,-5.700379610061645508e-02,-7.487192153930664062e-01,6.514771580696105957e-01,2.258502393960952759e-01,3.470866084098815918e-01,9.481536746025085449e-01,-9.967375397682189941e-01,1.815427280962467194e-02,-5.855622887611389160e-01,-1.155036330223083496e+00,1.054858684539794922e+00,7.027968764305114746e-01,1.136699795722961426e+00,-7.566806674003601074e-01,-5.092331022024154663e-02,8.848613500595092773e-02,1.056398510932922363e+00,-1.408164799213409424e-01,6.394257396459579468e-02,-4.515752494335174561e-01,-1.583466827869415283e-01,-1.020170301198959351e-01,5.056809186935424805e-01,-2.104736268520355225e-01,-7.771656662225723267e-02
-1.928920857608318329e-02,-2.240702211856842041e-01,5.993650555610656738e-01,1.008859202265739441e-01,-5.623936280608177185e-02,-7.506202459335327148e-01,6.505600810050964355e-01,2.032415717840194702e-01,3.499594926834106445e-01,9.075623750686645508e-01,-1.002717494964599609e+00,1.083078384399414062e-01,-6.880127787590026855e-01,-1.131056308746337891e+00,1.071700811386108398e+00,7.468518614768981934e-01,1.053677201271057129e+00,-7.333838939666748047e-01,-5.121643468737602234e-02,1.000210940837860107e-01,1.041467189788818359e+00,-1.396293789148330688e-01,6.023973226547241211e-02,-4.308941662311553955e-01,-1.524685472249984741e-01,-1.052324548363685608e-01,4.800056517124176025e-01,-2.063638567924499512e-01,-7.802500575780868530e-02
-1.828497834503650665e-02,-2.232028841972351074e-01,5.997264981269836426e-01,9.836123138666152954e-02,-6.366438418626785278e-02,-7.425298094749450684e-01,6.594856977462768555e-01,1.939340531826019287e-01,3.809420466423034668e-01,8.352972865104675293e-01,-1.003274679183959961e+00,1.848739385604858398e-01,-7.693164348602294922e-01,-1.099050045013427734e+00,1.095454573631286621e+00,7.871284484863281250e-01,9.355872273445129395e-01,-7.053125500679016113e-01,-5.381637811660766602e-02,1.143105700612068176e-01,1.033076643943786621e+00,-1.371264010667800903e-01,5.786019563674926758e-02,-4.084656834602355957e-01,-1.525066494941711426e-01,-1.177388876676559448e-01,4.745542407035827637e-01,-2.033016830682754517e-01,-7.491885870695114136e-02
-1.778255589306354523e-02,-2.225427627563476562e-01,5.993227362632751465e-01,9.161107987165451050e-02,-6.850721687078475952e-02,-7.388070225715637207e-01,6.641372442245483398e-01,1.663736850023269653e-01,3.832100331783294678e-01,7.880214452743530273e-01,-1.006059169769287109e+00,2.533422410488128662e-01,-8.549672961235046387e-01,-1.069524288177490234e+00,1.095329165458679199e+00,8.525316715240478516e-01,8.357143402099609375e-01,-6.815840005874633789e-01,-5.934386327862739563e-02,1.210834756493568420e-01,1.026968717575073242e+00,-1.359367370605468750e-01,5.582473799586296082e-02,-3.911660015583038330e-01,-1.505868136882781982e-01,-1.337426304817199707e-01,4.770835638046264648e-01,-2.011493891477584839e-01,-7.203401625156402588e-02
-1.671929284930229187e-02,-2.217607647180557251e-01,5.979049205780029297e-01,7.667961716651916504e-02,-7.754439860582351685e-02,-7.312709093093872070e-01,6.733126640319824219e-01,1.411532759666442871e-01,4.104221761226654053e-01,6.867116689682006836e-01,-1.008499145507812500e+00,3.077339231967926025e-01,-8.966023325920104980e-01,-1.043896317481994629e+00,1.089231252670288086e+00,9.590913653373718262e-01,6.904140114784240723e-01,-6.514678597450256348e-01,-6.424637138843536377e-02,1.207925677299499512e-01,1.019348859786987305e+00,-1.345667243003845215e-01,5.973554402589797974e-02,-3.720825016498565674e-01,-1.513570547103881836e-01,-1.531365066766738892e-01,4.911053180694580078e-01,-1.992845386266708374e-01,-6.514900177717208862e-02
-1.547828037291765213e-02,-2.213173657655715942e-01,5.951279997825622559e-01,6.395608186721801758e-02,-9.020280092954635620e-02,-7.230341434478759766e-01,6.819052100181579590e-01,1.184985190629959106e-01,4.312262535095214844e-01,5.964527130126953125e-01,-1.039115071296691895e+00,3.480615317821502686e-01,-9.047225117683410645e-01,-9.690100550651550293e-01,1.139274239540100098e+00,9.564203023910522461e-01,5.345048904418945312e-01,-6.318255662918090820e-01,-6.511962413787841797e-02,1.354150325059890747e-01,1.027758836746215820e+00,-1.332391053438186646e-01,5.673344433307647705e-02,-3.764817714691162109e-01,-1.665898412466049194e-01,-1.614436209201812744e-01,5.443947911262512207e-01,-1.974135041236877441e-01,-5.971579626202583313e-02
-1.383253093808889389e-02,-2.205091267824172974e-01,5.926081538200378418e-01,5.107607692480087280e-02,-9.563454240560531616e-02,-7.094823122024536133e-01,6.963333487510681152e-01,7.698833197355270386e-02,4.417925775051116943e-01,4.994627535343170166e-01,-1.040632009506225586e+00,3.697478473186492920e-01,-9.373787641525268555e-01,-8.857384920120239258e-01,1.148551940917968750e+00,1.043739199638366699e+00,3.888406157493591309e-01,-6.103082299232482910e-01,-3.771507367491722107e-02,1.548702716827392578e-01,1.036840796470642090e+00,-1.353258490562438965e-01,4.530887678265571594e-02,-3.719983100891113281e-01,-1.723163723945617676e-01,-1.898331195116043091e-01,5.846810340881347656e-01,-1.963761299848556519e-01,-5.160346999764442444e-02
-1.208801660686731339e-02,-2.190570682287216187e-01,5.903049111366271973e-01,4.240620508790016174e-02,-9.757420420646667480e-02,-6.986163258552551270e-01,7.075423598289489746e-01,5.834785103797912598e-02,4.127503037452697754e-01,4.063848853111267090e-01,-1.028872847557067871e+00,3.864591121673583984e-01,-1.019010543823242188e+00,-7.827019095420837402e-01,1.143690228462219238e+00,1.162392973899841309e+00,3.428296446800231934e-01,-5.860963463783264160e-01,-8.387750014662742615e-03,1.596955955028533936e-01,1.054449081420898438e+00,-1.362858265638351440e-01,3.904629126191139221e-02,-3.687242269515991211e-01,-1.853436231613159180e-01,-2.184372991323471069e-01,6.310021281242370605e-01,-1.941870599985122681e-01,-4.371634498238563538e-02
-9.574109688401222229e-03,-2.180681675672531128e-01,5.885127782821655273e-01,3.387380391359329224e-02,-9.153137356042861938e-02,-6.798099875450134277e-01,7.268651723861694336e-01,5.076104030013084412e-02,3.586142063140869141e-01,3.262471854686737061e-01,-9.589869379997253418e-01,4.085710942745208740e-01,-1.187903761863708496e+00,-6.703415513038635254e-01,1.153126955032348633e+00,1.155953884124755859e+00,2.815931737422943115e-01,-5.700500011444091797e-01,3.882659226655960083e-02,1.615310460329055786e-01,1.057695627212524414e+00,-1.405664980411529541e-01,2.580498345196247101e-02,-3.658446073532104492e-01,-1.848080605268478394e-01,-2.370941936969757080e-01,6.616015434265136719e-01,-1.899135559797286987e-01,-3.702303767204284668e-02
-6.871225312352180481e-03,-2.160336673259735107e-01,5.881735682487487793e-01,3.433572500944137573e-02,-8.776708692312240601e-02,-6.649158000946044922e-01,7.409486770629882812e-01,8.191386610269546509e-02,2.972261011600494385e-01,2.466758787631988525e-01,-8.921617269515991211e-01,3.822121918201446533e-01,-1.374512314796447754e+00,-5.512378215789794922e-01,1.155466198921203613e+00,1.123813867568969727e+00,2.342041134834289551e-01,-5.458377003669738770e-01,8.150345087051391602e-02,1.479003876447677612e-01,1.048405051231384277e+00,-1.425782293081283569e-01,1.997921429574489594e-02,-3.586986064910888672e-01,-1.823311746120452881e-01,-2.504521310329437256e-01,6.819428801536560059e-01,-1.835383027791976929e-01,-3.305145353078842163e-02
-4.400957841426134109e-03,-2.144389301538467407e-01,5.896616578102111816e-01,2.528676018118858337e-02,-8.096255362033843994e-02,-6.481781005859375000e-01,7.567501664161682129e-01,5.136626586318016052e-02,2.279478013515472412e-01,1.370292901992797852e-01,-8.133704662322998047e-01,3.436897695064544678e-01,-1.543030619621276855e+00,-3.953020274639129639e-01,1.137696266174316406e+00,1.052487730979919434e+00,2.386351525783538818e-01,-5.266132354736328125e-01,1.509208232164382935e-01,1.433122009038925171e-01,1.033154368400573730e+00,-1.485453248023986816e-01,1.002567447721958160e-02,-3.293600380420684814e-01,-1.650454699993133545e-01,-2.634753882884979248e-01,6.581452488899230957e-01,-1.768459677696228027e-01,-3.159495443105697632e-02
-1.215527183376252651e-03,-2.123924046754837036e-01,5.910772085189819336e-01,1.803520694375038147e-02,-8.303515613079071045e-02,-6.387383937835693359e-01,7.647176980972290039e-01,3.402071818709373474e-02,1.904005557298660278e-01,-6.319426745176315308e-02,-7.806114554405212402e-01,3.545477688312530518e-01,-1.658049941062927246e+00,-2.330040335655212402e-01,1.104539275169372559e+00,1.027499914169311523e+00,2.560994923114776611e-01,-4.818151891231536865e-01,1.957441270351409912e-01,1.463053673505783081e-01,9.795483350753784180e-01,-1.531423628330230713e-01,1.412599068135023117e-02,-2.990877628326416016e-01,-1.560737937688827515e-01,-2.576631307601928711e-01,6.401372551918029785e-01,-1.672035753726959229e-01,-2.808555215597152710e-02
1.309644663706421852e-03,-2.110971063375473022e-01,5.930051803588867188e-01,9.388579055666923523e-03,-8.255523443222045898e-02,-6.290408372879028320e-01,7.729192376136779785e-01,1.478634029626846313e-02,1.601182371377944946e-01,-3.014748990535736084e-01,-7.773578763008117676e-01,3.970565199851989746e-01,-1.712320208549499512e+00,-8.103206008672714233e-02,1.083717346191406250e+00,1.000464200973510742e+00,2.979959845542907715e-01,-4.419774711132049561e-01,2.386752665042877197e-01,1.347656548023223877e-01,9.078131318092346191e-01,-1.601185947656631470e-01,1.490323897451162338e-02,-2.643697559833526611e-01,-1.322643756866455078e-01,-2.423417419195175171e-01,6.168258190155029297e-01,-1.589455008506774902e-01,-3.390000015497207642e-02
3.287756582722067833e-03,-2.097301036119461060e-01,5.948205590248107910e-01,-2.397453179582953453e-03,-8.198396116495132446e-02,-6.300762295722961426e-01,7.721896171569824219e-01,-1.071041915565729141e-02,1.326491683721542358e-01,-5.645200014114379883e-01,-7.856597900390625000e-01,3.998040258884429932e-01,-1.757295012474060059e+00,7.468861341476440430e-02,1.066612124443054199e+00,9.778540730476379395e-01,3.569299578666687012e-01,-4.078596532344818115e-01,2.859007716178894043e-01,1.132874637842178345e-01,8.504291176795959473e-01,-1.674102097749710083e-01,1.839392259716987610e-02,-2.358134686946868896e-01,-1.039293482899665833e-01,-2.285882234573364258e-01,5.839813351631164551e-01,-1.492056399583816528e-01,-3.746669366955757141e-02
4.562988877296447754e-03,-2.093653082847595215e-01,5.968326926231384277e-01,-1.249832659959793091e-02,-7.796484231948852539e-02,-6.289236545562744141e-01,7.734470367431640625e-01,-5.218151211738586426e-02,1.037763059139251709e-01,-8.098214268684387207e-01,-8.368226885795593262e-01,4.373540878295898438e-01,-1.801460742950439453e+00,2.418099492788314819e-01,1.054013013839721680e+00,8.936188220977783203e-01,4.227487742900848389e-01,-3.630456328392028809e-01,3.093259930610656738e-01,8.662315458059310913e-02,7.306960225105285645e-01,-1.720086634159088135e-01,2.793876267969608307e-02,-2.116748392581939697e-01,-7.464243471622467041e-02,-2.042258679866790771e-01,5.560132861137390137e-01,-1.376793235540390015e-01,-4.556008800864219666e-02
4.288514144718647003e-03,-2.088124305009841919e-01,5.990808010101318359e-01,-2.072844281792640686e-02,-7.202520221471786499e-02,-6.237560510635375977e-01,7.780174016952514648e-01,-8.155760914087295532e-02,8.881147950887680054e-02,-9.666034579277038574e-01,-8.903002738952636719e-01,4.638823568820953369e-01,-1.826904535293579102e+00,3.808169662952423096e-01,1.027137279510498047e+00,8.368265628814697266e-01,5.327507257461547852e-01,-3.271321654319763184e-01,3.340026736259460449e-01,4.384426400065422058e-02,6.205860376358032227e-01,-1.712226122617721558e-01,3.682753443717956543e-02,-1.872575283050537109e-01,-5.813237279653549194e-02,-2.170611023902893066e-01,5.167546868324279785e-01,-1.316155493259429932e-01,-4.473776742815971375e-02
4.033606033772230148e-03,-2.092770636081695557e-01,6.000954508781433105e-01,-2.300195768475532532e-02,-6.433609873056411743e-02,-6.180019974708557129e-01,7.832019329071044922e-01,-1.190171316266059875e-01,6.706954538822174072e-02,-1.086164116859436035e+00,-9.097646474838256836e-01,4.218061268329620361e-01,-1.855391740798950195e+00,4.996985793113708496e-01,1.007070302963256836e+00,8.086468577384948730e-01,5.958816409111022949e-01,-2.919115126132965088e-01,3.431750237941741943e-01,3.625781508162617683e-03,5.282143354415893555e-01,-1.746280342340469360e-01,4.643064737319946289e-02,-1.847222745418548584e-01,-4.743120446801185608e-02,-2.099934816360473633e-01,4.990602731704711914e-01,-1.234338507056236267e-01,-4.826359450817108154e-02
4.229866899549961090e-03,-2.102952450513839722e-01,6.009330153465270996e-01,-2.305164933204650879e-02,-5.495122075080871582e-02,-5.965001583099365234e-01,8.003977537155151367e-01,-1.455114185810089111e-01,5.767716467380523682e-02,-1.168554544448852539e+00,-9.705227613449096680e-01,3.896876871585845947e-01,-1.897752523422241211e+00,5.975881218910217285e-01,1.023525834083557129e+00,7.760676741600036621e-01,6.192315816879272461e-01,-2.667184770107269287e-01,3.535718321800231934e-01,-1.524064969271421432e-02,4.581258594989776611e-01,-1.756404042243957520e-01,5.094642937183380127e-02,-1.857847124338150024e-01,-2.937385998666286469e-02,-1.827785670757293701e-01,4.844294786453247070e-01,-1.166809126734733582e-01,-5.579973757266998291e-02
4.481329582631587982e-03,-2.108864486217498779e-01,6.009205579757690430e-01,-2.169719524681568146e-02,-4.717646539211273193e-02,-5.767676830291748047e-01,8.152562379837036133e-01,-1.691303253173828125e-01,5.943535640835762024e-02,-1.217847585678100586e+00,-1.029027819633483887e+00,3.656611442565917969e-01,-1.921820878982543945e+00,6.679775118827819824e-01,1.012808442115783691e+00,7.228832840919494629e-01,6.574087738990783691e-01,-2.593887150287628174e-01,3.619866669178009033e-01,-1.975410990417003632e-02,4.174017608165740967e-01,-1.725465357303619385e-01,4.969467595219612122e-02,-1.902722120285034180e-01,-2.789404615759849548e-02,-1.617969423532485962e-01,4.874048531055450439e-01,-1.112809032201766968e-01,-6.364116072654724121e-02
5.279270932078361511e-03,-2.107030004262924194e-01,5.998317003250122070e-01,-2.030204609036445618e-02,-4.071946069598197937e-02,-5.553683638572692871e-01,8.303588032722473145e-01,-1.943098455667495728e-01,6.512363255023956299e-02,-1.221255183219909668e+00,-1.107718348503112793e+00,3.622759878635406494e-01,-1.944022297859191895e+00,7.059491276741027832e-01,1.004836440086364746e+00,6.939856410026550293e-01,6.756864190101623535e-01,-2.761614322662353516e-01,3.750427961349487305e-01,-3.553956281393766403e-03,4.294431209564208984e-01,-1.674994379281997681e-01,4.241444915533065796e-02,-2.014129310846328735e-01,-3.798308223485946655e-02,-1.516573578119277954e-01,5.015798211097717285e-01,-1.090214326977729797e-01,-6.675925105810165405e-02
5.475305486470460892e-03,-2.098941951990127563e-01,5.986145138740539551e-01,-2.118286304175853729e-02,-3.508967533707618713e-02,-5.472103357315063477e-01,8.359909057617187500e-01,-1.921166777610778809e-01,6.332389265298843384e-02,-1.205087900161743164e+00,-1.165173411369323730e+00,3.644411265850067139e-01,-1.947436332702636719e+00,6.962507963180541992e-01,1.001873612403869629e+00,6.740314364433288574e-01,6.561992168426513672e-01,-2.951305806636810303e-01,3.823110461235046387e-01,7.712719030678272247e-03,4.639090895652770996e-01,-1.631165593862533569e-01,3.340708836913108826e-02,-2.001263797283172607e-01,-5.120385438203811646e-02,-1.599873900413513184e-01,5.015780925750732422e-01,-1.085937246680259705e-01,-6.491832435131072998e-02
5.053952801972627640e-03,-2.097233831882476807e-01,5.970476269721984863e-01,-2.347083203494548798e-02,-2.835861220955848694e-02,-5.483379364013671875e-01,8.354462385177612305e-01,-1.849996000528335571e-01,5.282298475503921509e-02,-1.162226796150207520e+00,-1.206472754478454590e+00,3.768541216850280762e-01,-1.951800584793090820e+00,6.560778617858886719e-01,9.908648729324340820e-01,6.455714702606201172e-01,6.440994143486022949e-01,-3.068223595619201660e-01,3.808724880218505859e-01,6.959914229810237885e-03,4.802664518356323242e-01,-1.640424281358718872e-01,2.896755188703536987e-02,-2.047295123338699341e-01,-6.621573865413665771e-02,-1.785107105970382690e-01,5.033736228942871094e-01,-1.126501187682151794e-01,-6.064526736736297607e-02
4.366936627775430679e-03,-2.096268981695175171e-01,5.952106118202209473e-01,-2.886810153722763062e-02,-2.722639590501785278e-02,-5.555347204208374023e-01,8.305459022521972656e-01,-1.543366760015487671e-01,5.391097068786621094e-02,-1.121332406997680664e+00,-1.222837686538696289e+00,4.095009565353393555e-01,-1.931212663650512695e+00,5.860108137130737305e-01,9.724879264831542969e-01,6.153305172920227051e-01,6.337484121322631836e-01,-2.972914576530456543e-01,3.605683445930480957e-01,-1.861321553587913513e-02,4.825727939605712891e-01,-1.635103970766067505e-01,3.801463916897773743e-02,-2.045238167047500610e-01,-8.052682131528854370e-02,-1.838081330060958862e-01,5.021136403083801270e-01,-1.161814928054809570e-01,-5.801016464829444885e-02
3.788195317611098289e-03,-2.092411369085311890e-01,5.933799743652343750e-01,-3.564421460032463074e-02,-2.804174274206161499e-02,-5.661380887031555176e-01,8.230618834495544434e-01,-1.440257132053375244e-01,5.054838210344314575e-02,-1.093620061874389648e+00,-1.180536866188049316e+00,4.498943388462066650e-01,-1.896716594696044922e+00,5.030891299247741699e-01,9.442216157913208008e-01,6.113603115081787109e-01,6.658923625946044922e-01,-2.778629064559936523e-01,3.304573297500610352e-01,-2.801402844488620758e-02,4.867893755435943604e-01,-1.614079177379608154e-01,4.338590800762176514e-02,-2.017316967248916626e-01,-8.800928294658660889e-02,-1.893633306026458740e-01,5.030263662338256836e-01,-1.195810586214065552e-01,-5.683306977152824402e-02
2.742931246757507324e-03,-2.086584568023681641e-01,5.906992554664611816e-01,-4.254600033164024353e-02,-3.072941489517688751e-02,-5.847523808479309082e-01,8.095123171806335449e-01,-8.523812144994735718e-02,5.237087234854698181e-02,-1.062944293022155762e+00,-1.128056883811950684e+00,4.832806587219238281e-01,-1.826554298400878906e+00,4.230125546455383301e-01,9.224448800086975098e-01,5.591579079627990723e-01,7.054302692413330078e-01,-2.481571584939956665e-01,3.024902641773223877e-01,-1.109865494072437286e-02,4.677395522594451904e-01,-1.623345613479614258e-01,4.789744690060615540e-02,-2.075231671333312988e-01,-1.047078147530555725e-01,-1.902890056371688843e-01,5.166020393371582031e-01,-1.205966100096702576e-01,-5.345298349857330322e-02
1.693303580395877361e-03,-2.080820947885513306e-01,5.879830718040466309e-01,-4.965431615710258484e-02,-3.679719939827919006e-02,-6.072859764099121094e-01,7.920758128166198730e-01,-1.440259814262390137e-02,6.717105954885482788e-02,-1.014601349830627441e+00,-1.048046469688415527e+00,5.208398699760437012e-01,-1.743189334869384766e+00,3.303516805171966553e-01,9.221853017807006836e-01,5.333538055419921875e-01,8.204165697097778320e-01,-1.985103785991668701e-01,2.712399959564208984e-01,2.046374790370464325e-02,4.468337893486022949e-01,-1.639863550662994385e-01,5.188994109630584717e-02,-2.212376147508621216e-01,-1.124862134456634521e-01,-1.870982050895690918e-01,5.527589321136474609e-01,-1.232602074742317200e-01,-5.453209206461906433e-02
-4.905477544525638223e-05,-2.073522657155990601e-01,5.851855278015136719e-01,-5.400522053241729736e-02,-3.880305588245391846e-02,-6.333917975425720215e-01,7.709685564041137695e-01,2.969178929924964905e-02,9.023037552833557129e-02,-9.590612053871154785e-01,-9.439672827720642090e-01,5.748060345649719238e-01,-1.646579384803771973e+00,2.219911515712738037e-01,9.410524368286132812e-01,5.431688427925109863e-01,9.175927042961120605e-01,-1.655156612396240234e-01,2.381404340267181396e-01,3.959241881966590881e-02,4.238962829113006592e-01,-1.637311577796936035e-01,5.131334438920021057e-02,-2.393899410963058472e-01,-1.148660108447074890e-01,-1.773858070373535156e-01,5.978586673736572266e-01,-1.213356554508209229e-01,-6.286205351352691650e-02
-1.125154783949255943e-03,-2.068309187889099121e-01,5.850126743316650391e-01,-5.649791657924652100e-02,-4.451995715498924255e-02,-6.523134112358093262e-01,7.545284628868103027e-01,1.119429469108581543e-01,1.116399094462394714e-01,-8.269073963165283203e-01,-8.237827420234680176e-01,6.305285692214965820e-01,-1.530227541923522949e+00,1.788449138402938843e-01,9.673576951026916504e-01,4.890284836292266846e-01,1.119998812675476074e+00,-1.400729864835739136e-01,1.962215304374694824e-01,6.072286143898963928e-02,4.161293208599090576e-01,-1.630591601133346558e-01,5.205921083688735962e-02,-2.668884098529815674e-01,-1.187230572104454041e-01,-1.692999303340911865e-01,6.584894657135009766e-01,-1.192153766751289368e-01,-6.909595429897308350e-02
-2.727950923144817352e-03,-2.068375498056411743e-01,5.863175988197326660e-01,-5.433380603790283203e-02,-5.144268646836280823e-02,-6.794122457504272461e-01,7.299318313598632812e-01,2.089121937751770020e-01,1.401572376489639282e-01,-6.350277066230773926e-01,-7.056183815002441406e-01,6.798706650733947754e-01,-1.405045390129089355e+00,1.119302511215209961e-01,1.017481327056884766e+00,4.511578381061553955e-01,1.340216279029846191e+00,-1.162776201963424683e-01,1.446718275547027588e-01,7.138747721910476685e-02,4.024039506912231445e-01,-1.621584445238113403e-01,4.952540993690490723e-02,-2.868646681308746338e-01,-1.230719685554504395e-01,-1.569198817014694214e-01,7.142395973205566406e-01,-1.221472993493080139e-01,-7.978254556655883789e-02
-2.661658916622400284e-03,-2.071790695190429688e-01,5.835442543029785156e-01,-5.034869536757469177e-02,-6.956252455711364746e-02,-6.871050596237182617e-01,7.214657068252563477e-01,2.839530408382415771e-01,2.011837065219879150e-01,-4.548915624618530273e-01,-6.511101126670837402e-01,7.339068651199340820e-01,-1.256161212921142578e+00,3.620797023177146912e-02,1.085534811019897461e+00,4.616253077983856201e-01,1.572879552841186523e+00,-9.698722511529922485e-02,1.087660342454910278e-01,1.036408990621566772e-01,4.066313803195953369e-01,-1.646741330623626709e-01,4.328364133834838867e-02,-3.155717253684997559e-01,-1.230503916740417480e-01,-1.436703652143478394e-01,7.932319641113281250e-01,-1.242894008755683899e-01,-9.099745750427246094e-02
-2.142406534403562546e-03,-2.076170593500137329e-01,5.801032781600952148e-01,-4.790645465254783630e-02,-8.499711006879806519e-02,-6.985915303230285645e-01,7.088373303413391113e-01,3.810313344001770020e-01,2.554509043693542480e-01,-3.357575237751007080e-01,-7.253157496452331543e-01,8.049862384796142578e-01,-9.894881844520568848e-01,-1.337301433086395264e-01,1.146112680435180664e+00,5.030921697616577148e-01,1.734897732734680176e+00,-9.693741053342819214e-02,7.349300384521484375e-02,1.393366158008575439e-01,4.550426304340362549e-01,-1.671223193407058716e-01,3.923620283603668213e-02,-3.379815518856048584e-01,-1.324520409107208252e-01,-1.285401582717895508e-01,8.722916841506958008e-01,-1.292222738265991211e-01,-9.405726939439773560e-02
-2.839475171640515327e-03,-2.084321230649948120e-01,5.756525397300720215e-01,-4.048261791467666626e-02,-9.667901694774627686e-02,-7.260144352912902832e-01,6.796450018882751465e-01,4.362114071846008301e-01,2.943623960018157959e-01,-1.512050330638885498e-01,-8.529238104820251465e-01,8.209544420242309570e-01,-7.013850808143615723e-01,-3.075008690357208252e-01,1.221104860305786133e+00,5.653911232948303223e-01,1.857242703437805176e+00,-1.142740100622177124e-01,3.614618256688117981e-02,1.466917693614959717e-01,4.978815615177154541e-01,-1.669151037931442261e-01,4.057987779378890991e-02,-3.601224422454833984e-01,-1.392071992158889771e-01,-1.197510808706283569e-01,9.263693690299987793e-01,-1.362755298614501953e-01,-9.740718454122543335e-02
-3.428180003538727760e-03,-2.100275903940200806e-01,5.734118819236755371e-01,-3.777022659778594971e-02,-1.033373773097991943e-01,-7.459079623222351074e-01,6.568988561630249023e-01,4.869101345539093018e-01,3.192068040370941162e-01,1.470334921032190323e-02,-9.651569128036499023e-01,7.467605471611022949e-01,-4.767842292785644531e-01,-4.644104838371276855e-01,1.318612217903137207e+00,5.915116667747497559e-01,1.964316129684448242e+00,-1.280339658260345459e-01,-5.002395715564489365e-03,1.611027270555496216e-01,5.336398482322692871e-01,-1.678500473499298096e-01,4.352740570902824402e-02,-4.066390693187713623e-01,-1.522370129823684692e-01,-1.096702888607978821e-01,9.943029880523681641e-01,-1.439297497272491455e-01,-1.009794846177101135e-01
-3.730218391865491867e-03,-2.112123966217041016e-01,5.711173415184020996e-01,-3.098560124635696411e-02,-1.081493869423866272e-01,-7.535806894302368164e-01,6.476570963859558105e-01,4.795082807540893555e-01,3.293572366237640381e-01,1.111074239015579224e-01,-1.034555792808532715e+00,6.788283586502075195e-01,-3.663161993026733398e-01,-5.657730698585510254e-01,1.411337614059448242e+00,5.991880297660827637e-01,2.050148725509643555e+00,-1.455961465835571289e-01,-3.189754486083984375e-02,1.672895401716232300e-01,5.604436397552490234e-01,-1.661043018102645874e-01,4.791582003235816956e-02,-4.424774646759033203e-01,-1.598487645387649536e-01,-9.403887391090393066e-02,1.035718679428100586e+00,-1.475820690393447876e-01,-1.053149178624153137e-01
-4.056883044540882111e-03,-2.118309587240219116e-01,5.695397853851318359e-01,-2.282187715172767639e-02,-1.086746454238891602e-01,-7.608672976493835449e-01,6.393355131149291992e-01,4.809854030609130859e-01,3.143435716629028320e-01,1.592217683792114258e-01,-1.097377181053161621e+00,6.025790572166442871e-01,-2.851231992244720459e-01,-6.288860440254211426e-01,1.471129536628723145e+00,6.038423776626586914e-01,2.076907873153686523e+00,-1.605821251869201660e-01,-5.283004790544509888e-02,1.769807785749435425e-01,5.795478820800781250e-01,-1.662920713424682617e-01,5.004902556538581848e-02,-4.703001677989959717e-01,-1.762458235025405884e-01,-8.659777045249938965e-02,1.072800397872924805e+00,-1.524708718061447144e-01,-1.046233549714088440e-01
-3.527309745550155640e-03,-2.126788347959518433e-01,5.697981715202331543e-01,-1.247284840792417526e-02,-1.098444238305091858e-01,-7.576981186866760254e-01,6.431735157966613770e-01,4.580878913402557373e-01,2.777803540229797363e-01,2.000385969877243042e-01,-1.120206117630004883e+00,5.635120868682861328e-01,-2.741301655769348145e-01,-6.639257669448852539e-01,1.484894394874572754e+00,5.827387571334838867e-01,2.097140073776245117e+00,-1.701111346483230591e-01,-6.735564023256301880e-02,1.936729848384857178e-01,5.654906630516052246e-01,-1.674650311470031738e-01,5.128056183457374573e-02,-5.161697268486022949e-01,-1.989592611789703369e-01,-7.672145962715148926e-02,1.100806593894958496e+00,-1.554517596960067749e-01,-9.661918133497238159e-02
-3.283895319327712059e-03,-2.125108987092971802e-01,5.692078471183776855e-01,-6.511791143566370010e-03,-1.082006320357322693e-01,-7.591504454612731934e-01,6.418261528015136719e-01,4.597641229629516602e-01,2.734909653663635254e-01,1.978039145469665527e-01,-1.120889067649841309e+00,5.606095790863037109e-01,-2.736894786357879639e-01,-6.676737070083618164e-01,1.486507773399353027e+00,5.845105648040771484e-01,2.097213983535766602e+00,-1.737135499715805054e-01,-6.722710281610488892e-02,1.959962695837020874e-01,5.657974481582641602e-01,-1.676520556211471558e-01,5.139845982193946838e-02,-5.228086709976196289e-01,-1.982749700546264648e-01,-7.396879047155380249e-02,1.103851675987243652e+00,-1.556200236082077026e-01,-9.650708734989166260e-02
-2.952671144157648087e-03,-2.123660594224929810e-01,5.713573098182678223e-01,9.527981746941804886e-04,-1.017470434308052063e-01,-7.609914541244506836e-01,6.407329440116882324e-01,4.333474636077880859e-01,2.484512478113174438e-01,2.032102346420288086e-01,-1.101184844970703125e+00,5.540529489517211914e-01,-3.784873783588409424e-01,-6.392828822135925293e-01,1.448130369186401367e+00,5.305871963500976562e-01,2.071573734283447266e+00,-1.720555573701858521e-01,-6.366565823554992676e-02,1.999965310096740723e-01,5.379152894020080566e-01,-1.691762506961822510e-01,5.288972705602645874e-02,-5.459944009780883789e-01,-2.105467617511749268e-01,-6.730668246746063232e-02,1.097854852676391602e+00,-1.548022627830505371e-01,-8.686874806880950928e-02
-2.377069089561700821e-03,-2.121476083993911743e-01,5.739564895629882812e-01,5.683558061718940735e-03,-9.561692923307418823e-02,-7.579502463340759277e-01,6.452414393424987793e-01,4.062200784683227539e-01,2.037762552499771118e-01,1.966187804937362671e-01,-1.065259695053100586e+00,5.685810446739196777e-01,-5.039647221565246582e-01,-5.834947824478149414e-01,1.378074169158935547e+00,4.783096313476562500e-01,2.017218112945556641e+00,-1.603076010942459106e-01,-5.530825257301330566e-02,1.825060397386550903e-01,4.969601929187774658e-01,-1.695249825716018677e-01,5.994547158479690552e-02,-5.462517738342285156e-01,-2.114954590797424316e-01,-5.915278196334838867e-02,1.069063663482666016e+00,-1.512719988822937012e-01,-8.018244057893753052e-02
-1.235836069099605083e-03,-2.117536962032318115e-01,5.766236782073974609e-01,1.406938675791025162e-02,-8.585296571254730225e-02,-7.412510514259338379e-01,6.655660867691040039e-01,3.706510961055755615e-01,1.564963907003402710e-01,1.823892742395401001e-01,-9.612439870834350586e-01,5.508683919906616211e-01,-8.111835122108459473e-01,-4.834466576576232910e-01,1.254616022109985352e+00,3.878581523895263672e-01,1.897787570953369141e+00,-1.582176834344863892e-01,-4.682119190692901611e-02,1.474595665931701660e-01,4.523064494132995605e-01,-1.672469079494476318e-01,7.032818347215652466e-02,-5.489620566368103027e-01,-2.148361057043075562e-01,-4.912417009472846985e-02,1.045185089111328125e+00,-1.482445895671844482e-01,-7.440063357353210449e-02
-1.263578305952250957e-03,-2.111022472381591797e-01,5.780367255210876465e-01,1.721840910613536835e-02,-7.863698899745941162e-02,-7.318246364593505859e-01,6.767218708992004395e-01,3.274923861026763916e-01,1.321970224380493164e-01,1.274862140417098999e-01,-8.757541179656982422e-01,5.647800564765930176e-01,-1.045300722122192383e+00,-3.548194766044616699e-01,1.152157306671142578e+00,3.428173661231994629e-01,1.770052075386047363e+00,-1.645966768264770508e-01,-2.486374415457248688e-02,1.266451776027679443e-01,4.163031578063964844e-01,-1.649350523948669434e-01,7.333519309759140015e-02,-5.183560252189636230e-01,-2.181422859430313110e-01,-5.184096843004226685e-02,9.912217855453491211e-01,-1.448554545640945435e-01,-7.129324972629547119e-02
-1.989711308851838112e-03,-2.100602090358734131e-01,5.794269442558288574e-01,1.210519485175609589e-02,-7.236157357692718506e-02,-7.244598269462585449e-01,6.854014992713928223e-01,2.737621068954467773e-01,1.157256886363029480e-01,1.399849820882081985e-02,-7.822571992874145508e-01,5.653175711631774902e-01,-1.311441183090209961e+00,-2.356315106153488159e-01,1.042399048805236816e+00,3.422667384147644043e-01,1.571955323219299316e+00,-1.677900999784469604e-01,5.180803593248128891e-03,1.028375476598739624e-01,4.009291231632232666e-01,-1.617942303419113159e-01,7.548694312572479248e-02,-4.711641669273376465e-01,-2.260604053735733032e-01,-5.644449591636657715e-02,9.176917076110839844e-01,-1.435000449419021606e-01,-6.813694536685943604e-02
-1.622490701265633106e-03,-2.098759412765502930e-01,5.800744295120239258e-01,7.568405009806156158e-03,-6.636556237936019897e-02,-6.969075202941894531e-01,7.140435576438903809e-01,2.148673236370086670e-01,1.011328622698783875e-01,-1.118429750204086304e-01,-7.613422274589538574e-01,5.687670111656188965e-01,-1.540854215621948242e+00,-9.677813202142715454e-02,9.764930605888366699e-01,3.009749650955200195e-01,1.390750765800476074e+00,-1.823001205921173096e-01,3.963310644030570984e-02,9.825607389211654663e-02,3.980039060115814209e-01,-1.612077206373214722e-01,7.462920248508453369e-02,-4.127859771251678467e-01,-2.246145009994506836e-01,-5.478500574827194214e-02,8.320328593254089355e-01,-1.418456733226776123e-01,-6.733029335737228394e-02
-1.877916743978857994e-03,-2.097269445657730103e-01,5.799984335899353027e-01,-1.911017461679875851e-03,-6.152659654617309570e-02,-6.763916015625000000e-01,7.339653968811035156e-01,1.702775061130523682e-01,9.049250185489654541e-02,-3.187268972396850586e-01,-8.069197535514831543e-01,6.347014307975769043e-01,-1.665787458419799805e+00,3.944252058863639832e-02,9.181248545646667480e-01,3.246289193630218506e-01,1.220507979393005371e+00,-2.170257121324539185e-01,6.807850301265716553e-02,7.592225074768066406e-02,4.170169532299041748e-01,-1.581902354955673218e-01,7.758148014545440674e-02,-3.410427570343017578e-01,-2.282013446092605591e-01,-6.155320256948471069e-02,7.506217360496520996e-01,-1.435223817825317383e-01,-6.729313731193542480e-02
-2.481909934431314468e-03,-2.091086506843566895e-01,5.830653309822082520e-01,-1.205067522823810577e-02,-6.085191667079925537e-02,-6.519454121589660645e-01,7.557241320610046387e-01,1.069058999419212341e-01,1.005534902215003967e-01,-5.171929001808166504e-01,-9.111825227737426758e-01,6.556524634361267090e-01,-1.754539132118225098e+00,-1.695412094704806805e-03,8.707031607627868652e-01,5.638582110404968262e-01,8.658753633499145508e-01,-2.550562620162963867e-01,9.001440554857254028e-02,3.306225314736366272e-02,4.507714509963989258e-01,-1.494753360748291016e-01,7.698371261358261108e-02,-2.636369764804840088e-01,-2.348532825708389282e-01,-9.055953472852706909e-02,6.710090041160583496e-01,-1.485158056020736694e-01,-6.450565904378890991e-02
-2.542112953960895538e-03,-2.089600265026092529e-01,5.855805873870849609e-01,-1.170954294502735138e-02,-5.810834839940071106e-02,-6.223507523536682129e-01,7.804907560348510742e-01,7.038184255361557007e-02,8.515149354934692383e-02,-6.598911285400390625e-01,-1.001146197319030762e+00,6.609029769897460938e-01,-1.822266578674316406e+00,1.012106519192457199e-02,9.254866838455200195e-01,6.637033820152282715e-01,6.453317403793334961e-01,-2.922844290733337402e-01,1.201472431421279907e-01,2.169823274016380310e-02,4.946175217628479004e-01,-1.474015712738037109e-01,6.704204529523849487e-02,-2.100194096565246582e-01,-2.194551229476928711e-01,-9.126212447881698608e-02,6.287345290184020996e-01,-1.484316438436508179e-01,-7.332736998796463013e-02
-3.182569751515984535e-03,-2.086586952209472656e-01,5.874936580657958984e-01,-7.806180976331233978e-03,-5.452590063214302063e-02,-6.078027486801147461e-01,7.921753525733947754e-01,4.768836125731468201e-02,7.703329622745513916e-02,-7.296226024627685547e-01,-1.051925063133239746e+00,6.272593140602111816e-01,-1.870272517204284668e+00,2.214358188211917877e-02,9.636807441711425781e-01,7.540867924690246582e-01,5.222634673118591309e-01,-3.199534714221954346e-01,1.464772820472717285e-01,1.014824211597442627e-02,5.306587219238281250e-01,-1.451928466558456421e-01,5.495735630393028259e-02,-1.764512211084365845e-01,-2.015788257122039795e-01,-9.133152663707733154e-02,6.075604557991027832e-01,-1.483315080404281616e-01,-8.362490683794021606e-02
-3.772757947444915771e-03,-2.076579183340072632e-01,5.894597768783569336e-01,-4.110736772418022156e-03,-5.110504105687141418e-02,-6.129900217056274414e-01,7.884253859519958496e-01,5.433641746640205383e-02,7.058723270893096924e-02,-7.509795427322387695e-01,-1.094830632209777832e+00,6.065440177917480469e-01,-1.895148038864135742e+00,2.988555841147899628e-02,9.913843274116516113e-01,7.489507794380187988e-01,4.853833913803100586e-01,-3.375134170055389404e-01,1.774659901857376099e-01,1.215282455086708069e-02,5.576355457305908203e-01,-1.430750936269760132e-01,4.642634838819503784e-02,-1.551470756530761719e-01,-1.896247565746307373e-01,-9.386543929576873779e-02,5.837337374687194824e-01,-1.452654302120208740e-01,-8.872257918119430542e-02
-4.371560178697109222e-03,-2.068561315536499023e-01,5.913789868354797363e-01,-6.811126950196921825e-04,-4.706554487347602844e-02,-6.194093227386474609e-01,7.836558222770690918e-01,6.884486228227615356e-02,5.105944722890853882e-02,-7.388661503791809082e-01,-1.105603456497192383e+00,6.038452386856079102e-01,-1.908301711082458496e+00,4.261212795972824097e-02,1.009406208992004395e+00,7.168683409690856934e-01,5.070711970329284668e-01,-3.488946557044982910e-01,2.014430314302444458e-01,7.867676205933094025e-03,5.678160190582275391e-01,-1.449184566736221313e-01,4.020482674241065979e-02,-1.436112821102142334e-01,-1.724855750799179077e-01,-1.049760580062866211e-01,5.680909156799316406e-01,-1.423407047986984253e-01,-9.177393466234207153e-02
-4.650767892599105835e-03,-2.056695669889450073e-01,5.930033326148986816e-01,-1.293716341024264693e-04,-4.825683310627937317e-02,-6.296873092651367188e-01,7.753484249114990234e-01,7.141540199518203735e-02,4.630420356988906860e-02,-7.259886264801025391e-01,-1.124894857406616211e+00,6.086340546607971191e-01,-1.890692591667175293e+00,6.860998272895812988e-02,1.008140683174133301e+00,6.995387077331542969e-01,5.805734992027282715e-01,-3.463663756847381592e-01,2.201267927885055542e-01,7.914894260466098785e-03,5.646369457244873047e-01,-1.463759392499923706e-01,3.744398057460784912e-02,-1.374125033617019653e-01,-1.669531911611557007e-01,-1.294183284044265747e-01,5.611816644668579102e-01,-1.398672312498092651e-01,-8.880990743637084961e-02
-4.699718672782182693e-03,-2.054827362298965454e-01,5.953264236450195312e-01,-2.750998130068182945e-03,-5.090752243995666504e-02,-6.437714099884033203e-01,7.635176181793212891e-01,7.723933458328247070e-02,4.070035368204116821e-02,-6.761909127235412598e-01,-1.112610340118408203e+00,6.446105241775512695e-01,-1.830466032028198242e+00,8.595998585224151611e-02,9.768784642219543457e-01,6.758254766464233398e-01,7.093656659126281738e-01,-3.211106657981872559e-01,2.482861280441284180e-01,2.061589993536472321e-02,5.357061624526977539e-01,-1.519461274147033691e-01,3.481717407703399658e-02,-1.421304643154144287e-01,-1.707784235477447510e-01,-1.574723571538925171e-01,5.458549261093139648e-01,-1.433704793453216553e-01,-8.028201013803482056e-02
-4.080605227500200272e-03,-2.052303403615951538e-01,5.974743962287902832e-01,-4.512840416282415390e-03,-5.422107875347137451e-02,-6.604875922203063965e-01,7.488630414009094238e-01,1.039697080850601196e-01,4.846462979912757874e-02,-6.044490337371826172e-01,-1.112930178642272949e+00,6.940466165542602539e-01,-1.769747018814086914e+00,1.042763516306877136e-01,9.358849525451660156e-01,6.450405120849609375e-01,8.999349474906921387e-01,-2.964181900024414062e-01,2.666958868503570557e-01,2.971490845084190369e-02,5.195522904396057129e-01,-1.559824347496032715e-01,3.834030032157897949e-02,-1.575486063957214355e-01,-1.654944121837615967e-01,-1.671020388603210449e-01,5.342343449592590332e-01,-1.416884660720825195e-01,-7.330609858036041260e-02
-3.398298984393477440e-03,-2.053817361593246460e-01,5.991052985191345215e-01,-5.279277916997671127e-03,-6.057798489928245544e-02,-6.871935129165649414e-01,7.239250540733337402e-01,1.710737794637680054e-01,5.563174560666084290e-02,-5.450060367584228516e-01,-1.072458386421203613e+00,7.266452312469482422e-01,-1.632939934730529785e+00,1.163605079054832458e-01,9.353730082511901855e-01,5.795378088951110840e-01,1.082609057426452637e+00,-2.569483816623687744e-01,2.876606881618499756e-01,6.320337206125259399e-02,4.999254643917083740e-01,-1.626655906438827515e-01,3.838258609175682068e-02,-1.805221587419509888e-01,-1.672234088182449341e-01,-1.707124412059783936e-01,5.309964418411254883e-01,-1.418982446193695068e-01,-6.560844928026199341e-02
-2.935270080342888832e-03,-2.069025635719299316e-01,5.985640883445739746e-01,-8.282179944217205048e-03,-5.694603919982910156e-02,-7.101749181747436523e-01,7.016695141792297363e-01,1.940282136201858521e-01,6.791479885578155518e-02,-4.763266444206237793e-01,-1.071936845779418945e+00,8.057403564453125000e-01,-1.456080555915832520e+00,1.636350899934768677e-01,9.784023761749267578e-01,4.724037647247314453e-01,1.297766804695129395e+00,-2.386220991611480713e-01,3.024562895298004150e-01,7.601267099380493164e-02,5.139223933219909668e-01,-1.697891503572463989e-01,4.460232704877853394e-02,-2.056508213281631470e-01,-1.584173887968063354e-01,-1.640292704105377197e-01,5.293194651603698730e-01,-1.421276330947875977e-01,-6.012041121721267700e-02
-1.514571718871593475e-03,-2.079685330390930176e-01,6.000377535820007324e-01,3.935599699616432190e-03,-6.886545568704605103e-02,-7.388889789581298828e-01,6.702873110771179199e-01,2.536278367042541504e-01,9.195310622453689575e-02,-3.916478753089904785e-01,-1.043731570243835449e+00,8.365347385406494141e-01,-1.292825460433959961e+00,1.206621155142784119e-01,9.770557284355163574e-01,4.917335808277130127e-01,1.460445523262023926e+00,-2.200640588998794556e-01,3.118944168090820312e-01,8.795475959777832031e-02,5.428725481033325195e-01,-1.754465699195861816e-01,4.735031351447105408e-02,-2.496576160192489624e-01,-1.608063876628875732e-01,-1.617864072322845459e-01,5.540132522583007812e-01,-1.419219672679901123e-01,-5.342905595898628235e-02
1.010865962598472834e-04,-2.095724493265151978e-01,5.994834303855895996e-01,1.167419645935297012e-02,-7.285535335540771484e-02,-7.715158462524414062e-01,6.319170594215393066e-01,3.209407627582550049e-01,1.219018623232841492e-01,-3.429674506187438965e-01,-1.046117782592773438e+00,8.801503181457519531e-01,-1.052845835685729980e+00,5.102588981389999390e-02,9.545006752014160156e-01,5.395190715789794922e-01,1.586515784263610840e+00,-2.171788215637207031e-01,3.198079764842987061e-01,8.585721999406814575e-02,6.057892441749572754e-01,-1.807016879320144653e-01,5.649143829941749573e-02,-2.970150411128997803e-01,-1.581166982650756836e-01,-1.472504884004592896e-01,5.719433426856994629e-01,-1.418081223964691162e-01,-4.743017256259918213e-02
5.670601967722177505e-04,-2.119936943054199219e-01,5.976012945175170898e-01,2.108070068061351776e-02,-7.093334197998046875e-02,-8.007003664970397949e-01,5.944770574569702148e-01,3.586728274822235107e-01,1.468000710010528564e-01,-2.784154415130615234e-01,-1.086437940597534180e+00,9.354183077812194824e-01,-7.302927374839782715e-01,-2.434027008712291718e-02,9.465252757072448730e-01,5.715781450271606445e-01,1.734252214431762695e+00,-2.181522697210311890e-01,3.158806562423706055e-01,6.335939466953277588e-02,6.472532153129577637e-01,-1.869636029005050659e-01,7.144232094287872314e-02,-3.504409193992614746e-01,-1.425606459379196167e-01,-1.119339391589164734e-01,6.087238192558288574e-01,-1.407110840082168579e-01,-4.959223791956901550e-02
1.141514047048985958e-03,-2.144813835620880127e-01,5.958809256553649902e-01,3.581570461392402649e-02,-6.504154205322265625e-02,-8.184565305709838867e-01,5.697505474090576172e-01,3.931828737258911133e-01,1.955696642398834229e-01,-2.047305852174758911e-01,-1.112754464149475098e+00,9.479751586914062500e-01,-5.290296077728271484e-01,-1.586270928382873535e-01,9.212670922279357910e-01,6.262362599372863770e-01,1.860611796379089355e+00,-2.351153045892715454e-01,2.921650111675262451e-01,2.190018445253372192e-02,7.056950926780700684e-01,-1.875980645418167114e-01,9.346523135900497437e-02,-3.956485688686370850e-01,-1.223282963037490845e-01,-7.605887204408645630e-02,6.332503557205200195e-01,-1.414126753807067871e-01,-5.373668670654296875e-02
1.117127598263323307e-03,-2.164127826690673828e-01,5.947148799896240234e-01,5.312219262123107910e-02,-5.023631453514099121e-02,-8.390192389488220215e-01,5.391669869422912598e-01,4.193292558193206787e-01,2.235986739397048950e-01,-1.161704584956169128e-01,-1.142823696136474609e+00,8.920480012893676758e-01,-3.028354644775390625e-01,-3.161692321300506592e-01,9.175521135330200195e-01,6.595219969749450684e-01,1.966728806495666504e+00,-2.502444684505462646e-01,2.751264870166778564e-01,-1.774878799915313721e-02,7.630609273910522461e-01,-1.886682212352752686e-01,1.099952682852745056e-01,-4.380770325660705566e-01,-9.078095853328704834e-02,-4.182560741901397705e-02,6.357086896896362305e-01,-1.419880390167236328e-01,-6.360169500112533569e-02
4.632803756976500154e-05,-2.186201959848403931e-01,5.933711528778076172e-01,7.064300775527954102e-02,-4.121708497405052185e-02,-8.491404056549072266e-01,5.217962265014648438e-01,4.698213636875152588e-01,2.421930581331253052e-01,-1.041458919644355774e-03,-1.156666040420532227e+00,8.055419921875000000e-01,-1.724839657545089722e-01,-4.312804341316223145e-01,9.137235283851623535e-01,6.352520585060119629e-01,2.077083587646484375e+00,-2.825590074062347412e-01,2.278683632612228394e-01,-8.002690970897674561e-02,8.019299507141113281e-01,-1.816169470548629761e-01,1.365067660808563232e-01,-4.831584990024566650e-01,-6.952617317438125610e-02,-1.083874143660068512e-02,6.411622762680053711e-01,-1.433146595954895020e-01,-7.116698473691940308e-02
-2.189433434978127480e-03,-2.203478664159774780e-01,5.925918817520141602e-01,8.588172495365142822e-02,-3.237437084317207336e-02,-8.628424406051635742e-01,4.970706105232238770e-01,4.769281744956970215e-01,2.637484371662139893e-01,1.225480511784553528e-01,-1.168468475341796875e+00,7.493796944618225098e-01,-1.233134791254997253e-01,-5.679185390472412109e-01,9.226778745651245117e-01,6.378912329673767090e-01,2.140914916992187500e+00,-3.270620107650756836e-01,1.853249073028564453e-01,-1.373920589685440063e-01,8.545082211494445801e-01,-1.736399084329605103e-01,1.591710448265075684e-01,-5.198566317558288574e-01,-5.718277022242546082e-02,-7.852269336581230164e-03,6.304222345352172852e-01,-1.493492722511291504e-01,-7.105034589767456055e-02
-4.110636655241250992e-03,-2.212022840976715088e-01,5.929669141769409180e-01,9.984010457992553711e-02,-2.310279756784439087e-02,-8.706780672073364258e-01,4.810591638088226318e-01,4.890181720256805420e-01,2.681298553943634033e-01,2.253540456295013428e-01,-1.181048393249511719e+00,6.496009826660156250e-01,-8.438957482576370239e-02,-6.823809742927551270e-01,8.980145454406738281e-01,6.370647549629211426e-01,2.188672780990600586e+00,-3.830467760562896729e-01,1.504873931407928467e-01,-1.700426936149597168e-01,9.096660017967224121e-01,-1.659037321805953979e-01,1.755145639181137085e-01,-5.395637154579162598e-01,-5.175682529807090759e-02,-1.554279308766126633e-02,6.005202531814575195e-01,-1.563301533460617065e-01,-6.826663017272949219e-02
-6.623313762247562408e-03,-2.223080098628997803e-01,5.944525003433227539e-01,1.076439991593360901e-01,-2.201981842517852783e-02,-8.758400082588195801e-01,4.699278175830841064e-01,5.036544799804687500e-01,2.771776020526885986e-01,3.275369107723236084e-01,-1.197382092475891113e+00,6.064155697822570801e-01,-7.096794247627258301e-02,-7.933288812637329102e-01,8.464417457580566406e-01,6.203277111053466797e-01,2.167781829833984375e+00,-4.374078214168548584e-01,1.091612279415130615e-01,-1.909512728452682495e-01,9.489682316780090332e-01,-1.600334793329238892e-01,1.912477463483810425e-01,-5.339263081550598145e-01,-3.265935182571411133e-02,1.381636410951614380e-02,5.625537633895874023e-01,-1.627221703529357910e-01,-7.461952418088912964e-02
-8.980110287666320801e-03,-2.230073660612106323e-01,5.961251258850097656e-01,1.164716258645057678e-01,-1.584989763796329498e-02,-8.805004954338073730e-01,4.592407643795013428e-01,5.345329046249389648e-01,2.749226689338684082e-01,4.361131787300109863e-01,-1.207749485969543457e+00,5.298362374305725098e-01,-1.047466173768043518e-01,-9.497054815292358398e-01,7.970721125602722168e-01,6.618996262550354004e-01,2.113686084747314453e+00,-4.864373207092285156e-01,6.971507519483566284e-02,-2.053269296884536743e-01,9.596589207649230957e-01,-1.552440375089645386e-01,1.965385973453521729e-01,-5.263721346855163574e-01,-2.623229846358299255e-02,8.918855339288711548e-03,4.960972964763641357e-01,-1.724938601255416870e-01,-7.394120842218399048e-02
-1.204816810786724091e-02,-2.234746515750885010e-01,5.969306230545043945e-01,1.242740526795387268e-01,-1.755177602171897888e-02,-8.840861320495605469e-01,4.501550793647766113e-01,5.696865320205688477e-01,2.669809758663177490e-01,5.454109907150268555e-01,-1.225849390029907227e+00,4.738169312477111816e-01,-1.252422630786895752e-01,-1.109272241592407227e+00,7.667664289474487305e-01,7.344858050346374512e-01,2.031884431838989258e+00,-5.343555808067321777e-01,3.220312669873237610e-02,-2.208538651466369629e-01,9.710832238197326660e-01,-1.511553674936294556e-01,2.030635327100753784e-01,-5.193400382995605469e-01,-2.523915283381938934e-02,-6.831256672739982605e-03,4.684597253799438477e-01,-1.799969971179962158e-01,-7.166220992803573608e-02
-1.436040550470352173e-02,-2.243961095809936523e-01,5.972554683685302734e-01,1.315363198518753052e-01,-1.376526709645986557e-02,-8.883101940155029297e-01,4.397882223129272461e-01,5.791550278663635254e-01,2.586149573326110840e-01,6.186343431472778320e-01,-1.235798478126525879e+00,4.302461743354797363e-01,-1.679671555757522583e-01,-1.286507725715637207e+00,7.481728196144104004e-01,8.622083663940429688e-01,1.889723658561706543e+00,-5.657182931900024414e-01,1.364861801266670227e-02,-2.341271787881851196e-01,9.646325707435607910e-01,-1.518759578466415405e-01,2.066255658864974976e-01,-5.179680585861206055e-01,-1.570015400648117065e-02,-9.894844843074679375e-04,4.436635971069335938e-01,-1.837866604328155518e-01,-7.126463204622268677e-02
-1.636350527405738831e-02,-2.244494110345840454e-01,5.975850224494934082e-01,1.396320611238479614e-01,-1.051077898591756821e-02,-8.906451463699340820e-01,4.326009750366210938e-01,5.996214747428894043e-01,2.457309663295745850e-01,6.958960294723510742e-01,-1.234059214591979980e+00,4.335243105888366699e-01,-2.153259068727493286e-01,-1.416864514350891113e+00,7.636663317680358887e-01,9.356130957603454590e-01,1.766052126884460449e+00,-5.877598524093627930e-01,-4.926557448925450444e-05,-2.417717874050140381e-01,9.541057944297790527e-01,-1.501568853855133057e-01,2.079639583826065063e-01,-5.186057686805725098e-01,-1.907746493816375732e-02,-4.128401633352041245e-03,4.342605173587799072e-01,-1.867281645536422729e-01,-7.023191452026367188e-02
-1.781649701297283173e-02,-2.242905348539352417e-01,5.971686840057373047e-01,1.496717035770416260e-01,-1.100178714841604233e-02,-8.938370943069458008e-01,4.225311577320098877e-01,6.253454089164733887e-01,2.510916888713836670e-01,7.265007495880126953e-01,-1.248681545257568359e+00,4.641655385494232178e-01,-2.452284395694732666e-01,-1.508313894271850586e+00,7.996901869773864746e-01,1.026447176933288574e+00,1.628970980644226074e+00,-6.122263669967651367e-01,-1.271243393421173096e-02,-2.423782646656036377e-01,9.490535259246826172e-01,-1.506406068801879883e-01,2.114283740520477295e-01,-5.267719626426696777e-01,-3.023894689977169037e-02,-2.530229650437831879e-02,4.485397040843963623e-01,-1.899888217449188232e-01,-6.460339576005935669e-02
-1.831463351845741272e-02,-2.236488014459609985e-01,5.954145789146423340e-01,1.514840722084045410e-01,-9.523785673081874847e-03,-8.968440890312194824e-01,4.154907763004302979e-01,6.434634923934936523e-01,2.465766370296478271e-01,7.724109888076782227e-01,-1.247419357299804688e+00,4.540338814258575439e-01,-2.728151977062225342e-01,-1.555334925651550293e+00,8.375107645988464355e-01,1.092245459556579590e+00,1.511783003807067871e+00,-6.146310567855834961e-01,-2.078936062753200531e-02,-2.499573528766632080e-01,9.419425725936889648e-01,-1.496104449033737183e-01,2.112725973129272461e-01,-5.380948185920715332e-01,-4.260711744427680969e-02,-5.467589572072029114e-02,4.898746609687805176e-01,-1.901322752237319946e-01,-5.800166726112365723e-02
-1.925921253859996796e-02,-2.234827429056167603e-01,5.936925411224365234e-01,1.548529714345932007e-01,-9.739226661622524261e-03,-8.985995054244995117e-01,4.104200899600982666e-01,6.374074816703796387e-01,2.358184754848480225e-01,7.858165502548217773e-01,-1.233770251274108887e+00,4.674859344959259033e-01,-3.109844326972961426e-01,-1.594852805137634277e+00,8.896707296371459961e-01,1.132876992225646973e+00,1.398160815238952637e+00,-6.312702298164367676e-01,-3.056073002517223358e-02,-2.531581521034240723e-01,9.578065872192382812e-01,-1.492415517568588257e-01,2.206542640924453735e-01,-5.507506728172302246e-01,-5.715460330247879028e-02,-5.131202563643455505e-02,5.333954095840454102e-01,-1.915415674448013306e-01,-5.776259303092956543e-02
-1.867063157260417938e-02,-2.234461307525634766e-01,5.920253992080688477e-01,1.568343043327331543e-01,-1.287250313907861710e-02,-8.968591690063476562e-01,4.133775234222412109e-01,6.475498080253601074e-01,2.234005481004714966e-01,7.839992642402648926e-01,-1.236546277999877930e+00,4.592618346214294434e-01,-3.076549768447875977e-01,-1.612853527069091797e+00,9.213896393775939941e-01,1.155090689659118652e+00,1.340554475784301758e+00,-6.447224617004394531e-01,-3.591182455420494080e-02,-2.480469346046447754e-01,9.683294296264648438e-01,-1.483553946018218994e-01,2.195322364568710327e-01,-5.648893117904663086e-01,-7.866339385509490967e-02,-6.095589324831962585e-02,5.756470561027526855e-01,-1.923630237579345703e-01,-5.133366584777832031e-02
-1.789662614464759827e-02,-2.239726334810256958e-01,5.913778543472290039e-01,1.572656929492950439e-01,-1.252848003059625626e-02,-8.945700526237487793e-01,4.181565642356872559e-01,6.494705080986022949e-01,2.143030613660812378e-01,7.425242662429809570e-01,-1.231912493705749512e+00,4.171623587608337402e-01,-3.070489764213562012e-01,-1.575008153915405273e+00,9.042152166366577148e-01,1.135317802429199219e+00,1.386185884475708008e+00,-6.473825573921203613e-01,-2.823030948638916016e-02,-2.554728984832763672e-01,9.541459679603576660e-01,-1.507963687181472778e-01,2.235815227031707764e-01,-5.696797370910644531e-01,-8.770837634801864624e-02,-5.607038363814353943e-02,5.958382487297058105e-01,-1.919141262769699097e-01,-4.680118709802627563e-02
-1.787892170250415802e-02,-2.237557619810104370e-01,5.910443663597106934e-01,1.573081016540527344e-01,-1.214124169200658798e-02,-8.935387730598449707e-01,4.203512966632843018e-01,6.499117612838745117e-01,1.925806254148483276e-01,7.025533318519592285e-01,-1.218470096588134766e+00,4.328884482383728027e-01,-3.267254531383514404e-01,-1.518493533134460449e+00,9.295526742935180664e-01,1.071706056594848633e+00,1.441289186477661133e+00,-6.510525941848754883e-01,-2.538822405040264130e-02,-2.485435903072357178e-01,9.397721290588378906e-01,-1.515734791755676270e-01,2.241221517324447632e-01,-5.656138062477111816e-01,-9.720404446125030518e-02,-5.478748679161071777e-02,6.047570705413818359e-01,-1.918978095054626465e-01,-4.502063989639282227e-02
-1.711313612759113312e-02,-2.240488082170486450e-01,5.921865105628967285e-01,1.586358994245529175e-01,-1.575074344873428345e-02,-8.892499804496765137e-01,4.287435710430145264e-01,6.733474731445312500e-01,1.892118453979492188e-01,6.519216895103454590e-01,-1.201108217239379883e+00,4.343018829822540283e-01,-3.768863677978515625e-01,-1.459586739540100098e+00,9.300080537796020508e-01,1.014906764030456543e+00,1.526912093162536621e+00,-6.414131522178649902e-01,-1.637789420783519745e-02,-2.571748793125152588e-01,9.173564314842224121e-01,-1.524116098880767822e-01,2.226301580667495728e-01,-5.641304254531860352e-01,-1.005228683352470398e-01,-4.623882472515106201e-02,6.009782552719116211e-01,-1.904243677854537964e-01,-4.639347642660140991e-02
-1.585922762751579285e-02,-2.247116863727569580e-01,5.942571163177490234e-01,1.606740951538085938e-01,-1.959675550460815430e-02,-8.835783600807189941e-01,4.394190311431884766e-01,6.900170445442199707e-01,1.575809717178344727e-01,6.112119555473327637e-01,-1.163744091987609863e+00,4.532496333122253418e-01,-4.609088003635406494e-01,-1.395510911941528320e+00,9.227874875068664551e-01,9.436036348342895508e-01,1.638095378875732422e+00,-6.235006451606750488e-01,-3.313125576823949814e-03,-2.536444962024688721e-01,8.909003734588623047e-01,-1.539019942283630371e-01,2.193704247474670410e-01,-5.570310354232788086e-01,-9.455054998397827148e-02,-2.536872588098049164e-02,5.789366960525512695e-01,-1.894378811120986938e-01,-5.066210031509399414e-02
-1.497246231883764267e-02,-2.244971692562103271e-01,5.962359905242919922e-01,1.617281734943389893e-01,-2.184439264237880707e-02,-8.798965811729431152e-01,4.462609291076660156e-01,6.861138343811035156e-01,1.367839574813842773e-01,5.703924298286437988e-01,-1.113752007484436035e+00,4.635185003280639648e-01,-6.156138777732849121e-01,-1.351592898368835449e+00,9.098230004310607910e-01,8.896383643150329590e-01,1.719822525978088379e+00,-5.961347222328186035e-01,1.177535112947225571e-02,-2.435608804225921631e-01,8.549258112907409668e-01,-1.546187847852706909e-01,2.084705978631973267e-01,-5.469637513160705566e-01,-8.472004532814025879e-02,-1.461688801646232605e-02,5.469769835472106934e-01,-1.869142949581146240e-01,-5.340363830327987671e-02
-1.500397734344005585e-02,-2.241683900356292725e-01,5.985332131385803223e-01,1.629636436700820923e-01,-2.307499200105667114e-02,-8.771110177040100098e-01,4.512057602405548096e-01,6.920835971832275391e-01,1.202664524316787720e-01,5.342029333114624023e-01,-1.065981388092041016e+00,4.882579445838928223e-01,-7.419193983078002930e-01,-1.362746238708496094e+00,9.087232351303100586e-01,8.680560588836669922e-01,1.770467877388000488e+00,-5.842680931091308594e-01,1.810909248888492584e-02,-2.345914095640182495e-01,8.340314626693725586e-01,-1.524522304534912109e-01,2.008649110794067383e-01,-5.331614017486572266e-01,-7.281932979822158813e-02,-1.012587081640958786e-02,4.976191222667694092e-01,-1.867278963327407837e-01,-5.650749430060386658e-02
-1.371544413268566132e-02,-2.238669246435165405e-01,5.997719168663024902e-01,1.655954122543334961e-01,-2.629437483847141266e-02,-8.717702627182006836e-01,4.603296518325805664e-01,6.840164661407470703e-01,1.196649968624114990e-01,4.788786470890045166e-01,-1.010021567344665527e+00,5.074170231819152832e-01,-8.683974742889404297e-01,-1.397051572799682617e+00,9.042577743530273438e-01,8.773323297500610352e-01,1.808843612670898438e+00,-5.621093511581420898e-01,2.968504838645458221e-02,-2.145624309778213501e-01,8.084661364555358887e-01,-1.524873524904251099e-01,1.893226951360702515e-01,-5.357583761215209961e-01,-6.763691455125808716e-02,-2.834244165569543839e-03,4.705543816089630127e-01,-1.823944449424743652e-01,-5.900770798325538635e-02
-1.271848380565643311e-02,-2.232155054807662964e-01,6.000578999519348145e-01,1.673769801855087280e-01,-2.579223364591598511e-02,-8.699451684951782227e-01,4.631577730178833008e-01,6.665885448455810547e-01,1.143393516540527344e-01,4.360147416591644287e-01,-9.765481948852539062e-01,5.403767824172973633e-01,-9.478101134300231934e-01,-1.467737078666687012e+00,8.936039805412292480e-01,9.093959331512451172e-01,1.803363323211669922e+00,-5.336602926254272461e-01,3.600230440497398376e-02,-2.037492096424102783e-01,7.719900012016296387e-01,-1.521685868501663208e-01,1.836141794919967651e-01,-5.450531244277954102e-01,-6.408991664648056030e-02,2.028156537562608719e-03,4.572440087795257568e-01,-1.774258166551589966e-01,-5.832002684473991394e-02
-1.146951597183942795e-02,-2.223656326532363892e-01,5.989004969596862793e-01,1.664853394031524658e-01,-2.726860344409942627e-02,-8.662976622581481934e-01,4.701780080795288086e-01,6.320475339889526367e-01,1.252513676881790161e-01,3.979572355747222900e-01,-9.405514001846313477e-01,5.496892929077148438e-01,-1.029760360717773438e+00,-1.558758735656738281e+00,8.926935195922851562e-01,9.653601646423339844e-01,1.764594316482543945e+00,-5.133236050605773926e-01,3.147033601999282837e-02,-1.886224299669265747e-01,7.661724090576171875e-01,-1.482553780078887939e-01,1.788804233074188232e-01,-5.644413232803344727e-01,-6.745735555887222290e-02,8.515221998095512390e-03,4.845847785472869873e-01,-1.711345762014389038e-01,-5.730269476771354675e-02
-9.293673560023307800e-03,-2.213322371244430542e-01,5.970920324325561523e-01,1.667060256004333496e-01,-3.054698556661605835e-02,-8.616008162498474121e-01,4.784558117389678955e-01,6.030091643333435059e-01,1.455263197422027588e-01,3.515344262123107910e-01,-9.093575477600097656e-01,5.772537589073181152e-01,-1.068625688552856445e+00,-1.685668230056762695e+00,8.969441652297973633e-01,1.068665027618408203e+00,1.672735333442687988e+00,-4.881115555763244629e-01,1.831591688096523285e-02,-1.642286777496337891e-01,7.598698139190673828e-01,-1.462639868259429932e-01,1.744403392076492310e-01,-5.870573520660400391e-01,-7.422087341547012329e-02,1.460207253694534302e-02,5.244286656379699707e-01,-1.679040938615798950e-01,-5.480138957500457764e-02
-6.316378712654113770e-03,-2.204767912626266479e-01,5.942400097846984863e-01,1.681112945079803467e-01,-3.847767040133476257e-02,-8.534010052680969238e-01,4.918991625308990479e-01,5.797144174575805664e-01,1.458624899387359619e-01,2.911207377910614014e-01,-9.201121926307678223e-01,6.246457695960998535e-01,-1.049866318702697754e+00,-1.779086232185363770e+00,9.286109805107116699e-01,1.134283185005187988e+00,1.572443008422851562e+00,-4.730256199836730957e-01,3.688754513859748840e-03,-1.296028196811676025e-01,7.598592042922973633e-01,-1.440064311027526855e-01,1.728459745645523071e-01,-6.234137415885925293e-01,-9.224936366081237793e-02,2.662546001374721527e-02,5.963166952133178711e-01,-1.636707186698913574e-01,-4.985284432768821716e-02
-4.039714578539133072e-03,-2.191546559333801270e-01,5.896936058998107910e-01,1.606975793838500977e-01,-4.069688916206359863e-02,-8.501235842704772949e-01,4.998098611831665039e-01,5.414174795150756836e-01,1.541732549667358398e-01,2.504872381687164307e-01,-9.398503303527832031e-01,6.691964864730834961e-01,-9.741098880767822266e-01,-1.846478223800659180e+00,9.735208153724670410e-01,1.199152112007141113e+00,1.452598810195922852e+00,-4.586389958858489990e-01,5.115095060318708420e-03,-8.080001175403594971e-02,7.794793844223022461e-01,-1.476743966341018677e-01,1.614515334367752075e-01,-6.494524478912353516e-01,-1.102068871259689331e-01,6.409007590264081955e-03,6.769030690193176270e-01,-1.622541397809982300e-01,-4.349685832858085632e-02
-1.630752463825047016e-03,-2.181983888149261475e-01,5.862867236137390137e-01,1.578696072101593018e-01,-4.366386309266090393e-02,-8.383097052574157715e-01,5.200071930885314941e-01,5.048150420188903809e-01,1.454331874847412109e-01,2.222257703542709351e-01,-9.644097089767456055e-01,6.460106968879699707e-01,-8.887004852294921875e-01,-1.867348313331604004e+00,9.991210103034973145e-01,1.215816140174865723e+00,1.404365658760070801e+00,-4.466457068920135498e-01,7.881370838731527328e-04,-6.395118683576583862e-02,7.860791683197021484e-01,-1.451966166496276855e-01,1.597539037466049194e-01,-6.659961342811584473e-01,-1.204142346978187561e-01,-7.187770213931798935e-03,7.331978678703308105e-01,-1.581919342279434204e-01,-3.852005302906036377e-02
-3.389809280633926392e-04,-2.173399627208709717e-01,5.828592181205749512e-01,1.516431719064712524e-01,-4.211853817105293274e-02,-8.350903987884521484e-01,5.271189808845520020e-01,4.797556698322296143e-01,1.154698729515075684e-01,2.059383094310760498e-01,-9.872066974639892578e-01,6.572240591049194336e-01,-7.741220593452453613e-01,-1.887669682502746582e+00,1.048872590065002441e+00,1.221427559852600098e+00,1.344142675399780273e+00,-4.294683635234832764e-01,7.661211304366588593e-03,-5.092574656009674072e-02,7.976400852203369141e-01,-1.470783948898315430e-01,1.562297493219375610e-01,-6.724138259887695312e-01,-1.268401145935058594e-01,-3.409496322274208069e-02,7.763946652412414551e-01,-1.565334200859069824e-01,-3.220999613404273987e-02
7.283074664883315563e-04,-2.171100229024887085e-01,5.827010869979858398e-01,1.448257714509963989e-01,-3.907709196209907532e-02,-8.269358873367309570e-01,5.419183373451232910e-01,4.453201591968536377e-01,1.050722822546958923e-01,1.989373117685317993e-01,-9.973582029342651367e-01,6.770011782646179199e-01,-6.619130969047546387e-01,-1.901285171508789062e+00,1.071855187416076660e+00,1.233394384384155273e+00,1.323848128318786621e+00,-4.182998538017272949e-01,3.434549644589424133e-02,-2.728719823062419891e-02,7.865346074104309082e-01,-1.554009914398193359e-01,1.440009027719497681e-01,-6.556833386421203613e-01,-1.265520453453063965e-01,-5.192014202475547791e-02,7.807624936103820801e-01,-1.567481160163879395e-01,-3.159887343645095825e-02
4.234523657942190766e-05,-2.165785580873489380e-01,5.842278599739074707e-01,1.391545534133911133e-01,-3.464445844292640686e-02,-8.261752724647521973e-01,5.448579192161560059e-01,4.091987907886505127e-01,7.663475722074508667e-02,2.244653552770614624e-01,-1.010158658027648926e+00,6.718802452087402344e-01,-5.996549129486083984e-01,-1.923528671264648438e+00,1.121746897697448730e+00,1.251793146133422852e+00,1.306818723678588867e+00,-4.104626178741455078e-01,5.637324228882789612e-02,-2.196516841650009155e-02,7.607538700103759766e-01,-1.600716561079025269e-01,1.286499351263046265e-01,-6.098814010620117188e-01,-1.325482130050659180e-01,-8.435271680355072021e-02,7.614366412162780762e-01,-1.590062975883483887e-01,-3.203616291284561157e-02
1.158987288363277912e-03,-2.169346660375595093e-01,5.849698781967163086e-01,1.364930570125579834e-01,-3.934169188141822815e-02,-8.116229772567749023e-01,5.666480064392089844e-01,4.106046259403228760e-01,7.789701223373413086e-02,2.273810356855392456e-01,-1.013002514839172363e+00,6.693678498268127441e-01,-5.970222353935241699e-01,-1.924818754196166992e+00,1.131586432456970215e+00,1.253176331520080566e+00,1.297091007232666016e+00,-4.055489301681518555e-01,5.654168501496315002e-02,-1.970955170691013336e-02,7.569114565849304199e-01,-1.590031534433364868e-01,1.286171078681945801e-01,-6.058507561683654785e-01,-1.313278228044509888e-01,-8.248709142208099365e-02,7.571508884429931641e-01,-1.575423181056976318e-01,-3.233554586768150330e-02
-4.321112064644694328e-04,-2.168577909469604492e-01,5.904322266578674316e-01,1.321856975555419922e-01,-3.476014733314514160e-02,-8.060510754585266113e-01,5.758475065231323242e-01,3.886674046516418457e-01,6.600426137447357178e-02,2.584731280803680420e-01,-9.945036172866821289e-01,6.612721085548400879e-01,-6.053745746612548828e-01,-1.924639225006103516e+00,1.172742128372192383e+00,1.266815066337585449e+00,1.313192605972290039e+00,-4.145141839981079102e-01,8.336091041564941406e-02,-8.904410526156425476e-03,7.059567570686340332e-01,-1.646274775266647339e-01,1.091268137097358704e-01,-5.433404445648193359e-01,-1.329157650470733643e-01,-1.012453734874725342e-01,6.887339949607849121e-01,-1.629722267389297485e-01,-3.639470785856246948e-02
-9.058223804458975792e-04,-2.167994379997253418e-01,5.956724882125854492e-01,1.310036182403564453e-01,-3.605873510241508484e-02,-7.912280559539794922e-01,5.962348580360412598e-01,3.617303371429443359e-01,4.965358600020408630e-02,2.744621038436889648e-01,-9.467940926551818848e-01,6.837775111198425293e-01,-6.469475626945495605e-01,-1.941406726837158203e+00,1.218029141426086426e+00,1.289244651794433594e+00,1.294452190399169922e+00,-4.080256521701812744e-01,1.025376021862030029e-01,2.403070405125617981e-02,6.323740482330322266e-01,-1.694874316453933716e-01,8.933592587709426880e-02,-4.903322160243988037e-01,-1.381601542234420776e-01,-1.162929236888885498e-01,6.215060949325561523e-01,-1.636010110378265381e-01,-3.615234419703483582e-02
-1.812718692235648632e-03,-2.167006283998489380e-01,6.006768941879272461e-01,1.301853507757186890e-01,-3.932465985417366028e-02,-7.731037139892578125e-01,6.195288896560668945e-01,3.203602135181427002e-01,5.836219340562820435e-02,2.821818292140960693e-01,-9.117364883422851562e-01,6.783954501152038574e-01,-6.749033927917480469e-01,-1.933333873748779297e+00,1.265190124511718750e+00,1.303284645080566406e+00,1.316988348960876465e+00,-4.002041220664978027e-01,1.183664947748184204e-01,4.074986651539802551e-02,5.450593233108520508e-01,-1.713663637638092041e-01,7.491316646337509155e-02,-4.346771538257598877e-01,-1.402427405118942261e-01,-1.271768510341644287e-01,5.572580099105834961e-01,-1.634053885936737061e-01,-3.879862278699874878e-02
-3.062756732106208801e-03,-2.155270874500274658e-01,6.041386127471923828e-01,1.282033175230026245e-01,-4.275786504149436951e-02,-7.560906410217285156e-01,6.403613686561584473e-01,2.587907612323760986e-01,6.105678156018257141e-02,3.012983202934265137e-01,-8.766362071037292480e-01,6.636148095130920410e-01,-7.120022177696228027e-01,-1.925650477409362793e+00,1.306744933128356934e+00,1.340607762336730957e+00,1.323621630668640137e+00,-3.806758224964141846e-01,1.238085180521011353e-01,6.519992649555206299e-02,4.226596057415008545e-01,-1.714637130498886108e-01,6.095562502741813660e-02,-3.764438927173614502e-01,-1.541228890419006348e-01,-1.527339816093444824e-01,5.207280516624450684e-01,-1.599570959806442261e-01,-3.868835046887397766e-02
-4.338933620601892471e-03,-2.141075432300567627e-01,6.055746078491210938e-01,1.205492243170738220e-01,-4.778571426868438721e-02,-7.473822832107543945e-01,6.516165733337402344e-01,2.111712098121643066e-01,6.814202666282653809e-02,3.292335867881774902e-01,-8.611036539077758789e-01,6.395002007484436035e-01,-7.188535332679748535e-01,-1.870956659317016602e+00,1.373213052749633789e+00,1.381431221961975098e+00,1.315956354141235352e+00,-3.743068575859069824e-01,1.327913403511047363e-01,7.476499676704406738e-02,3.442621231079101562e-01,-1.660300344228744507e-01,5.380480363965034485e-02,-3.353856503963470459e-01,-1.738610267639160156e-01,-1.709561198949813843e-01,5.215988755226135254e-01,-1.559754163026809692e-01,-3.898080810904502869e-02
-4.683437757194042206e-03,-2.113704681396484375e-01,6.051180958747863770e-01,1.197801604866981506e-01,-4.652107506990432739e-02,-7.373338341712951660e-01,6.631947755813598633e-01,1.263249516487121582e-01,8.451734483242034912e-02,3.204377889633178711e-01,-8.732842206954956055e-01,5.855387449264526367e-01,-6.989720463752746582e-01,-1.829099178314208984e+00,1.440030455589294434e+00,1.415621519088745117e+00,1.279757618904113770e+00,-3.753063380718231201e-01,1.423403024673461914e-01,9.366489946842193604e-02,2.881170809268951416e-01,-1.597553938627243042e-01,4.764746129512786865e-02,-2.931558787822723389e-01,-1.906188428401947021e-01,-1.915018111467361450e-01,5.266411304473876953e-01,-1.503466814756393433e-01,-3.658406063914299011e-02
-4.619346000254154205e-03,-2.090342342853546143e-01,6.041769981384277344e-01,1.161163300275802612e-01,-4.842726513743400574e-02,-7.269087433815002441e-01,6.751114130020141602e-01,8.952826261520385742e-02,9.102001041173934937e-02,3.085696697235107422e-01,-9.229123592376708984e-01,4.944638013839721680e-01,-6.163632869720458984e-01,-1.770331501960754395e+00,1.503372788429260254e+00,1.486974000930786133e+00,1.239317417144775391e+00,-3.787136971950531006e-01,1.414627432823181152e-01,8.062684535980224609e-02,2.503577172756195068e-01,-1.522452682256698608e-01,5.054001137614250183e-02,-2.562566101551055908e-01,-2.046992927789688110e-01,-2.236799448728561401e-01,5.336029529571533203e-01,-1.478777229785919189e-01,-3.343055397272109985e-02
-4.281132947653532028e-03,-2.064042240381240845e-01,6.022065877914428711e-01,1.129608228802680969e-01,-5.266903713345527649e-02,-7.145898938179016113e-01,6.883509755134582520e-01,4.419704526662826538e-02,9.421034902334213257e-02,2.879603207111358643e-01,-9.616416692733764648e-01,3.875220715999603271e-01,-5.624990463256835938e-01,-1.730145454406738281e+00,1.557283878326416016e+00,1.572210550308227539e+00,1.165466547012329102e+00,-3.892575800418853760e-01,1.465904712677001953e-01,5.964168161153793335e-02,2.411885261535644531e-01,-1.430486440658569336e-01,4.933347553014755249e-02,-2.236100882291793823e-01,-1.956444531679153442e-01,-2.250484526157379150e-01,5.500737428665161133e-01,-1.406571269035339355e-01,-3.942971676588058472e-02
-4.018072970211505890e-03,-2.041395455598831177e-01,5.990591049194335938e-01,1.049742698669433594e-01,-5.045320093631744385e-02,-7.124531269073486328e-01,6.919865608215332031e-01,3.626239486038684845e-04,9.348314255475997925e-02,2.529963850975036621e-01,-9.941014051437377930e-01,3.182600736618041992e-01,-5.274248719215393066e-01,-1.670598983764648438e+00,1.614736914634704590e+00,1.627402424812316895e+00,1.102227330207824707e+00,-3.961116671562194824e-01,1.556278616189956665e-01,3.871113806962966919e-02,2.382360100746154785e-01,-1.356949210166931152e-01,4.875079914927482605e-02,-2.134695500135421753e-01,-1.908517628908157349e-01,-2.297181487083435059e-01,5.841829180717468262e-01,-1.337344199419021606e-01,-4.428815469145774841e-02
-3.915833774954080582e-03,-2.018777579069137573e-01,5.960873365402221680e-01,9.267146140336990356e-02,-4.602054134011268616e-02,-7.067699432373046875e-01,6.998358964920043945e-01,-3.982515539973974228e-03,1.003669872879981995e-01,2.570292353630065918e-01,-1.023918509483337402e+00,2.333013713359832764e-01,-5.581851601600646973e-01,-1.607079505920410156e+00,1.675355792045593262e+00,1.653007507324218750e+00,1.032398819923400879e+00,-4.093944132328033447e-01,1.707454770803451538e-01,3.756839409470558167e-02,2.556621134281158447e-01,-1.301329880952835083e-01,4.451616108417510986e-02,-1.870404183864593506e-01,-1.904920190572738647e-01,-2.653838992118835449e-01,6.010568141937255859e-01,-1.322588920593261719e-01,-4.489614814519882202e-02
-3.398973261937499046e-03,-1.999571323394775391e-01,5.963084101676940918e-01,8.351016044616699219e-02,-4.542824253439903259e-02,-6.932438611984252930e-01,7.144055366516113281e-01,-2.790563739836215973e-02,9.830691665410995483e-02,2.409638911485671997e-01,-1.022817015647888184e+00,2.590725123882293701e-01,-5.900070071220397949e-01,-1.531868219375610352e+00,1.682625412940979004e+00,1.685745239257812500e+00,9.940087199211120605e-01,-4.466669261455535889e-01,1.921115517616271973e-01,4.452434182167053223e-02,2.937851250171661377e-01,-1.252607554197311401e-01,3.458596020936965942e-02,-1.597507894039154053e-01,-1.653593480587005615e-01,-2.956918776035308838e-01,5.859318375587463379e-01,-1.293939352035522461e-01,-4.473926499485969543e-02
-4.504473414272069931e-03,-1.984024643898010254e-01,5.949760675430297852e-01,6.358937174081802368e-02,-3.619631752371788025e-02,-6.857782006263732910e-01,7.241232991218566895e-01,-2.813835814595222473e-02,1.046501845121383667e-01,2.836996614933013916e-01,-9.996173977851867676e-01,2.975732386112213135e-01,-7.081192135810852051e-01,-1.451927065849304199e+00,1.708145499229431152e+00,1.682690024375915527e+00,9.833936691284179688e-01,-4.684656262397766113e-01,2.080775350332260132e-01,2.071363292634487152e-02,3.088898956775665283e-01,-1.225651800632476807e-01,3.358674794435501099e-02,-1.238533034920692444e-01,-1.298565566539764404e-01,-3.113892972469329834e-01,5.689172148704528809e-01,-1.299071311950683594e-01,-5.349025130271911621e-02
-6.335226353257894516e-03,-1.976454257965087891e-01,5.971565842628479004e-01,5.074772983789443970e-02,-2.874655276536941528e-02,-6.845242977142333984e-01,7.266530990600585938e-01,-2.293333783745765686e-02,1.064306423068046570e-01,3.254699707031250000e-01,-9.181842803955078125e-01,3.833678364753723145e-01,-8.544734716415405273e-01,-1.381498813629150391e+00,1.725924849510192871e+00,1.681473255157470703e+00,9.716467857360839844e-01,-4.824138283729553223e-01,2.175586372613906860e-01,-1.828604750335216522e-02,3.104189336299896240e-01,-1.187588348984718323e-01,3.179244697093963623e-02,-9.393195807933807373e-02,-7.984789460897445679e-02,-3.090704083442687988e-01,5.109342336654663086e-01,-1.298613250255584717e-01,-6.566967815160751343e-02
-8.192165754735469818e-03,-1.961213946342468262e-01,5.978491306304931641e-01,3.804299235343933105e-02,-1.666540838778018951e-02,-6.708210706710815430e-01,7.404552698135375977e-01,-4.936587065458297729e-04,1.220171600580215454e-01,3.881428241729736328e-01,-8.635951876640319824e-01,3.522995710372924805e-01,-9.881601929664611816e-01,-1.269870877265930176e+00,1.727112650871276855e+00,1.613511800765991211e+00,9.362041950225830078e-01,-4.950085282325744629e-01,2.219514101743698120e-01,-6.254682689905166626e-02,2.880062758922576904e-01,-1.117404848337173462e-01,3.052382543683052063e-02,-6.674922257661819458e-02,-3.059579059481620789e-02,-3.159317374229431152e-01,4.609236717224121094e-01,-1.287459433078765869e-01,-7.515451312065124512e-02
-9.910818189382553101e-03,-1.948280781507492065e-01,5.979990959167480469e-01,1.839734613895416260e-02,-6.172407884150743484e-03,-6.578003168106079102e-01,7.529423236846923828e-01,3.355298936367034912e-02,1.593451201915740967e-01,4.155950546264648438e-01,-8.365870714187622070e-01,3.493287265300750732e-01,-1.074902415275573730e+00,-1.147523283958435059e+00,1.724597930908203125e+00,1.581873655319213867e+00,9.263055324554443359e-01,-5.041272640228271484e-01,2.335883975028991699e-01,-9.475532919168472290e-02,2.901519834995269775e-01,-1.073984801769256592e-01,2.990005351603031158e-02,-2.940993010997772217e-02,2.040305733680725098e-02,-3.237325251102447510e-01,4.114993214607238770e-01,-1.293265819549560547e-01,-8.339454978704452515e-02
-1.123550161719322205e-02,-1.935881376266479492e-01,5.961878299713134766e-01,2.069305395707488060e-03,1.692465506494045258e-03,-6.433050036430358887e-01,7.656053304672241211e-01,7.039013504981994629e-02,1.882367283105850220e-01,4.409371018409729004e-01,-8.204253315925598145e-01,3.398527204990386963e-01,-1.103171467781066895e+00,-1.037057638168334961e+00,1.730867266654968262e+00,1.556389451026916504e+00,8.677994012832641602e-01,-5.108177661895751953e-01,2.368895709514617920e-01,-1.261854469776153564e-01,3.157235682010650635e-01,-1.041201651096343994e-01,2.719504199922084808e-02,2.251662546768784523e-03,5.770133435726165771e-02,-3.352568745613098145e-01,3.891928791999816895e-01,-1.303794234991073608e-01,-8.901395648717880249e-02
-1.210500113666057587e-02,-1.934852302074432373e-01,5.946003794670104980e-01,-7.516163401305675507e-03,9.027267806231975555e-03,-6.234533190727233887e-01,7.817723155021667480e-01,1.134123653173446655e-01,2.380293011665344238e-01,4.741134047508239746e-01,-8.396131396293640137e-01,3.136464655399322510e-01,-1.082460045814514160e+00,-9.144756793975830078e-01,1.705870866775512695e+00,1.525519728660583496e+00,8.106961250305175781e-01,-5.161770582199096680e-01,2.354815304279327393e-01,-1.267673820257186890e-01,3.396219909191131592e-01,-1.031529828906059265e-01,2.101777307689189911e-02,2.902757003903388977e-02,7.802932709455490112e-02,-3.363539874553680420e-01,3.637498915195465088e-01,-1.343824118375778198e-01,-9.329111129045486450e-02
-1.235825475305318832e-02,-1.931254714727401733e-01,5.911293029785156250e-01,-2.365944534540176392e-02,7.281591184437274933e-03,-6.004081368446350098e-01,7.993105053901672363e-01,1.543926298618316650e-01,2.675330340862274170e-01,5.494387745857238770e-01,-9.159069657325744629e-01,1.852333247661590576e-01,-9.634553790092468262e-01,-7.990604639053344727e-01,1.662265419960021973e+00,1.532616496086120605e+00,7.959572076797485352e-01,-5.430917143821716309e-01,2.212065160274505615e-01,-1.426934450864791870e-01,4.179409146308898926e-01,-9.942533820867538452e-02,1.387114264070987701e-02,6.397490203380584717e-02,1.019245162606239319e-01,-3.360495865345001221e-01,3.692010343074798584e-01,-1.356650441884994507e-01,-9.789464622735977173e-02
-1.202100887894630432e-02,-1.923691481351852417e-01,5.850433111190795898e-01,-3.479204326868057251e-02,-1.456647412851452827e-03,-5.735725760459899902e-01,8.184142708778381348e-01,2.469614893198013306e-01,3.268267214298248291e-01,5.719934701919555664e-01,-9.652759432792663574e-01,8.762920647859573364e-02,-8.616387844085693359e-01,-6.286526322364807129e-01,1.605243682861328125e+00,1.488185524940490723e+00,7.216753959655761719e-01,-5.448166131973266602e-01,2.076533138751983643e-01,-1.325252056121826172e-01,4.802775681018829346e-01,-1.015836521983146667e-01,1.380551420152187347e-02,9.848311543464660645e-02,1.017298847436904907e-01,-3.318408727645874023e-01,4.144527912139892578e-01,-1.329454630613327026e-01,-1.005427539348602295e-01
-1.125027798116207123e-02,-1.934479475021362305e-01,5.798618793487548828e-01,-4.080294817686080933e-02,-1.299168262630701065e-02,-5.474650263786315918e-01,8.357322216033935547e-01,3.014756441116333008e-01,3.846098482608795166e-01,5.771276354789733887e-01,-9.854791760444641113e-01,1.224414445459842682e-02,-7.819002270698547363e-01,-4.502825438976287842e-01,1.537737607955932617e+00,1.427282929420471191e+00,6.219550371170043945e-01,-5.475019216537475586e-01,1.812823414802551270e-01,-1.301472634077072144e-01,5.633208751678466797e-01,-1.059210300445556641e-01,1.967843249440193176e-02,1.157713234424591064e-01,9.867070615291595459e-02,-3.155843019485473633e-01,4.647030830383300781e-01,-1.320444047451019287e-01,-1.052745133638381958e-01
-1.010673120617866516e-02,-1.945182681083679199e-01,5.736068487167358398e-01,-3.666764870285987854e-02,-2.135100960731506348e-02,-5.211148262023925781e-01,8.524312376976013184e-01,3.795643448829650879e-01,4.223174154758453369e-01,5.903424620628356934e-01,-9.789206981658935547e-01,-4.959994181990623474e-02,-7.894302010536193848e-01,-2.907625138759613037e-01,1.487667202949523926e+00,1.304933786392211914e+00,4.969158470630645752e-01,-5.216518044471740723e-01,1.559141129255294800e-01,-1.255725771188735962e-01,5.902113914489746094e-01,-1.140742450952529907e-01,2.574911341071128845e-02,1.032711863517761230e-01,8.684787154197692871e-02,-2.962502837181091309e-01,5.431465506553649902e-01,-1.284343749284744263e-01,-1.095923185348510742e-01
-7.426292169839143753e-03,-1.971643865108489990e-01,5.682537555694580078e-01,-2.198108285665512085e-02,-3.150308132171630859e-02,-4.953110814094543457e-01,8.678659796714782715e-01,4.324239492416381836e-01,4.698978960514068604e-01,5.662899017333984375e-01,-9.915906786918640137e-01,-7.277762889862060547e-02,-8.566805124282836914e-01,-1.242630332708358765e-01,1.419489741325378418e+00,1.169490575790405273e+00,3.901965320110321045e-01,-4.890750646591186523e-01,1.165629029273986816e-01,-1.104254871606826782e-01,5.916928052902221680e-01,-1.206542998552322388e-01,3.416470810770988464e-02,5.529634281992912292e-02,5.110323056578636169e-02,-2.649857401847839355e-01,6.451854109764099121e-01,-1.254193782806396484e-01,-1.109683439135551453e-01
-4.664341919124126434e-03,-2.003448903560638428e-01,5.625426173210144043e-01,-1.486868038773536682e-02,-3.604869917035102844e-02,-4.771669209003448486e-01,8.779470920562744141e-01,4.310984909534454346e-01,4.818787872791290283e-01,5.451430082321166992e-01,-9.696173667907714844e-01,-1.090071350336074829e-01,-9.650719761848449707e-01,2.663262002170085907e-02,1.349150180816650391e+00,1.024135112762451172e+00,3.101215958595275879e-01,-4.652305245399475098e-01,9.161703288555145264e-02,-1.020415574312210083e-01,5.971617102622985840e-01,-1.276861727237701416e-01,4.462419822812080383e-02,-1.730141602456569672e-02,2.302426472306251526e-02,-2.197862267494201660e-01,7.576144933700561523e-01,-1.219737157225608826e-01,-1.179660111665725708e-01
-1.787030836567282677e-03,-2.030922621488571167e-01,5.636994242668151855e-01,-3.538725432008504868e-03,-3.824193775653839111e-02,-4.588668048381805420e-01,8.876746296882629395e-01,4.550545215606689453e-01,5.041951537132263184e-01,4.689476490020751953e-01,-9.471784234046936035e-01,-7.102285325527191162e-02,-1.131531000137329102e+00,1.726434230804443359e-01,1.274668931961059570e+00,8.359420299530029297e-01,2.910662889480590820e-01,-4.395548999309539795e-01,6.478790193796157837e-02,-7.108640670776367188e-02,5.616285800933837891e-01,-1.318924725055694580e-01,5.456119775772094727e-02,-9.399589151144027710e-02,-2.056337520480155945e-02,-1.691208183765411377e-01,8.691541552543640137e-01,-1.204526647925376892e-01,-1.228263452649116516e-01
1.807921798899769783e-03,-2.070800513029098511e-01,5.681640505790710449e-01,5.157288163900375366e-03,-3.751324117183685303e-02,-4.566047191619873047e-01,8.888635039329528809e-01,4.400745332241058350e-01,5.105341076850891113e-01,3.814583122730255127e-01,-9.244838356971740723e-01,-3.803623095154762268e-02,-1.349980115890502930e+00,2.966444790363311768e-01,1.201096296310424805e+00,6.794948577880859375e-01,2.937159836292266846e-01,-4.055980741977691650e-01,3.756443783640861511e-02,-5.815890431404113770e-02,5.259574055671691895e-01,-1.380486935377120972e-01,6.685204058885574341e-02,-1.932871192693710327e-01,-5.551732331514358521e-02,-1.158315613865852356e-01,9.569839239120483398e-01,-1.213075593113899231e-01,-1.222179457545280457e-01
5.303110927343368530e-03,-2.106235325336456299e-01,5.734438896179199219e-01,8.204225450754165649e-03,-3.820699453353881836e-02,-4.538728594779968262e-01,8.902091383934020996e-01,3.977266848087310791e-01,5.165425539016723633e-01,2.552999556064605713e-01,-8.428051471710205078e-01,8.615894243121147156e-03,-1.535808920860290527e+00,4.155661165714263916e-01,1.153633952140808105e+00,5.814840793609619141e-01,2.950748503208160400e-01,-3.614375889301300049e-01,1.901254802942276001e-02,-3.589184954762458801e-02,4.458834826946258545e-01,-1.476234644651412964e-01,8.153281360864639282e-02,-2.879129052162170410e-01,-8.375900983810424805e-02,-6.306538730859756470e-02,1.013851165771484375e+00,-1.216953322291374207e-01,-1.222598701715469360e-01
7.382441777735948563e-03,-2.138596028089523315e-01,5.778954625129699707e-01,8.896185085177421570e-03,-3.896375000476837158e-02,-4.702190458774566650e-01,8.816443085670471191e-01,3.312713205814361572e-01,5.245879292488098145e-01,4.146707430481910706e-02,-7.277594804763793945e-01,1.255305111408233643e-01,-1.661222696304321289e+00,5.230243802070617676e-01,1.103601217269897461e+00,4.725380539894104004e-01,3.178891241550445557e-01,-3.204479813575744629e-01,1.021561562083661556e-03,-4.690541885793209076e-03,3.831231892108917236e-01,-1.559564769268035889e-01,8.566946536302566528e-02,-3.737936913967132568e-01,-1.051972582936286926e-01,-1.384096778929233551e-02,1.044583559036254883e+00,-1.263777911663055420e-01,-1.169562637805938721e-01
9.653456509113311768e-03,-2.170469015836715698e-01,5.802663564682006836e-01,8.389730937778949738e-03,-4.596428200602531433e-02,-4.860779643058776855e-01,8.726655244827270508e-01,2.423709332942962646e-01,5.388692617416381836e-01,-2.172474712133407593e-01,-6.363801360130310059e-01,2.229463607072830200e-01,-1.728323101997375488e+00,6.097805500030517578e-01,1.059872746467590332e+00,3.928825557231903076e-01,3.213025331497192383e-01,-2.854175269603729248e-01,-1.917240768671035767e-02,1.107556093484163284e-02,3.536175489425659180e-01,-1.651051193475723267e-01,9.507586061954498291e-02,-4.504102468490600586e-01,-1.159798502922058105e-01,4.840511456131935120e-02,1.073284626007080078e+00,-1.323050111532211304e-01,-1.156613305211067200e-01
1.194689888507127762e-02,-2.192686796188354492e-01,5.819867849349975586e-01,1.100182067602872849e-02,-5.331214517354965210e-02,-5.077944397926330566e-01,8.597567081451416016e-01,1.435202062129974365e-01,5.545700192451477051e-01,-5.210532546043395996e-01,-6.177331805229187012e-01,3.426083922386169434e-01,-1.762974262237548828e+00,6.836342215538024902e-01,9.906221628189086914e-01,3.245751261711120605e-01,3.474270105361938477e-01,-2.500522136688232422e-01,-4.031923413276672363e-02,2.829518727958202362e-02,3.291561305522918701e-01,-1.737733036279678345e-01,1.062945649027824402e-01,-5.047451853752136230e-01,-1.146387159824371338e-01,1.044220402836799622e-01,1.076015353202819824e+00,-1.375427991151809692e-01,-1.080586165189743042e-01
1.452168077230453491e-02,-2.216513156890869141e-01,5.825208425521850586e-01,1.293347124010324478e-02,-6.425099074840545654e-02,-5.233803391456604004e-01,8.495749235153198242e-01,4.255311936140060425e-02,5.542123317718505859e-01,-8.576543927192687988e-01,-6.147053837776184082e-01,4.849337935447692871e-01,-1.797870874404907227e+00,7.677845358848571777e-01,9.444560408592224121e-01,2.851568758487701416e-01,3.470135629177093506e-01,-2.175970822572708130e-01,-6.097830832004547119e-02,3.498839586973190308e-02,3.187186717987060547e-01,-1.819988489151000977e-01,1.169056072831153870e-01,-5.453467369079589844e-01,-1.051504537463188171e-01,1.520196348428726196e-01,1.073864698410034180e+00,-1.446690708398818970e-01,-1.035438179969787598e-01
1.563168130815029144e-02,-2.227600514888763428e-01,5.825565457344055176e-01,1.137385237962007523e-02,-6.974245607852935791e-02,-5.392891168594360352e-01,8.391507267951965332e-01,-7.233727723360061646e-02,5.474513769149780273e-01,-1.209247708320617676e+00,-6.706795692443847656e-01,6.736756563186645508e-01,-1.768139600753784180e+00,8.242741227149963379e-01,9.150742292404174805e-01,2.122680097818374634e-01,3.511734008789062500e-01,-2.078217864036560059e-01,-6.786369532346725464e-02,5.499473586678504944e-02,3.484921455383300781e-01,-1.861231923103332520e-01,1.169193908572196960e-01,-5.644185543060302734e-01,-8.594718575477600098e-02,1.719071120023727417e-01,1.080374360084533691e+00,-1.490782648324966431e-01,-1.032409965991973877e-01
1.653914153575897217e-02,-2.237161099910736084e-01,5.815237164497375488e-01,7.034278474748134613e-03,-7.281342148780822754e-02,-5.569856166839599609e-01,8.272942304611206055e-01,-1.688302308320999146e-01,5.333536863327026367e-01,-1.509364724159240723e+00,-7.311176657676696777e-01,8.435703516006469727e-01,-1.767690062522888184e+00,8.756979107856750488e-01,9.006868600845336914e-01,1.166302561759948730e-01,3.617171943187713623e-01,-2.179264575242996216e-01,-6.736522912979125977e-02,8.692160248756408691e-02,4.148096144199371338e-01,-1.886090487241744995e-01,1.108933538198471069e-01,-5.814557075500488281e-01,-5.849000066518783569e-02,1.825505197048187256e-01,1.101693511009216309e+00,-1.518527567386627197e-01,-1.073054894804954529e-01
1.605920121073722839e-02,-2.243203073740005493e-01,5.804905295372009277e-01,3.893842920660972595e-03,-6.924814730882644653e-02,-5.763900876045227051e-01,8.142260313034057617e-01,-2.512916624546051025e-01,5.112754702568054199e-01,-1.722898364067077637e+00,-8.009511828422546387e-01,9.849695563316345215e-01,-1.738967657089233398e+00,8.644742965698242188e-01,9.049170613288879395e-01,6.483839452266693115e-02,3.404870629310607910e-01,-2.261090427637100220e-01,-4.600514471530914307e-02,1.092697158455848694e-01,4.663062095642089844e-01,-1.913633495569229126e-01,1.016179695725440979e-01,-5.914453268051147461e-01,-3.610301017761230469e-02,1.706347316503524780e-01,1.105827808380126953e+00,-1.511679738759994507e-01,-1.110789403319358826e-01
1.528408378362655640e-02,-2.242466509342193604e-01,5.779083967208862305e-01,4.613200202584266663e-03,-6.727040559053421021e-02,-5.971081852912902832e-01,7.993217110633850098e-01,-3.024663031101226807e-01,4.934826493263244629e-01,-1.842827320098876953e+00,-8.496702313423156738e-01,1.046286940574645996e+00,-1.750899910926818848e+00,8.377962112426757812e-01,8.972627520561218262e-01,6.079477071762084961e-02,3.452365994453430176e-01,-2.381217181682586670e-01,-3.124098666012287140e-02,1.136576756834983826e-01,5.242151618003845215e-01,-1.885445415973663330e-01,9.834097325801849365e-02,-6.064998507499694824e-01,-1.383136212825775146e-02,1.553643494844436646e-01,1.125565648078918457e+00,-1.467365622520446777e-01,-1.142211556434631348e-01
1.374035701155662537e-02,-2.242681384086608887e-01,5.756201744079589844e-01,8.623159490525722504e-03,-5.867940559983253479e-02,-6.139683723449707031e-01,7.870992422103881836e-01,-3.212843835353851318e-01,4.540936946868896484e-01,-1.918627619743347168e+00,-8.622518777847290039e-01,1.097396016120910645e+00,-1.786816716194152832e+00,7.901513576507568359e-01,8.950439691543579102e-01,1.014207899570465088e-01,3.671875000000000000e-01,-2.533170282840728760e-01,-1.554189622402191162e-02,1.047418788075447083e-01,5.715651512145996094e-01,-1.879755407571792603e-01,9.500923752784729004e-02,-6.241710186004638672e-01,-6.303012836724519730e-03,1.298708319664001465e-01,1.118257999420166016e+00,-1.474567055702209473e-01,-1.181360334157943726e-01
1.259438693523406982e-02,-2.225714325904846191e-01,5.750931501388549805e-01,1.249500457197427750e-02,-4.659147933125495911e-02,-6.306606531143188477e-01,7.745580673217773438e-01,-3.234897553920745850e-01,4.187699258327484131e-01,-1.929570794105529785e+00,-8.814228773117065430e-01,1.102517724037170410e+00,-1.799630165100097656e+00,7.120822668075561523e-01,9.088690280914306641e-01,1.049530804157257080e-01,3.773465454578399658e-01,-2.575944066047668457e-01,5.615111906081438065e-03,1.262661814689636230e-01,5.855512619018554688e-01,-1.896586418151855469e-01,8.683679252862930298e-02,-6.255807280540466309e-01,-2.019199542701244354e-03,1.006456613540649414e-01,1.099633336067199707e+00,-1.420949101448059082e-01,-1.157949343323707581e-01
1.059562992304563522e-02,-2.209396362304687500e-01,5.759170651435852051e-01,1.724205724895000458e-02,-3.547962382435798645e-02,-6.462998986244201660e-01,7.620632648468017578e-01,-3.290221989154815674e-01,3.843065500259399414e-01,-1.916589140892028809e+00,-8.801229596138000488e-01,1.093794107437133789e+00,-1.822415113449096680e+00,6.388342976570129395e-01,9.286043643951416016e-01,1.339107602834701538e-01,3.846252858638763428e-01,-2.538367509841918945e-01,2.144592069089412689e-02,1.395866274833679199e-01,5.743064284324645996e-01,-1.917801350355148315e-01,7.977064698934555054e-02,-6.248068809509277344e-01,-2.283632382750511169e-02,6.684169173240661621e-02,1.073198080062866211e+00,-1.414153277873992920e-01,-1.032886281609535217e-01
8.812535554170608521e-03,-2.191134393215179443e-01,5.773822069168090820e-01,2.184554189443588257e-02,-2.739904075860977173e-02,-6.590808033943176270e-01,7.512553334236145020e-01,-3.223778009414672852e-01,3.632364869117736816e-01,-1.874584674835205078e+00,-8.605667352676391602e-01,1.104844093322753906e+00,-1.813448429107666016e+00,5.525914430618286133e-01,9.632187485694885254e-01,1.757932007312774658e-01,4.276332557201385498e-01,-2.408059537410736084e-01,3.516031801700592041e-02,1.436628401279449463e-01,5.414862632751464844e-01,-1.911286562681198120e-01,7.504611462354660034e-02,-6.202934384346008301e-01,-5.445234477519989014e-02,2.544775791466236115e-02,1.043876290321350098e+00,-1.398776918649673462e-01,-8.894251286983489990e-02
7.027222309261560440e-03,-2.178004533052444458e-01,5.797379016876220703e-01,2.665955945849418640e-02,-1.985076442360877991e-02,-6.710980534553527832e-01,7.406231164932250977e-01,-3.039153516292572021e-01,3.392670154571533203e-01,-1.851233720779418945e+00,-8.431693911552429199e-01,1.121531844139099121e+00,-1.794655799865722656e+00,4.816564619541168213e-01,9.932936429977416992e-01,2.025774270296096802e-01,4.785787463188171387e-01,-2.164409607648849487e-01,4.675342142581939697e-02,1.489143073558807373e-01,4.849592149257659912e-01,-1.919326037168502808e-01,7.076212763786315918e-02,-5.944230556488037109e-01,-7.813482731580734253e-02,-8.183246478438377380e-03,9.656462669372558594e-01,-1.406927704811096191e-01,-7.856495678424835205e-02
4.538620822131633759e-03,-2.167993187904357910e-01,5.846465826034545898e-01,2.703458443284034729e-02,-7.166371215134859085e-03,-6.860314607620239258e-01,7.270341515541076660e-01,-2.812156677246093750e-01,3.216433227062225342e-01,-1.802676796913146973e+00,-8.199785351753234863e-01,1.118613719940185547e+00,-1.764858484268188477e+00,4.265433549880981445e-01,1.032833456993103027e+00,2.283522039651870728e-01,5.513793230056762695e-01,-1.950024813413619995e-01,5.525474995374679565e-02,1.535776257514953613e-01,4.054507613182067871e-01,-1.924789994955062866e-01,6.847194582223892212e-02,-5.643744468688964844e-01,-1.029138490557670593e-01,-4.683725535869598389e-02,8.900697231292724609e-01,-1.397300362586975098e-01,-6.780055165290832520e-02
3.011974506080150604e-03,-2.159989625215530396e-01,5.855630040168762207e-01,3.394950181245803833e-02,-3.156501799821853638e-03,-6.958442926406860352e-01,7.173828482627868652e-01,-2.544136047363281250e-01,3.160555362701416016e-01,-1.774510622024536133e+00,-8.148379325866699219e-01,1.136765360832214355e+00,-1.696985602378845215e+00,3.899426460266113281e-01,1.058110356330871582e+00,2.505153119564056396e-01,6.412284970283508301e-01,-1.746862381696701050e-01,6.398843228816986084e-02,1.637744605541229248e-01,3.570378422737121582e-01,-1.902672350406646729e-01,6.787838041782379150e-02,-5.224843025207519531e-01,-1.165321469306945801e-01,-7.161080092191696167e-02,7.940748333930969238e-01,-1.425328999757766724e-01,-5.719561129808425903e-02
1.363799441605806351e-03,-2.153739333152770996e-01,5.885053277015686035e-01,3.030480816960334778e-02,3.028703795280307531e-04,-7.113121151924133301e-01,7.022225856781005859e-01,-2.180289626121520996e-01,3.263060748577117920e-01,-1.747808456420898438e+00,-8.232743740081787109e-01,1.177830219268798828e+00,-1.622147202491760254e+00,3.464026749134063721e-01,1.058783173561096191e+00,2.761056423187255859e-01,7.413622736930847168e-01,-1.673067361116409302e-01,7.163894921541213989e-02,1.805707365274429321e-01,3.175940811634063721e-01,-1.889090240001678467e-01,6.123128160834312439e-02,-4.856605529785156250e-01,-1.326718479394912720e-01,-9.714603424072265625e-02,7.206965088844299316e-01,-1.440245360136032104e-01,-4.878187552094459534e-02
3.310907413833774626e-05,-2.152031213045120239e-01,5.894795656204223633e-01,2.446583472192287445e-02,1.652862993068993092e-04,-7.178052663803100586e-01,6.958139538764953613e-01,-1.856421083211898804e-01,3.491509556770324707e-01,-1.688385367393493652e+00,-8.306754827499389648e-01,1.229297637939453125e+00,-1.538338065147399902e+00,3.253934979438781738e-01,1.075624585151672363e+00,2.806081175804138184e-01,8.542947173118591309e-01,-1.845189779996871948e-01,8.813787996768951416e-02,1.859504878520965576e-01,3.250477313995361328e-01,-1.856163889169692993e-01,5.782004073262214661e-02,-4.357598125934600830e-01,-1.321492046117782593e-01,-1.025694608688354492e-01,6.329867839813232422e-01,-1.463868170976638794e-01,-4.996729269623756409e-02
2.300656633451581001e-04,-2.152186930179595947e-01,5.903323292732238770e-01,2.487513609230518341e-02,-1.259441114962100983e-02,-7.228795886039733887e-01,6.904112696647644043e-01,-1.491817831993103027e-01,3.668392896652221680e-01,-1.606551647186279297e+00,-8.972476720809936523e-01,1.268588304519653320e+00,-1.373915076255798340e+00,3.197779655456542969e-01,1.038511753082275391e+00,2.861704230308532715e-01,9.901064038276672363e-01,-1.971363127231597900e-01,1.051838994026184082e-01,2.017452418804168701e-01,3.452057540416717529e-01,-1.867883801460266113e-01,5.414888262748718262e-02,-4.028244614601135254e-01,-1.347484439611434937e-01,-1.067040041089057922e-01,5.895677804946899414e-01,-1.473894864320755005e-01,-4.842888191342353821e-02
7.006142404861748219e-04,-2.148342728614807129e-01,5.895782709121704102e-01,1.811923831701278687e-02,-1.559515763074159622e-02,-7.267079949378967285e-01,6.865303516387939453e-01,-1.100409924983978271e-01,3.851260542869567871e-01,-1.546222090721130371e+00,-9.565908312797546387e-01,1.312939882278442383e+00,-1.192005157470703125e+00,3.092103302478790283e-01,9.981039166450500488e-01,2.628571391105651855e-01,1.137588620185852051e+00,-2.219019383192062378e-01,1.283562332391738892e-01,2.351050078868865967e-01,3.973920345306396484e-01,-1.874841898679733276e-01,4.558499902486801147e-02,-3.909829854965209961e-01,-1.604105979204177856e-01,-1.509223282337188721e-01,5.808054804801940918e-01,-1.522020101547241211e-01,-3.096091933548450470e-02
2.701297926250845194e-04,-2.150013148784637451e-01,5.906744599342346191e-01,1.511469297111034393e-02,-2.456286735832691193e-02,-7.417185902595520020e-01,6.700907945632934570e-01,-8.249133825302124023e-02,4.177055060863494873e-01,-1.444754242897033691e+00,-1.025577306747436523e+00,1.350502014160156250e+00,-1.018098950386047363e+00,2.963905930519104004e-01,9.550046324729919434e-01,2.233754247426986694e-01,1.277211308479309082e+00,-2.745196521282196045e-01,1.684793233871459961e-01,2.503821253776550293e-01,4.990302026271820068e-01,-1.875092536211013794e-01,3.814929351210594177e-02,-3.819116055965423584e-01,-1.639622300863265991e-01,-1.783494055271148682e-01,5.730112791061401367e-01,-1.568694114685058594e-01,-2.488131262362003326e-02
4.746713602798990905e-05,-2.153823822736740112e-01,5.894609093666076660e-01,1.626542024314403534e-02,-2.339430525898933411e-02,-7.608554363250732422e-01,6.482955217361450195e-01,-5.792438611388206482e-02,4.173175692558288574e-01,-1.397374033927917480e+00,-1.060866355895996094e+00,1.399484753608703613e+00,-8.553550243377685547e-01,2.568751275539398193e-01,8.534922599792480469e-01,2.121749371290206909e-01,1.433180809020996094e+00,-3.239199221134185791e-01,2.000026553869247437e-01,2.560513317584991455e-01,5.960544943809509277e-01,-1.898123770952224731e-01,3.363994136452674866e-02,-3.951188623905181885e-01,-1.584902703762054443e-01,-1.814693361520767212e-01,5.994543433189392090e-01,-1.586512327194213867e-01,-2.107955701649188995e-02
1.373940031044185162e-04,-2.153400331735610962e-01,5.891843438148498535e-01,1.883020810782909393e-02,-3.016925230622291565e-02,-7.796494364738464355e-01,6.252055764198303223e-01,2.162215678254142404e-04,4.280460774898529053e-01,-1.277296304702758789e+00,-1.060178041458129883e+00,1.393532156944274902e+00,-7.019900083541870117e-01,1.956278085708618164e-01,7.451741099357604980e-01,1.989842355251312256e-01,1.538410663604736328e+00,-3.733276426792144775e-01,2.345479577779769897e-01,2.541982233524322510e-01,6.901051998138427734e-01,-1.908265352249145508e-01,3.314173221588134766e-02,-4.081771969795227051e-01,-1.641449183225631714e-01,-1.946761608123779297e-01,6.231390237808227539e-01,-1.598265022039413452e-01,-1.546954363584518433e-02
-3.301583928987383842e-04,-2.158927470445632935e-01,5.898359417915344238e-01,2.049031294882297516e-02,-3.247671201825141907e-02,-8.018577098846435547e-01,5.962797999382019043e-01,2.666578441858291626e-02,4.356932342052459717e-01,-1.133710741996765137e+00,-1.080179810523986816e+00,1.339944601058959961e+00,-5.521288514137268066e-01,1.558869630098342896e-01,7.089990973472595215e-01,1.283467411994934082e-01,1.656409740447998047e+00,-4.090946614742279053e-01,2.583224177360534668e-01,2.284396439790725708e-01,7.721366882324218750e-01,-1.921219527721405029e-01,3.629099577665328979e-02,-4.170441627502441406e-01,-1.389275491237640381e-01,-1.686859875917434692e-01,6.158657073974609375e-01,-1.578462421894073486e-01,-2.058298885822296143e-02
-9.181437199003994465e-04,-2.163920551538467407e-01,5.904078483581542969e-01,1.961470767855644226e-02,-3.228456526994705200e-02,-8.198094964027404785e-01,5.713890194892883301e-01,4.384817183017730713e-02,4.455333352088928223e-01,-9.925679564476013184e-01,-1.068549394607543945e+00,1.317013144493103027e+00,-4.188393950462341309e-01,1.399240195751190186e-01,6.706032752990722656e-01,8.194405585527420044e-02,1.750695824623107910e+00,-4.452186524868011475e-01,2.775706946849822998e-01,1.892170459032058716e-01,8.536797165870666504e-01,-1.929643601179122925e-01,4.437103122472763062e-02,-4.124447405338287354e-01,-1.078123226761817932e-01,-1.504541635513305664e-01,6.081536412239074707e-01,-1.564223468303680420e-01,-2.821905724704265594e-02
-1.544283353723585606e-03,-2.162753194570541382e-01,5.919337272644042969e-01,2.441431768238544464e-02,-2.910813502967357635e-02,-8.406816720962524414e-01,5.401953458786010742e-01,6.049930676817893982e-02,4.359529018402099609e-01,-8.398376703262329102e-01,-1.041205763816833496e+00,1.252329111099243164e+00,-2.942653596401214600e-01,1.092670187354087830e-01,5.815026164054870605e-01,5.216693133115768433e-02,1.831939101219177246e+00,-4.620153605937957764e-01,2.813478708267211914e-01,1.545494049787521362e-01,9.065499305725097656e-01,-1.920790225267410278e-01,5.792048946022987366e-02,-4.048471450805664062e-01,-8.182756602764129639e-02,-1.382560282945632935e-01,5.781368017196655273e-01,-1.564096659421920776e-01,-3.297160938382148743e-02
-2.803599461913108826e-03,-2.164725661277770996e-01,5.940312743186950684e-01,2.639039419591426849e-02,-2.970699779689311981e-02,-8.631998896598815918e-01,5.032961368560791016e-01,1.111647263169288635e-01,4.398847222328186035e-01,-6.558609008789062500e-01,-1.004394769668579102e+00,1.145844817161560059e+00,-2.215697020292282104e-01,5.948166921734809875e-02,5.382221937179565430e-01,4.326006770133972168e-02,1.903875708580017090e+00,-4.641332626342773438e-01,2.547900676727294922e-01,1.022038683295249939e-01,9.363787770271301270e-01,-1.876869499683380127e-01,7.985980808734893799e-02,-3.826653659343719482e-01,-5.410313978791236877e-02,-1.184647604823112488e-01,5.376667976379394531e-01,-1.568288356065750122e-01,-4.303040727972984314e-02
-4.208481404930353165e-03,-2.165503054857254028e-01,5.963639616966247559e-01,2.625985257327556610e-02,-2.885031327605247498e-02,-8.814921379089355469e-01,4.705843925476074219e-01,1.327415555715560913e-01,4.487423002719879150e-01,-4.730162322521209717e-01,-9.929671883583068848e-01,1.046642065048217773e+00,-1.607172787189483643e-01,-3.378436714410781860e-02,5.017865300178527832e-01,6.608851999044418335e-02,1.959460735321044922e+00,-4.700548946857452393e-01,2.344727069139480591e-01,4.869583621621131897e-02,9.713545441627502441e-01,-1.825348287820816040e-01,1.013171151280403137e-01,-3.483305573463439941e-01,-2.084696479141712189e-02,-1.016336083412170410e-01,4.755008816719055176e-01,-1.590685397386550903e-01,-5.044132098555564880e-02
-6.650930736213922501e-03,-2.158512324094772339e-01,5.980414748191833496e-01,2.413185127079486847e-02,-2.756403759121894836e-02,-9.040434956550598145e-01,4.258676767349243164e-01,1.514998972415924072e-01,4.502166807651519775e-01,-2.634318470954895020e-01,-9.771910905838012695e-01,9.390417337417602539e-01,-1.644719094038009644e-01,-1.571457684040069580e-01,4.962914884090423584e-01,1.312460899353027344e-01,2.023824691772460938e+00,-4.579986631870269775e-01,1.953875720500946045e-01,1.147927809506654739e-02,9.825803637504577637e-01,-1.769154071807861328e-01,1.168432384729385376e-01,-3.049815893173217773e-01,8.254244923591613770e-03,-8.344981074333190918e-02,4.129713475704193115e-01,-1.606080830097198486e-01,-5.823113769292831421e-02
-9.488741867244243622e-03,-2.134469598531723022e-01,5.989695191383361816e-01,2.344202436506748199e-02,-2.229245379567146301e-02,-9.273959398269653320e-01,3.726799190044403076e-01,1.871554553508758545e-01,4.415972232818603516e-01,-8.929022401571273804e-02,-1.012391924858093262e+00,7.889624238014221191e-01,-1.371624171733856201e-01,-2.743623852729797363e-01,5.372648239135742188e-01,1.960677504539489746e-01,2.091762781143188477e+00,-4.525131285190582275e-01,1.609632670879364014e-01,-2.356941811740398407e-03,9.911652803421020508e-01,-1.692422330379486084e-01,1.266086995601654053e-01,-2.687201201915740967e-01,1.702621020376682281e-02,-8.712553977966308594e-02,3.577110171318054199e-01,-1.627322137355804443e-01,-5.937206372618675232e-02
-1.243667770177125931e-02,-2.104865610599517822e-01,5.982396006584167480e-01,1.692346669733524323e-02,-1.683855056762695312e-02,-9.483420848846435547e-01,3.163501024246215820e-01,2.161725461483001709e-01,4.511913657188415527e-01,8.107148110866546631e-02,-1.049459457397460938e+00,6.550480723381042480e-01,-1.386080384254455566e-01,-4.080428481101989746e-01,5.978409647941589355e-01,2.953450977802276611e-01,2.138613700866699219e+00,-4.433927834033966064e-01,1.224332228302955627e-01,-2.683988399803638458e-02,1.001197457313537598e+00,-1.618869155645370483e-01,1.372937858104705811e-01,-2.426774352788925171e-01,2.540847472846508026e-02,-1.075874939560890198e-01,3.327442109584808350e-01,-1.657073199748992920e-01,-5.560655891895294189e-02
-1.475538313388824463e-02,-2.070474028587341309e-01,5.970887541770935059e-01,1.173638924956321716e-02,-1.100410334765911102e-02,-9.681707620620727539e-01,2.497730106115341187e-01,2.268350273370742798e-01,4.647231400012969971e-01,2.181194424629211426e-01,-1.115754365921020508e+00,5.664442181587219238e-01,-1.532415747642517090e-01,-5.049720406532287598e-01,6.761148571968078613e-01,3.859151601791381836e-01,2.176287889480590820e+00,-4.474137425422668457e-01,9.525592625141143799e-02,-2.481100149452686310e-02,1.010825395584106445e+00,-1.577356457710266113e-01,1.460512876510620117e-01,-2.269873917102813721e-01,2.382246963679790497e-02,-1.245545893907546997e-01,3.305118978023529053e-01,-1.669134348630905151e-01,-5.180676653981208801e-02
-1.657847128808498383e-02,-2.028436362743377686e-01,5.956577062606811523e-01,5.697444430552423000e-04,-1.172214094549417496e-02,-9.803659915924072266e-01,1.968368440866470337e-01,2.293807864189147949e-01,5.037317276000976562e-01,3.136068582534790039e-01,-1.210662126541137695e+00,5.189613103866577148e-01,-1.457038670778274536e-01,-5.882331728935241699e-01,8.327031731605529785e-01,4.684238433837890625e-01,2.241709232330322266e+00,-4.601705670356750488e-01,6.068620458245277405e-02,-3.038363344967365265e-02,1.054509520530700684e+00,-1.507822126150131226e-01,1.602349281311035156e-01,-2.101460397243499756e-01,2.092634886503219604e-02,-1.359841972589492798e-01,3.549747169017791748e-01,-1.675726026296615601e-01,-5.251345783472061157e-02
-1.617464981973171234e-02,-2.028289884328842163e-01,5.958790183067321777e-01,7.321047596633434296e-04,-1.142433471977710724e-02,-9.806287884712219238e-01,1.955406963825225830e-01,2.394526153802871704e-01,5.035300254821777344e-01,3.179387450218200684e-01,-1.212627410888671875e+00,5.083459019660949707e-01,-1.468056589365005493e-01,-5.989981889724731445e-01,8.396221399307250977e-01,4.812454283237457275e-01,2.238658905029296875e+00,-4.559717178344726562e-01,6.458526849746704102e-02,-2.151561528444290161e-02,1.047674655914306641e+00,-1.484450399875640869e-01,1.605375558137893677e-01,-2.115280330181121826e-01,2.296039834618568420e-02,-1.272526532411575317e-01,3.520968556404113770e-01,-1.641150861978530884e-01,-5.336441472172737122e-02
-1.722810789942741394e-02,-1.996154785156250000e-01,5.946399569511413574e-01,-3.781625069677829742e-03,-1.479247119277715683e-02,-9.838000535964965820e-01,1.786177307367324829e-01,2.227294147014617920e-01,5.414870977401733398e-01,3.595638275146484375e-01,-1.268637776374816895e+00,4.784961044788360596e-01,-1.644386798143386841e-01,-6.261934041976928711e-01,9.449017047882080078e-01,5.279634594917297363e-01,2.275931119918823242e+00,-4.914221167564392090e-01,3.395238891243934631e-02,-3.504486382007598877e-02,1.113098025321960449e+00,-1.424008905887603760e-01,1.734336763620376587e-01,-1.965992301702499390e-01,1.566219329833984375e-02,-1.387370228767395020e-01,3.908969461917877197e-01,-1.667196899652481079e-01,-5.175111815333366394e-02
-1.733494363725185394e-02,-1.965234875679016113e-01,5.921359658241271973e-01,-1.155814528465270996e-02,-9.495525620877742767e-03,-9.869164228439331055e-01,1.605372577905654907e-01,2.091305553913116455e-01,5.694402456283569336e-01,3.706624805927276611e-01,-1.297087073326110840e+00,4.416191577911376953e-01,-1.741177588701248169e-01,-6.326680779457092285e-01,1.015275478363037109e+00,5.537379384040832520e-01,2.297768592834472656e+00,-5.119583606719970703e-01,2.393965050578117371e-02,-2.036807872354984283e-02,1.169572710990905762e+00,-1.408680230379104614e-01,1.727664321660995483e-01,-1.792719066143035889e-01,1.692476682364940643e-02,-1.472444534301757812e-01,4.245164990425109863e-01,-1.666702330112457275e-01,-5.425789579749107361e-02
-1.773251779377460480e-02,-1.943364739418029785e-01,5.907831192016601562e-01,-1.925689354538917542e-02,-7.641030009835958481e-03,-9.876068830490112305e-01,1.555745899677276611e-01,1.996272206306457520e-01,5.906546115875244141e-01,3.611691892147064209e-01,-1.318676114082336426e+00,4.338120818138122559e-01,-1.811364889144897461e-01,-6.313928961753845215e-01,1.091379761695861816e+00,5.620831847190856934e-01,2.321347475051879883e+00,-5.361149907112121582e-01,8.754393085837364197e-03,-5.541595630347728729e-03,1.201329588890075684e+00,-1.387270838022232056e-01,1.715385168790817261e-01,-1.536834537982940674e-01,2.322762459516525269e-02,-1.330103129148483276e-01,4.376712143421173096e-01,-1.665305346250534058e-01,-5.965322256088256836e-02
-1.797239668667316437e-02,-1.920684128999710083e-01,5.898277759552001953e-01,-2.629019878804683685e-02,-5.731257610023021698e-03,-9.886521100997924805e-01,1.477936357259750366e-01,1.806245595216751099e-01,6.069797277450561523e-01,3.492964208126068115e-01,-1.315917730331420898e+00,4.282215535640716553e-01,-2.277570664882659912e-01,-6.332159042358398438e-01,1.147555947303771973e+00,5.961810946464538574e-01,2.331054449081420898e+00,-5.525889992713928223e-01,5.066244862973690033e-03,1.492361258715391159e-02,1.216076612472534180e+00,-1.376390457153320312e-01,1.654576659202575684e-01,-1.232955828309059143e-01,2.156026288866996765e-02,-1.381114274263381958e-01,4.398521184921264648e-01,-1.686115860939025879e-01,-6.348340958356857300e-02
-1.820341870188713074e-02,-1.912851780652999878e-01,5.900487899780273438e-01,-3.770543634891510010e-02,-7.490947842597961426e-03,-9.887164235115051270e-01,1.447827816009521484e-01,1.615579277276992798e-01,6.079377532005310059e-01,3.300666213035583496e-01,-1.310822248458862305e+00,4.284898042678833008e-01,-2.707886099815368652e-01,-6.478018760681152344e-01,1.162344217300415039e+00,6.049649715423583984e-01,2.310285091400146484e+00,-5.565730929374694824e-01,9.766484610736370087e-03,4.213243350386619568e-02,1.203886985778808594e+00,-1.382755190134048462e-01,1.609111279249191284e-01,-9.987858682870864868e-02,2.147365547716617584e-02,-1.279726475477218628e-01,4.353938400745391846e-01,-1.686667948961257935e-01,-6.765473634004592896e-02
-1.845153793692588806e-02,-1.907421052455902100e-01,5.904452800750732422e-01,-4.276441782712936401e-02,-9.915847331285476685e-03,-9.894470572471618652e-01,1.380849033594131470e-01,1.399107426404953003e-01,5.903393030166625977e-01,3.134262561798095703e-01,-1.292635917663574219e+00,4.354601502418518066e-01,-3.435694575309753418e-01,-6.729264855384826660e-01,1.202421426773071289e+00,6.236111521720886230e-01,2.274148225784301758e+00,-5.600208640098571777e-01,6.395066622644662857e-03,5.570257082581520081e-02,1.178732991218566895e+00,-1.380406469106674194e-01,1.570639461278915405e-01,-6.727228313684463501e-02,2.150809392333030701e-02,-1.262722164392471313e-01,4.226699173450469971e-01,-1.702480316162109375e-01,-6.788354367017745972e-02
-1.887369155883789062e-02,-1.915968209505081177e-01,5.929782986640930176e-01,-4.580632597208023071e-02,-2.139736525714397430e-02,-9.881778955459594727e-01,1.447356045246124268e-01,1.606517136096954346e-01,5.709784030914306641e-01,2.990785241127014160e-01,-1.275437593460083008e+00,4.399499297142028809e-01,-4.287646412849426270e-01,-6.967200040817260742e-01,1.198325276374816895e+00,6.263290047645568848e-01,2.243393659591674805e+00,-5.722123384475708008e-01,4.679065663367509842e-03,6.788450479507446289e-02,1.140413641929626465e+00,-1.380269676446914673e-01,1.548980623483657837e-01,-3.257315978407859802e-02,2.568414621055126190e-02,-1.136317625641822815e-01,3.875986337661743164e-01,-1.721064746379852295e-01,-6.898368149995803833e-02
-1.939289085566997528e-02,-1.933209449052810669e-01,5.952094793319702148e-01,-4.844326153397560120e-02,-3.312432020902633667e-02,-9.853435158729553223e-01,1.601692289113998413e-01,1.726717054843902588e-01,5.511550903320312500e-01,2.808407843112945557e-01,-1.245005965232849121e+00,4.564928114414215088e-01,-5.131883621215820312e-01,-7.330406904220581055e-01,1.197492599487304688e+00,6.412925124168395996e-01,2.203451633453369141e+00,-5.700168609619140625e-01,-3.060788149014115334e-03,8.576557785272598267e-02,1.060017824172973633e+00,-1.388809978961944580e-01,1.456510275602340698e-01,-4.538409411907196045e-03,2.232937328517436981e-02,-9.869827330112457275e-02,3.625557422637939453e-01,-1.717387586832046509e-01,-7.048712670803070068e-02
-1.979703642427921295e-02,-1.948597431182861328e-01,5.968201756477355957e-01,-5.357573181390762329e-02,-3.949720412492752075e-02,-9.833314418792724609e-01,1.692005991935729980e-01,1.813148111104965210e-01,5.266653299331665039e-01,2.612619400024414062e-01,-1.205631017684936523e+00,4.703468382358551025e-01,-6.142905354499816895e-01,-7.902372479438781738e-01,1.186056375503540039e+00,6.491095423698425293e-01,2.162165880203247070e+00,-5.452728271484375000e-01,-1.676794327795505524e-02,1.115488708019256592e-01,9.382435083389282227e-01,-1.413143277168273926e-01,1.368853896856307983e-01,8.269028738141059875e-03,1.237790472805500031e-02,-9.538268297910690308e-02,3.481836020946502686e-01,-1.700016707181930542e-01,-6.665602326393127441e-02
-1.956384070217609406e-02,-1.955132335424423218e-01,5.970675945281982422e-01,-4.983606189489364624e-02,-4.451544582843780518e-02,-9.834339022636413574e-01,1.685007810592651367e-01,1.854494959115982056e-01,5.113340616226196289e-01,2.484821081161499023e-01,-1.159214735031127930e+00,4.788898825645446777e-01,-7.089345455169677734e-01,-8.441326618194580078e-01,1.168754458427429199e+00,6.714079976081848145e-01,2.092336893081665039e+00,-5.217882990837097168e-01,-4.240387305617332458e-02,1.282279938459396362e-01,8.010002374649047852e-01,-1.432421058416366577e-01,1.317090690135955811e-01,2.097014524042606354e-02,-1.278634532354772091e-03,-9.260801970958709717e-02,3.563308119773864746e-01,-1.691432297229766846e-01,-6.354489177465438843e-02
-1.826197840273380280e-02,-1.954540461301803589e-01,5.970898866653442383e-01,-4.486874118447303772e-02,-4.278272017836570740e-02,-9.844291210174560547e-01,1.644862741231918335e-01,2.135666161775588989e-01,5.045413374900817871e-01,2.412900477647781372e-01,-1.105034589767456055e+00,4.909697175025939941e-01,-7.997175455093383789e-01,-9.105867743492126465e-01,1.149807691574096680e+00,6.967371106147766113e-01,2.027193784713745117e+00,-4.866612255573272705e-01,-4.900202527642250061e-02,1.563268899917602539e-01,6.286690831184387207e-01,-1.488200128078460693e-01,1.192884817719459534e-01,3.506166115403175354e-02,-1.866152696311473846e-02,-1.085128858685493469e-01,3.573047816753387451e-01,-1.683666855096817017e-01,-5.876421183347702026e-02
-1.698509231209754944e-02,-1.946768164634704590e-01,5.971770882606506348e-01,-4.822168126702308655e-02,-4.780847579240798950e-02,-9.832596778869628906e-01,1.690842509269714355e-01,2.526062428951263428e-01,5.038326978683471680e-01,2.689129412174224854e-01,-1.053080916404724121e+00,4.877092540264129639e-01,-9.137287139892578125e-01,-9.991496205329895020e-01,1.157180547714233398e+00,7.276756763458251953e-01,1.938440561294555664e+00,-4.327210187911987305e-01,-7.958997040987014771e-02,1.692167669534683228e-01,4.160545468330383301e-01,-1.496573537588119507e-01,1.116977930068969727e-01,2.947600930929183960e-02,-6.220437958836555481e-02,-1.347231417894363403e-01,3.977253735065460205e-01,-1.651329398155212402e-01,-5.207457393407821655e-02
-1.593658886849880219e-02,-1.946615725755691528e-01,5.962737202644348145e-01,-5.455351248383522034e-02,-5.236039683222770691e-02,-9.793565869331359863e-01,1.874645501375198364e-01,2.571336030960083008e-01,5.127139091491699219e-01,2.902689576148986816e-01,-9.974291324615478516e-01,4.891987442970275879e-01,-1.000365376472473145e+00,-1.078081846237182617e+00,1.161365270614624023e+00,7.653062939643859863e-01,1.843305826187133789e+00,-4.078712463378906250e-01,-9.981347620487213135e-02,2.012722492218017578e-01,2.967193424701690674e-01,-1.517358422279357910e-01,1.043372303247451782e-01,2.054879814386367798e-02,-9.095430374145507812e-02,-1.577005982398986816e-01,4.425230622291564941e-01,-1.607709527015686035e-01,-4.589092358946800232e-02
-1.580331474542617798e-02,-1.957486271858215332e-01,5.941044688224792480e-01,-5.268676206469535828e-02,-5.805625766515731812e-02,-9.715347290039062500e-01,2.235482484102249146e-01,2.820977270603179932e-01,5.297136902809143066e-01,3.029759526252746582e-01,-9.523089528083801270e-01,4.996689260005950928e-01,-1.100350737571716309e+00,-1.139314889907836914e+00,1.162419438362121582e+00,7.988985776901245117e-01,1.734785199165344238e+00,-3.916341364383697510e-01,-1.388975083827972412e-01,2.516015470027923584e-01,1.956415772438049316e-01,-1.561694592237472534e-01,9.708195924758911133e-02,1.384688075631856918e-02,-1.242198124527931213e-01,-1.788896173238754272e-01,4.826404154300689697e-01,-1.628447622060775757e-01,-3.878928348422050476e-02
-1.702354848384857178e-02,-1.964303553104400635e-01,5.912242531776428223e-01,-4.705762863159179688e-02,-6.280983984470367432e-02,-9.637823104858398438e-01,2.548806071281433105e-01,3.076943457126617432e-01,5.356755256652832031e-01,3.582040071487426758e-01,-9.099119901657104492e-01,4.852570593357086182e-01,-1.210066914558410645e+00,-1.205895662307739258e+00,1.224549174308776855e+00,8.255421519279479980e-01,1.619034409523010254e+00,-3.953252732753753662e-01,-1.719959080219268799e-01,2.470768541097640991e-01,1.629617214202880859e-01,-1.527312695980072021e-01,9.904192388057708740e-02,9.267175570130348206e-03,-1.451515108346939087e-01,-1.967497020959854126e-01,5.177457928657531738e-01,-1.687556654214859009e-01,-3.348003700375556946e-02
-1.999178342521190643e-02,-1.975063383579254150e-01,5.907620191574096680e-01,-3.723800554871559143e-02,-6.770052015781402588e-02,-9.561327099800109863e-01,2.825600504875183105e-01,3.494815826416015625e-01,5.360961556434631348e-01,4.234607815742492676e-01,-8.862670660018920898e-01,4.487699270248413086e-01,-1.304068803787231445e+00,-1.247481584548950195e+00,1.269283533096313477e+00,8.463759422302246094e-01,1.514805078506469727e+00,-4.190341532230377197e-01,-1.942165642976760864e-01,2.289950102567672729e-01,1.789945363998413086e-01,-1.486814916133880615e-01,1.023247316479682922e-01,7.442275993525981903e-03,-1.587161421775817871e-01,-2.037241756916046143e-01,5.148808360099792480e-01,-1.774880141019821167e-01,-2.790670469403266907e-02
-2.372827008366584778e-02,-1.999931484460830688e-01,5.904759168624877930e-01,-2.460640855133533478e-02,-7.352659106254577637e-02,-9.452648162841796875e-01,3.169587254524230957e-01,3.882507383823394775e-01,5.375437736511230469e-01,4.967248737812042236e-01,-8.755785822868347168e-01,3.807621598243713379e-01,-1.393642187118530273e+00,-1.248694300651550293e+00,1.323894500732421875e+00,8.542454242706298828e-01,1.450432300567626953e+00,-4.602170288562774658e-01,-2.273125350475311279e-01,2.303857952356338501e-01,2.055341154336929321e-01,-1.471949368715286255e-01,1.035027951002120972e-01,-1.458708662539720535e-03,-1.688231825828552246e-01,-2.033219486474990845e-01,5.129194855690002441e-01,-1.865183413028717041e-01,-2.310794964432716370e-02
-2.768157236278057098e-02,-2.019982784986495972e-01,5.931147933006286621e-01,-1.289324555546045303e-02,-8.060006052255630493e-02,-9.367596507072448730e-01,3.403216004371643066e-01,4.076731503009796143e-01,5.408335328102111816e-01,5.931472778320312500e-01,-8.626558780670166016e-01,3.279196023941040039e-01,-1.478029012680053711e+00,-1.239114522933959961e+00,1.389648199081420898e+00,8.760169148445129395e-01,1.350102543830871582e+00,-4.862298071384429932e-01,-2.540822923183441162e-01,2.108187675476074219e-01,2.368824332952499390e-01,-1.462368220090866089e-01,1.062818318605422974e-01,-1.128486730158329010e-02,-1.642893999814987183e-01,-2.041031867265701294e-01,4.842182099819183350e-01,-1.944825947284698486e-01,-2.337064035236835480e-02
-3.047768212854862213e-02,-2.050273120403289795e-01,5.955242514610290527e-01,-9.947285288944840431e-04,-8.691046386957168579e-02,-9.242925047874450684e-01,3.716569840908050537e-01,4.277485609054565430e-01,5.428398847579956055e-01,7.119526863098144531e-01,-8.676185607910156250e-01,2.277225553989410400e-01,-1.551058173179626465e+00,-1.220307350158691406e+00,1.429059028625488281e+00,9.107590317726135254e-01,1.258802771568298340e+00,-5.225612521171569824e-01,-2.534717619419097900e-01,1.838130950927734375e-01,3.400621712207794189e-01,-1.425204724073410034e-01,1.092658117413520813e-01,-1.791362091898918152e-02,-1.524213552474975586e-01,-2.159437686204910278e-01,4.487875998020172119e-01,-2.019060701131820679e-01,-2.231099456548690796e-02
-3.211449831724166870e-02,-2.073254734277725220e-01,5.969102382659912109e-01,1.041787955909967422e-02,-9.235580265522003174e-02,-9.130876660346984863e-01,3.970299363136291504e-01,4.627569913864135742e-01,5.335693359375000000e-01,8.183187246322631836e-01,-8.890388011932373047e-01,1.588036864995956421e-01,-1.597562670707702637e+00,-1.195771574974060059e+00,1.511634826660156250e+00,9.228764176368713379e-01,1.139244437217712402e+00,-5.713793635368347168e-01,-2.456387728452682495e-01,1.468580365180969238e-01,4.882839918136596680e-01,-1.324694901704788208e-01,1.178603693842887878e-01,-3.849898278713226318e-02,-1.359612345695495605e-01,-2.243708968162536621e-01,4.310651123523712158e-01,-2.064129561185836792e-01,-2.434606291353702545e-02
-3.191085904836654663e-02,-2.106110751628875732e-01,5.986369848251342773e-01,1.633374020457267761e-02,-9.269829094409942627e-02,-8.895928263664245605e-01,4.469505846500396729e-01,4.823046624660491943e-01,5.128896236419677734e-01,8.970515727996826172e-01,-8.997523188591003418e-01,9.585624933242797852e-02,-1.623952150344848633e+00,-1.177618980407714844e+00,1.567545056343078613e+00,9.205696582794189453e-01,1.011709570884704590e+00,-6.071710586547851562e-01,-2.367497682571411133e-01,1.080811470746994019e-01,6.218740940093994141e-01,-1.244183108210563660e-01,1.277085095643997192e-01,-4.928081482648849487e-02,-1.117531433701515198e-01,-2.193545699119567871e-01,3.966217637062072754e-01,-2.071987837553024292e-01,-3.256231546401977539e-02
-3.048104234039783478e-02,-2.118509858846664429e-01,5.992914438247680664e-01,2.138875983655452728e-02,-8.851379156112670898e-02,-8.687350153923034668e-01,4.868339300155639648e-01,4.869007468223571777e-01,4.960755109786987305e-01,9.097571372985839844e-01,-8.997830748558044434e-01,6.608334183692932129e-02,-1.633841753005981445e+00,-1.140689849853515625e+00,1.563475489616394043e+00,9.498265385627746582e-01,9.148970842361450195e-01,-6.107488870620727539e-01,-2.203195691108703613e-01,8.971375972032546997e-02,7.647754549980163574e-01,-1.122117862105369568e-01,1.349007338285446167e-01,-8.247988671064376831e-02,-9.061594307422637939e-02,-2.137516438961029053e-01,3.730029165744781494e-01,-2.020519971847534180e-01,-3.730335086584091187e-02
-2.827332727611064911e-02,-2.105819284915924072e-01,5.991587638854980469e-01,2.581689879298210144e-02,-8.398457616567611694e-02,-8.573386669158935547e-01,5.071986913681030273e-01,4.834789633750915527e-01,4.799473285675048828e-01,9.156002998352050781e-01,-9.112247824668884277e-01,5.964121222496032715e-02,-1.642055392265319824e+00,-1.133117914199829102e+00,1.614151000976562500e+00,1.025072574615478516e+00,7.829471826553344727e-01,-6.063136458396911621e-01,-1.942244619131088257e-01,3.979122638702392578e-02,8.951637744903564453e-01,-1.052683666348457336e-01,1.324780732393264771e-01,-1.242374628782272339e-01,-7.960850745439529419e-02,-2.304190397262573242e-01,3.702664077281951904e-01,-1.955289393663406372e-01,-3.995172306895256042e-02
-2.447285503149032593e-02,-2.107485085725784302e-01,5.987331271171569824e-01,2.598093263804912567e-02,-8.518784493207931519e-02,-8.432266116142272949e-01,5.301291346549987793e-01,4.737243056297302246e-01,4.587497413158416748e-01,8.883569836616516113e-01,-9.084652066230773926e-01,9.151190519332885742e-02,-1.622806191444396973e+00,-1.064737319946289062e+00,1.663759708404541016e+00,9.963517785072326660e-01,6.790965199470520020e-01,-5.798368453979492188e-01,-1.548529416322708130e-01,2.105659805238246918e-03,9.752537608146667480e-01,-1.043634191155433655e-01,1.295294016599655151e-01,-1.732256859540939331e-01,-7.231967896223068237e-02,-2.191922962665557861e-01,3.835025131702423096e-01,-1.869119852781295776e-01,-4.158082604408264160e-02
-1.999069005250930786e-02,-2.098169475793838501e-01,5.972967743873596191e-01,2.359087020158767700e-02,-8.670900017023086548e-02,-8.290406465530395508e-01,5.519208908081054688e-01,4.589569568634033203e-01,4.406843483448028564e-01,8.273484110832214355e-01,-9.079924225807189941e-01,1.177030727267265320e-01,-1.595106482505798340e+00,-1.005371332168579102e+00,1.660358786582946777e+00,1.020427823066711426e+00,6.088396906852722168e-01,-5.277926325798034668e-01,-9.605410695075988770e-02,-2.150203660130500793e-02,1.005047321319580078e+00,-1.077016666531562805e-01,1.278563886880874634e-01,-2.212959378957748413e-01,-9.285601228475570679e-02,-2.672985494136810303e-01,4.108302295207977295e-01,-1.820106208324432373e-01,-2.904055453836917877e-02
-1.510874740779399872e-02,-2.085965871810913086e-01,5.948863029479980469e-01,2.201578952372074127e-02,-8.673418313264846802e-02,-8.173775076866149902e-01,5.691102147102355957e-01,4.531555175781250000e-01,4.356893897056579590e-01,7.416205406188964844e-01,-9.191272854804992676e-01,1.760168522596359253e-01,-1.556936264038085938e+00,-9.824373722076416016e-01,1.681347846984863281e+00,1.079052448272705078e+00,4.950704276561737061e-01,-4.598026871681213379e-01,-2.888868749141693115e-02,-3.815887868404388428e-02,9.996385574340820312e-01,-1.150850206613540649e-01,1.212123781442642212e-01,-2.764002680778503418e-01,-1.224858239293098450e-01,-3.095549345016479492e-01,4.646632373332977295e-01,-1.764901876449584961e-01,-1.725124567747116089e-02
-1.063103415071964264e-02,-2.092089056968688965e-01,5.939580202102661133e-01,1.893461309373378754e-02,-8.752535283565521240e-02,-7.965286970138549805e-01,5.979321002960205078e-01,4.292173683643341064e-01,4.383582174777984619e-01,6.557593345642089844e-01,-9.169473052024841309e-01,2.124747633934020996e-01,-1.533008217811584473e+00,-9.061598181724548340e-01,1.668272972106933594e+00,1.108599901199340820e+00,4.276057779788970947e-01,-4.124507904052734375e-01,3.387897089123725891e-02,-5.677197873592376709e-02,9.617446064949035645e-01,-1.211394667625427246e-01,1.195334196090698242e-01,-3.061240315437316895e-01,-1.486788690090179443e-01,-3.247392475605010986e-01,4.846223890781402588e-01,-1.705513447523117065e-01,-6.557843182235956192e-03
-7.219045888632535934e-03,-2.097045630216598511e-01,5.914261937141418457e-01,1.549313869327306747e-02,-8.437680453062057495e-02,-7.846942543983459473e-01,6.139181256294250488e-01,4.041881263256072998e-01,4.260660111904144287e-01,6.059281229972839355e-01,-9.436822533607482910e-01,2.333543449640274048e-01,-1.535910725593566895e+00,-8.510795235633850098e-01,1.671831250190734863e+00,1.107198596000671387e+00,3.506180644035339355e-01,-3.506540954113006592e-01,8.751535415649414062e-02,-7.174513489007949829e-02,8.863978385925292969e-01,-1.296072751283645630e-01,1.182314231991767883e-01,-3.489611446857452393e-01,-1.766490191221237183e-01,-3.407775163650512695e-01,5.231223106384277344e-01,-1.643608510494232178e-01,7.276589982211589813e-03
-5.048310849815607071e-03,-2.096835374832153320e-01,5.907400250434875488e-01,1.376457884907722473e-02,-7.979999482631683350e-02,-7.676447629928588867e-01,6.357389092445373535e-01,3.801854550838470459e-01,4.148441255092620850e-01,5.295389890670776367e-01,-9.434021711349487305e-01,2.613675296306610107e-01,-1.546150803565979004e+00,-7.909852266311645508e-01,1.643789172172546387e+00,1.137147307395935059e+00,2.769456207752227783e-01,-3.076588511466979980e-01,1.317221820354461670e-01,-6.510801613330841064e-02,7.974848151206970215e-01,-1.358423233032226562e-01,1.095739528536796570e-01,-3.636668324470520020e-01,-2.196128368377685547e-01,-3.682008981704711914e-01,5.422750115394592285e-01,-1.622428596019744873e-01,2.177955769002437592e-02
-4.297631792724132538e-03,-2.102645039558410645e-01,5.900699496269226074e-01,1.162605360150337219e-02,-7.122830301523208618e-02,-7.471134066581726074e-01,6.607668995857238770e-01,3.513851165771484375e-01,4.186184108257293701e-01,4.729839265346527100e-01,-9.335125684738159180e-01,2.921791672706604004e-01,-1.586920738220214844e+00,-6.990041732788085938e-01,1.615883111953735352e+00,1.138717174530029297e+00,2.283114194869995117e-01,-2.737346589565277100e-01,1.531088948249816895e-01,-6.544259935617446899e-02,7.076818346977233887e-01,-1.416477113962173462e-01,1.017516106367111206e-01,-3.711736500263214111e-01,-2.427966892719268799e-01,-3.645992279052734375e-01,5.464947819709777832e-01,-1.627996563911437988e-01,2.342443354427814484e-02
-3.980157431215047836e-03,-2.099133729934692383e-01,5.912441015243530273e-01,1.274839229881763458e-02,-6.410349160432815552e-02,-7.186680436134338379e-01,6.922748088836669922e-01,3.163495063781738281e-01,4.221486151218414307e-01,3.962253332138061523e-01,-8.704022765159606934e-01,3.355512619018554688e-01,-1.661697506904602051e+00,-6.094107031822204590e-01,1.551440358161926270e+00,1.122683286666870117e+00,2.022054046392440796e-01,-2.539630830287933350e-01,1.671354472637176514e-01,-4.381761327385902405e-02,6.275871992111206055e-01,-1.436734646558761597e-01,8.523257821798324585e-02,-3.502091169357299805e-01,-2.727555334568023682e-01,-3.676988482475280762e-01,5.339795351028442383e-01,-1.648650616407394409e-01,2.403106354176998138e-02
-4.177664872258901596e-03,-2.109775543212890625e-01,5.916587710380554199e-01,1.010624878108501434e-02,-5.513085424900054932e-02,-6.927466392517089844e-01,7.189996838569641113e-01,2.595460712909698486e-01,4.226474761962890625e-01,3.761024773120880127e-01,-8.353118300437927246e-01,3.378045558929443359e-01,-1.775388956069946289e+00,-4.999264776706695557e-01,1.479764103889465332e+00,1.089847564697265625e+00,1.890327632427215576e-01,-2.398259192705154419e-01,1.738315522670745850e-01,-3.433600440621376038e-02,5.538921356201171875e-01,-1.469695419073104858e-01,7.524276524782180786e-02,-3.257797062397003174e-01,-2.769680321216583252e-01,-3.491915166378021240e-01,5.180206298828125000e-01,-1.681632995605468750e-01,1.485657133162021637e-02
-4.425087943673133850e-03,-2.113924622535705566e-01,5.932333469390869141e-01,1.274221949279308319e-02,-4.822502657771110535e-02,-6.737567782402038574e-01,7.372677922248840332e-01,2.284363359212875366e-01,4.268718361854553223e-01,3.000994622707366943e-01,-8.076598048210144043e-01,3.561978936195373535e-01,-1.861549496650695801e+00,-3.989438712596893311e-01,1.408325791358947754e+00,1.046997189521789551e+00,1.946813315153121948e-01,-2.311927825212478638e-01,1.684977412223815918e-01,-1.984600163996219635e-02,4.932473003864288330e-01,-1.468942910432815552e-01,6.810105592012405396e-02,-2.903989553451538086e-01,-2.836845517158508301e-01,-3.293818533420562744e-01,4.854964315891265869e-01,-1.707630306482315063e-01,5.859273020178079605e-03
-4.720182623714208603e-03,-2.120981961488723755e-01,5.949689149856567383e-01,1.587709970772266388e-02,-4.183481261134147644e-02,-6.542467474937438965e-01,7.549563050270080566e-01,1.913472861051559448e-01,4.382777214050292969e-01,1.436835825443267822e-01,-7.303790450096130371e-01,3.969219028949737549e-01,-1.948192000389099121e+00,-3.034106492996215820e-01,1.349929094314575195e+00,1.018558502197265625e+00,1.885854452848434448e-01,-2.311427295207977295e-01,1.531406790018081665e-01,-2.006004564464092255e-02,4.306260347366333008e-01,-1.467717736959457397e-01,6.521321833133697510e-02,-2.526874542236328125e-01,-2.761624157428741455e-01,-2.869860529899597168e-01,4.447251856327056885e-01,-1.717870384454727173e-01,-1.284529641270637512e-02
-4.878383129835128784e-03,-2.133854776620864868e-01,5.925144553184509277e-01,1.537718530744314194e-02,-3.615651279687881470e-02,-6.308588385581970215e-01,7.749021649360656738e-01,1.744175255298614502e-01,4.307691454887390137e-01,2.176516130566596985e-02,-7.114738225936889648e-01,4.296526312828063965e-01,-2.001336097717285156e+00,-1.912405043840408325e-01,1.300774574279785156e+00,9.810078740119934082e-01,1.973951011896133423e-01,-2.365487366914749146e-01,1.411446779966354370e-01,-1.513371523469686508e-02,3.871504962444305420e-01,-1.484950780868530273e-01,6.188156083226203918e-02,-2.387322634458541870e-01,-2.902860343456268311e-01,-2.468431740999221802e-01,4.670090377330780029e-01,-1.732172071933746338e-01,-2.674656361341476440e-02
-5.595813971012830734e-03,-2.151181846857070923e-01,5.907815694808959961e-01,1.605678908526897430e-02,-3.267425671219825745e-02,-6.198849678039550781e-01,7.838476896286010742e-01,1.725240945816040039e-01,4.268417358398437500e-01,-1.136345788836479187e-01,-7.354913353919982910e-01,4.603227078914642334e-01,-2.018998861312866211e+00,-8.529854565858840942e-02,1.271199822425842285e+00,9.288157820701599121e-01,2.021086812019348145e-01,-2.557612359523773193e-01,1.152995154261589050e-01,-1.974698714911937714e-02,3.731068670749664307e-01,-1.498814672231674194e-01,6.092499569058418274e-02,-2.290431112051010132e-01,-2.838402986526489258e-01,-2.044871449470520020e-01,4.982235431671142578e-01,-1.743174344301223755e-01,-4.320377856492996216e-02
-5.807258188724517822e-03,-2.166000753641128540e-01,5.873491168022155762e-01,1.879319176077842712e-02,-2.940827049314975739e-02,-6.128482222557067871e-01,7.894295454025268555e-01,1.561706215143203735e-01,4.243664741516113281e-01,-2.241893410682678223e-01,-7.898914813995361328e-01,4.862581193447113037e-01,-2.030107021331787109e+00,1.540445163846015930e-02,1.240899324417114258e+00,9.176639318466186523e-01,2.290329933166503906e-01,-2.757165729999542236e-01,9.438151866197586060e-02,-2.201431617140769958e-02,3.831445574760437012e-01,-1.515611857175827026e-01,5.996493995189666748e-02,-2.463004291057586670e-01,-2.781124114990234375e-01,-1.575083881616592407e-01,5.631992816925048828e-01,-1.735932081937789917e-01,-5.888321623206138611e-02
-5.306549370288848877e-03,-2.184620797634124756e-01,5.821170210838317871e-01,2.047875896096229553e-02,-2.572151273488998413e-02,-6.011283993721008301e-01,7.984758615493774414e-01,1.614172607660293579e-01,4.073922336101531982e-01,-3.321078419685363770e-01,-8.615491390228271484e-01,5.223369002342224121e-01,-2.020233392715454102e+00,1.150015294551849365e-01,1.229698419570922852e+00,8.805403709411621094e-01,2.537356317043304443e-01,-2.957457602024078369e-01,7.843795418739318848e-02,-1.507293060421943665e-02,4.026122689247131348e-01,-1.572686731815338135e-01,5.932194739580154419e-02,-2.889803051948547363e-01,-2.643519341945648193e-01,-1.185626462101936340e-01,6.578695178031921387e-01,-1.716587990522384644e-01,-7.413031905889511108e-02
-4.187247715890407562e-03,-2.201159298419952393e-01,5.793356895446777344e-01,2.341968007385730743e-02,-2.464436553418636322e-02,-5.902471542358398438e-01,8.065063357353210449e-01,1.717371046543121338e-01,3.848914504051208496e-01,-4.117406606674194336e-01,-9.323044419288635254e-01,5.512052178382873535e-01,-2.009970664978027344e+00,1.957411170005798340e-01,1.214185714721679688e+00,8.538432717323303223e-01,2.929354012012481689e-01,-3.239612281322479248e-01,6.027853861451148987e-02,-1.382038090378046036e-02,4.239096939563751221e-01,-1.609688848257064819e-01,5.920491740107536316e-02,-3.472522795200347900e-01,-2.465009242296218872e-01,-7.627101987600326538e-02,7.652592658996582031e-01,-1.679727584123611450e-01,-9.213110804557800293e-02
-2.299964893609285355e-03,-2.207478731870651245e-01,5.772742033004760742e-01,2.421521022915840149e-02,-2.617327682673931122e-02,-5.862907171249389648e-01,8.093156218528747559e-01,1.822470724582672119e-01,3.587347269058227539e-01,-4.638304412364959717e-01,-1.009507775306701660e+00,5.541571378707885742e-01,-1.996758222579956055e+00,2.703131139278411865e-01,1.198976159095764160e+00,8.243164420127868652e-01,3.218019008636474609e-01,-3.522976636886596680e-01,3.893965482711791992e-02,-6.616517435759305954e-03,4.495869278907775879e-01,-1.637715846300125122e-01,6.238494068384170532e-02,-4.184633791446685791e-01,-2.284530997276306152e-01,-5.641990900039672852e-02,8.970665931701660156e-01,-1.631921082735061646e-01,-1.010670065879821777e-01
4.674484080169349909e-04,-2.202835083007812500e-01,5.752423405647277832e-01,2.263530343770980835e-02,-2.513529546558856964e-02,-5.846038460731506348e-01,8.106134533882141113e-01,1.905068606138229370e-01,3.474675714969635010e-01,-5.240476131439208984e-01,-1.065897941589355469e+00,5.630717873573303223e-01,-1.959611058235168457e+00,3.199678361415863037e-01,1.198045253753662109e+00,8.049075603485107422e-01,3.571611046791076660e-01,-3.800536096096038818e-01,3.059476427733898163e-02,1.224728208035230637e-02,4.759036302566528320e-01,-1.686570644378662109e-01,6.330618262290954590e-02,-4.903037548065185547e-01,-1.929886937141418457e-01,-5.081375315785408020e-02,1.024743556976318359e+00,-1.566402614116668701e-01,-1.096451580524444580e-01
4.236862063407897949e-03,-2.184987664222717285e-01,5.738887786865234375e-01,2.382684126496315002e-02,-2.096926607191562653e-02,-5.932378768920898438e-01,8.044012784957885742e-01,1.856186985969543457e-01,3.208479881286621094e-01,-5.496659874916076660e-01,-1.110174655914306641e+00,5.535966753959655762e-01,-1.939827799797058105e+00,3.597529232501983643e-01,1.172332167625427246e+00,7.875706553459167480e-01,4.175385236740112305e-01,-3.984081447124481201e-01,2.605229988694190979e-02,2.261052094399929047e-02,4.835149049758911133e-01,-1.721387356519699097e-01,7.244183123111724854e-02,-5.560570359230041504e-01,-1.552125066518783569e-01,-7.198584079742431641e-02,1.149328947067260742e+00,-1.480727195739746094e-01,-1.058195903897285461e-01
8.270782418549060822e-03,-2.160973697900772095e-01,5.731180310249328613e-01,2.581268921494483948e-02,-1.774622313678264618e-02,-6.055988669395446777e-01,7.951533198356628418e-01,2.083921134471893311e-01,3.120657801628112793e-01,-5.857520103454589844e-01,-1.129416108131408691e+00,5.397310853004455566e-01,-1.931841611862182617e+00,3.963266313076019287e-01,1.147513747215270996e+00,7.390602231025695801e-01,5.030989050865173340e-01,-4.134928882122039795e-01,1.533024385571479797e-02,3.705972805619239807e-02,4.884896278381347656e-01,-1.734341382980346680e-01,8.455152064561843872e-02,-6.077212691307067871e-01,-1.296734362840652466e-01,-1.041102632880210876e-01,1.261654257774353027e+00,-1.426532119512557983e-01,-9.335126727819442749e-02
1.244391873478889465e-02,-2.135231345891952515e-01,5.727512240409851074e-01,2.632172778248786926e-02,-1.437671761959791183e-02,-6.162970662117004395e-01,7.869424223899841309e-01,2.193660736083984375e-01,2.870593369007110596e-01,-6.063967347145080566e-01,-1.116907238960266113e+00,5.439944863319396973e-01,-1.911282181739807129e+00,4.234600365161895752e-01,1.125837326049804688e+00,7.204146385192871094e-01,5.919976830482482910e-01,-4.233024120330810547e-01,8.825938217341899872e-03,5.638410523533821106e-02,4.756499230861663818e-01,-1.756168752908706665e-01,9.170422703027725220e-02,-6.356207132339477539e-01,-8.971836417913436890e-02,-1.399247497320175171e-01,1.330457687377929688e+00,-1.356808245182037354e-01,-8.350481092929840088e-02
1.738059706985950470e-02,-2.101022303104400635e-01,5.726102590560913086e-01,2.275994233787059784e-02,-1.198267750442028046e-02,-6.320501565933227539e-01,7.745004892349243164e-01,2.267359048128128052e-01,2.511008977890014648e-01,-6.370608210563659668e-01,-1.088294625282287598e+00,5.483064651489257812e-01,-1.885436177253723145e+00,4.918842315673828125e-01,1.088697314262390137e+00,6.538766026496887207e-01,7.624917030334472656e-01,-4.263689517974853516e-01,-8.740488556213676929e-04,7.056521624326705933e-02,4.384177625179290771e-01,-1.743180155754089355e-01,1.052977293729782104e-01,-6.437900066375732422e-01,-4.557707905769348145e-02,-1.836045235395431519e-01,1.398189663887023926e+00,-1.272922009229660034e-01,-6.485715508460998535e-02
1.729650981724262238e-02,-2.102324217557907104e-01,5.726970434188842773e-01,2.076115645468235016e-02,-1.291054487228393555e-02,-6.375815272331237793e-01,7.699948549270629883e-01,2.245911210775375366e-01,2.505794763565063477e-01,-6.408445835113525391e-01,-1.092935323715209961e+00,5.508936643600463867e-01,-1.882234930992126465e+00,4.970503747463226318e-01,1.083857059478759766e+00,6.477547287940979004e-01,7.712532281875610352e-01,-4.268707036972045898e-01,-4.315088968724012375e-03,6.829071789979934692e-02,4.378645420074462891e-01,-1.731288135051727295e-01,1.070108041167259216e-01,-6.432688832283020020e-01,-4.802348092198371887e-02,-1.847342103719711304e-01,1.395791769027709961e+00,-1.257723718881607056e-01,-6.394094973802566528e-02
2.065961062908172607e-02,-2.075651139020919800e-01,5.736716389656066895e-01,2.575947344303131104e-02,-6.126711610704660416e-03,-6.497782468795776367e-01,7.596625089645385742e-01,2.333107739686965942e-01,2.223700582981109619e-01,-6.381332278251647949e-01,-1.060844063758850098e+00,5.471507906913757324e-01,-1.863795042037963867e+00,5.118957161903381348e-01,1.054633617401123047e+00,6.091791987419128418e-01,9.086518883705139160e-01,-4.289731681346893311e-01,-1.705107465386390686e-02,7.493506371974945068e-02,4.096990525722503662e-01,-1.705014556646347046e-01,1.176509633660316467e-01,-6.084585189819335938e-01,-8.359816856682300568e-03,-2.247460633516311646e-01,1.375314116477966309e+00,-1.177350953221321106e-01,-4.897829517722129822e-02
2.206887491047382355e-02,-2.061471641063690186e-01,5.739212632179260254e-01,2.962242998182773590e-02,9.805625304579734802e-04,-6.669237613677978516e-01,7.445362806320190430e-01,2.497618943452835083e-01,2.040092945098876953e-01,-6.181266307830810547e-01,-1.022226095199584961e+00,5.497418045997619629e-01,-1.853055834770202637e+00,5.386229157447814941e-01,1.031519889831542969e+00,5.513639450073242188e-01,1.057334899902343750e+00,-4.366771876811981201e-01,-1.846841163933277130e-02,8.171943575143814087e-02,3.867628872394561768e-01,-1.679826825857162476e-01,1.216988041996955872e-01,-5.731757879257202148e-01,1.065803878009319305e-02,-2.497958987951278687e-01,1.331446766853332520e+00,-1.128791868686676025e-01,-4.158790409564971924e-02
2.173645421862602234e-02,-2.056005448102951050e-01,5.722154378890991211e-01,3.645072504878044128e-02,2.758103189989924431e-03,-6.872928142547607422e-01,7.254600524902343750e-01,2.624025642871856689e-01,1.764399111270904541e-01,-5.646403431892395020e-01,-9.850116372108459473e-01,5.498942732810974121e-01,-1.818549513816833496e+00,5.387026667594909668e-01,1.008928179740905762e+00,5.377886295318603516e-01,1.189719319343566895e+00,-4.553755223751068115e-01,-2.211943082511425018e-02,7.995286583900451660e-02,3.823747038841247559e-01,-1.628013998270034790e-01,1.220619305968284607e-01,-5.264310240745544434e-01,2.646196819841861725e-02,-2.596485316753387451e-01,1.263515830039978027e+00,-1.120655909180641174e-01,-3.994981199502944946e-02
2.133636362850666046e-02,-2.046479731798171997e-01,5.701720714569091797e-01,3.769007697701454163e-02,5.926507059484720230e-03,-6.966269612312316895e-01,7.164183259010314941e-01,2.901825904846191406e-01,1.315764337778091431e-01,-4.911459982395172119e-01,-9.420853853225708008e-01,5.546572208404541016e-01,-1.768498659133911133e+00,5.630373954772949219e-01,1.011969327926635742e+00,4.994523227214813232e-01,1.311256527900695801e+00,-4.814313948154449463e-01,-1.517802756279706955e-02,9.688913077116012573e-02,3.859256207942962646e-01,-1.608482450246810913e-01,1.175956279039382935e-01,-4.750679731369018555e-01,3.784403949975967407e-02,-2.688233256340026855e-01,1.183163881301879883e+00,-1.114705428481101990e-01,-4.038769006729125977e-02
1.862727478146553040e-02,-2.046832889318466187e-01,5.668592453002929688e-01,3.271624818444252014e-02,5.317419301718473434e-03,-7.170571684837341309e-01,6.962258219718933105e-01,3.100403845310211182e-01,9.694691002368927002e-02,-4.016117453575134277e-01,-9.284483194351196289e-01,5.521460771560668945e-01,-1.692314147949218750e+00,5.524064898490905762e-01,1.017215609550476074e+00,4.770857393741607666e-01,1.435842156410217285e+00,-5.087032318115234375e-01,2.615528181195259094e-03,1.032866984605789185e-01,3.907004296779632568e-01,-1.587572693824768066e-01,1.122299656271934509e-01,-4.220070838928222656e-01,4.156427830457687378e-02,-2.660335302352905273e-01,1.090871572494506836e+00,-1.131716892123222351e-01,-4.756348580121994019e-02
1.451209466904401779e-02,-2.048240154981613159e-01,5.639614462852478027e-01,3.990286588668823242e-02,6.046505179256200790e-03,-7.379887700080871582e-01,6.736050844192504883e-01,3.312317430973052979e-01,6.096164509654045105e-02,-3.365952074527740479e-01,-9.089537858963012695e-01,5.735020041465759277e-01,-1.571572542190551758e+00,5.241702795028686523e-01,1.014748096466064453e+00,4.839874505996704102e-01,1.544770598411560059e+00,-5.391315221786499023e-01,1.996424607932567596e-02,1.144689172506332397e-01,4.119295179843902588e-01,-1.577155590057373047e-01,1.031774207949638367e-01,-3.622321188449859619e-01,4.875654354691505432e-02,-2.506638467311859131e-01,9.683823585510253906e-01,-1.195520460605621338e-01,-5.874195322394371033e-02
1.007591094821691513e-02,-2.052914649248123169e-01,5.643229484558105469e-01,4.748990386724472046e-02,6.582710426300764084e-03,-7.574273347854614258e-01,6.511568427085876465e-01,3.376767039299011230e-01,3.004333749413490295e-02,-2.835597693920135498e-01,-9.323722124099731445e-01,5.941743850708007812e-01,-1.397566318511962891e+00,5.241745710372924805e-01,1.049027562141418457e+00,4.854437410831451416e-01,1.663388609886169434e+00,-5.928109884262084961e-01,4.936215281486511230e-02,1.445887237787246704e-01,4.605978131294250488e-01,-1.593260318040847778e-01,8.968990296125411987e-02,-2.915271222591400146e-01,5.536424741148948669e-02,-2.471445947885513306e-01,8.257154822349548340e-01,-1.290268898010253906e-01,-6.417763978242874146e-02
6.420955993235111237e-03,-2.048203647136688232e-01,5.702701210975646973e-01,6.356243789196014404e-02,1.162216067314147949e-02,-7.724128961563110352e-01,6.318251490592956543e-01,3.509591221809387207e-01,1.436582021415233612e-02,-2.848552763462066650e-01,-9.881358146667480469e-01,6.564753651618957520e-01,-1.185605406761169434e+00,5.043781399726867676e-01,1.058467149734497070e+00,4.977692365646362305e-01,1.752918720245361328e+00,-6.443861722946166992e-01,7.273295521736145020e-02,1.577081084251403809e-01,5.193604826927185059e-01,-1.609743833541870117e-01,8.038347214460372925e-02,-2.210765630006790161e-01,7.183589041233062744e-02,-2.227015793323516846e-01,6.967820525169372559e-01,-1.363655328750610352e-01,-6.952405720949172974e-02
3.224244108423590660e-03,-2.045777142047882080e-01,5.736842155456542969e-01,7.845336943864822388e-02,2.359783090651035309e-02,-7.853356003761291504e-01,6.136254668235778809e-01,3.313218653202056885e-01,-2.157078869640827179e-02,-2.970936298370361328e-01,-1.053616523742675781e+00,7.604803442955017090e-01,-9.452528953552246094e-01,4.569964110851287842e-01,1.069996953010559082e+00,5.192666053771972656e-01,1.841371297836303711e+00,-6.850661635398864746e-01,9.079866111278533936e-02,1.485595107078552246e-01,5.442512631416320801e-01,-1.617831140756607056e-01,7.415805757045745850e-02,-1.793429702520370483e-01,8.340377360582351685e-02,-2.175195813179016113e-01,5.916302204132080078e-01,-1.415448486804962158e-01,-7.191041111946105957e-02
6.419363780878484249e-04,-2.046246826648712158e-01,5.771682858467102051e-01,8.941613882780075073e-02,3.216279670596122742e-02,-7.929955720901489258e-01,6.017710566520690918e-01,3.223350644111633301e-01,-5.600460991263389587e-02,-2.722405195236206055e-01,-1.105117917060852051e+00,8.498069047927856445e-01,-7.328183650970458984e-01,4.079869985580444336e-01,1.093309998512268066e+00,5.435172319412231445e-01,1.920233011245727539e+00,-7.215296626091003418e-01,1.120264977216720581e-01,1.541314125061035156e-01,5.675487518310546875e-01,-1.625736802816390991e-01,6.341934949159622192e-02,-1.437345594167709351e-01,9.021619707345962524e-02,-2.203847020864486694e-01,4.944171905517578125e-01,-1.506741344928741455e-01,-7.452232390642166138e-02
-5.729197873733937740e-04,-2.047638744115829468e-01,5.786033868789672852e-01,9.951007366180419922e-02,3.512246161699295044e-02,-7.962213754653930664e-01,5.957311987876892090e-01,3.080248832702636719e-01,-4.394565895199775696e-02,-2.608977556228637695e-01,-1.171473026275634766e+00,9.044609665870666504e-01,-5.143038630485534668e-01,3.240816593170166016e-01,1.103461861610412598e+00,5.730704665184020996e-01,1.988937854766845703e+00,-7.359320521354675293e-01,1.143612116575241089e-01,1.639046519994735718e-01,5.561246275901794434e-01,-1.629667729139328003e-01,6.399318575859069824e-02,-1.178078874945640564e-01,8.738145232200622559e-02,-2.096237540245056152e-01,4.319239854812622070e-01,-1.550862491130828857e-01,-7.712842524051666260e-02
-2.339666476473212242e-03,-2.054820954799652100e-01,5.807838439941406250e-01,1.054369583725929260e-01,3.639021143317222595e-02,-8.041172027587890625e-01,5.839129686355590820e-01,3.178161084651947021e-01,-3.654830157756805420e-02,-1.871863454580307007e-01,-1.208152770996093750e+00,8.782372474670410156e-01,-3.641091883182525635e-01,2.380348592996597290e-01,1.118170261383056641e+00,6.043686866760253906e-01,2.048899173736572266e+00,-7.419586777687072754e-01,1.043469905853271484e-01,1.488142013549804688e-01,5.324347615242004395e-01,-1.618959903717041016e-01,6.767081469297409058e-02,-1.017248257994651794e-01,8.086232095956802368e-02,-2.039775997400283813e-01,3.824972808361053467e-01,-1.589355915784835815e-01,-7.773524522781372070e-02
-3.250902285799384117e-03,-2.067388594150543213e-01,5.825377106666564941e-01,1.108462065458297729e-01,3.649385645985603333e-02,-8.085873126983642578e-01,5.766869187355041504e-01,3.265606164932250977e-01,-4.029645025730133057e-02,-1.099509149789810181e-01,-1.223140120506286621e+00,8.212904334068298340e-01,-2.817043960094451904e-01,1.484971195459365845e-01,1.138478398323059082e+00,6.252226829528808594e-01,2.099965810775756836e+00,-7.529227137565612793e-01,9.275661408901214600e-02,1.443351209163665771e-01,5.319271683692932129e-01,-1.636622101068496704e-01,7.347802817821502686e-02,-1.011263951659202576e-01,7.798076421022415161e-02,-1.999380141496658325e-01,3.531427085399627686e-01,-1.630985438823699951e-01,-7.779883593320846558e-02
-4.498661030083894730e-03,-2.067517936229705811e-01,5.839931964874267578e-01,1.109073758125305176e-01,3.962128236889839172e-02,-8.192236423492431641e-01,5.612506866455078125e-01,3.383558392524719238e-01,-3.163167834281921387e-02,-4.539829096756875515e-04,-1.209228873252868652e+00,7.836692333221435547e-01,-2.493202835321426392e-01,2.282896824181079865e-02,1.165355086326599121e+00,6.632129549980163574e-01,2.133124828338623047e+00,-7.580704689025878906e-01,8.010327070951461792e-02,1.238552257418632507e-01,5.176931023597717285e-01,-1.611247062683105469e-01,7.321237772703170776e-02,-9.526219964027404785e-02,8.201436698436737061e-02,-1.918767541646957397e-01,3.232823610305786133e-01,-1.634514480829238892e-01,-8.028189837932586670e-02
-5.406066309660673141e-03,-2.069148421287536621e-01,5.833387374877929688e-01,1.138896420598030090e-01,3.962865471839904785e-02,-8.264868259429931641e-01,5.498893260955810547e-01,3.520071804523468018e-01,-2.624429017305374146e-02,1.099347248673439026e-01,-1.198938727378845215e+00,7.169562578201293945e-01,-2.636450529098510742e-01,-1.099352613091468811e-01,1.195167779922485352e+00,6.954885125160217285e-01,2.147161722183227539e+00,-7.577036023139953613e-01,5.849957466125488281e-02,1.003419682383537292e-01,5.185347795486450195e-01,-1.598384976387023926e-01,8.098917454481124878e-02,-8.662396669387817383e-02,8.500955998897552490e-02,-1.853327304124832153e-01,3.058075606822967529e-01,-1.654452383518218994e-01,-8.180940896272659302e-02
-6.089547649025917053e-03,-2.071808427572250366e-01,5.824903249740600586e-01,1.098022311925888062e-01,3.883885964751243591e-02,-8.288897871971130371e-01,5.471533536911010742e-01,3.511841595172882080e-01,-2.217156812548637390e-02,2.469918578863143921e-01,-1.177367806434631348e+00,6.299328804016113281e-01,-3.152477443218231201e-01,-2.123580724000930786e-01,1.235520243644714355e+00,7.270981669425964355e-01,2.140346527099609375e+00,-7.595681548118591309e-01,3.960361704230308533e-02,9.596886485815048218e-02,5.356762409210205078e-01,-1.583899557590484619e-01,8.359996974468231201e-02,-8.423415571451187134e-02,8.402264863252639771e-02,-1.915196776390075684e-01,3.171820640563964844e-01,-1.675026267766952515e-01,-8.034297823905944824e-02
-7.163454312831163406e-03,-2.078623622655868530e-01,5.809240937232971191e-01,1.109521836042404175e-01,3.490213304758071899e-02,-8.304501771926879883e-01,5.448155403137207031e-01,3.649737238883972168e-01,-1.911169849336147308e-02,3.682337701320648193e-01,-1.155248761177062988e+00,5.923135280609130859e-01,-4.191531240940093994e-01,-3.011384904384613037e-01,1.260365486145019531e+00,7.555252909660339355e-01,2.109398841857910156e+00,-7.554293870925903320e-01,1.746850088238716125e-02,8.244858682155609131e-02,5.623897910118103027e-01,-1.586118042469024658e-01,9.012868255376815796e-02,-8.357317000627517700e-02,7.625075429677963257e-02,-2.026964277029037476e-01,3.319502472877502441e-01,-1.717242598533630371e-01,-7.864888012409210205e-02
-6.351664196699857712e-03,-2.075835317373275757e-01,5.749460458755493164e-01,1.079896390438079834e-01,2.931050397455692291e-02,-8.271126151084899902e-01,5.507847666740417480e-01,3.739196360111236572e-01,4.865570925176143646e-03,4.879419803619384766e-01,-1.131091594696044922e+00,5.266596078872680664e-01,-5.141603350639343262e-01,-3.764369487762451172e-01,1.281504869461059570e+00,7.873688936233520508e-01,2.057811498641967773e+00,-7.580555677413940430e-01,-2.791813807561993599e-03,6.305207312107086182e-02,6.125387549400329590e-01,-1.558345258235931396e-01,9.935670346021652222e-02,-9.758954495191574097e-02,6.598641723394393921e-02,-2.293291836977005005e-01,4.157962501049041748e-01,-1.699288189411163330e-01,-7.446716725826263428e-02
-5.528104957193136215e-03,-2.083925306797027588e-01,5.684561133384704590e-01,1.009405031800270081e-01,2.132765389978885651e-02,-8.238069415092468262e-01,5.574031472206115723e-01,3.833071589469909668e-01,2.981476299464702606e-02,5.804803371429443359e-01,-1.121291995048522949e+00,4.615568518638610840e-01,-5.820851325988769531e-01,-3.863845467567443848e-01,1.266966462135314941e+00,7.997723221778869629e-01,1.976752042770385742e+00,-7.670302391052246094e-01,-2.184463664889335632e-02,5.385087803006172180e-02,6.852369308471679688e-01,-1.552799046039581299e-01,1.098085641860961914e-01,-1.307911872863769531e-01,4.916890338063240051e-02,-2.538521289825439453e-01,5.307435393333435059e-01,-1.696507036685943604e-01,-7.079699635505676270e-02
-4.235958680510520935e-03,-2.096197307109832764e-01,5.581631660461425781e-01,9.370727092027664185e-02,1.030860189348459244e-02,-8.161908388137817383e-01,5.700396299362182617e-01,4.113431274890899658e-01,7.371635735034942627e-02,6.170462369918823242e-01,-1.088900685310363770e+00,4.474132061004638672e-01,-6.623222827911376953e-01,-3.888210058212280273e-01,1.250618219375610352e+00,8.119908571243286133e-01,1.859557509422302246e+00,-7.639355063438415527e-01,-4.615738987922668457e-02,6.806630641222000122e-02,7.322631478309631348e-01,-1.552415639162063599e-01,1.167943999171257019e-01,-1.871141195297241211e-01,1.141090784221887589e-02,-2.624771296977996826e-01,6.967761516571044922e-01,-1.683787256479263306e-01,-6.672836840152740479e-02
-1.482280204072594643e-03,-2.114749103784561157e-01,5.484815835952758789e-01,8.465048670768737793e-02,5.975219537504017353e-04,-8.100414276123046875e-01,5.802299976348876953e-01,4.387678503990173340e-01,8.303549885749816895e-02,6.551159620285034180e-01,-1.067662477493286133e+00,4.233978688716888428e-01,-7.208839058876037598e-01,-3.526771664619445801e-01,1.236150026321411133e+00,8.122314810752868652e-01,1.710911035537719727e+00,-7.515638470649719238e-01,-6.355283409357070923e-02,7.152585685253143311e-02,7.868427634239196777e-01,-1.560946553945541382e-01,1.295281052589416504e-01,-2.684432864189147949e-01,-3.642150759696960449e-02,-2.895512878894805908e-01,8.972886800765991211e-01,-1.669231206178665161e-01,-5.344290658831596375e-02
7.670960621908307076e-04,-2.143756747245788574e-01,5.466296076774597168e-01,7.972674071788787842e-02,-1.022785343229770660e-02,-7.996863722801208496e-01,5.950132608413696289e-01,4.938153922557830811e-01,1.216764375567436218e-01,6.490560173988342285e-01,-1.044750094413757324e+00,4.088754057884216309e-01,-7.951750159263610840e-01,-3.038549423217773438e-01,1.209154129028320312e+00,8.003547191619873047e-01,1.529310345649719238e+00,-7.292801737785339355e-01,-8.330061286687850952e-02,7.928060740232467651e-02,8.348388671875000000e-01,-1.576946973800659180e-01,1.404926478862762451e-01,-3.702311813831329346e-01,-8.410396426916122437e-02,-2.940122485160827637e-01,1.085097670555114746e+00,-1.698123514652252197e-01,-3.624541312456130981e-02
1.624953933060169220e-03,-2.165667265653610229e-01,5.466437935829162598e-01,7.874850928783416748e-02,-2.113239653408527374e-02,-7.911853194236755371e-01,6.061170697212219238e-01,5.461245775222778320e-01,1.371843367815017700e-01,6.054986119270324707e-01,-1.030157804489135742e+00,4.228158295154571533e-01,-8.715699315071105957e-01,-2.831334173679351807e-01,1.193168282508850098e+00,8.252447247505187988e-01,1.303908467292785645e+00,-6.991976499557495117e-01,-1.021017879247665405e-01,7.488460093736648560e-02,8.454130887985229492e-01,-1.577559262514114380e-01,1.476821154356002808e-01,-4.675610959529876709e-01,-1.366229951381683350e-01,-2.748918533325195312e-01,1.229541659355163574e+00,-1.768320053815841675e-01,-2.141279727220535278e-02
1.076106331311166286e-03,-2.176762372255325317e-01,5.478683114051818848e-01,7.608676701784133911e-02,-2.399241738021373749e-02,-7.852914929389953613e-01,6.139644980430603027e-01,5.817303061485290527e-01,1.363783180713653564e-01,5.515388846397399902e-01,-9.966899156570434570e-01,4.253444969654083252e-01,-9.843376874923706055e-01,-2.726556658744812012e-01,1.206530928611755371e+00,8.802546858787536621e-01,9.911006093025207520e-01,-6.750841140747070312e-01,-1.063948646187782288e-01,6.036984547972679138e-02,8.475432395935058594e-01,-1.576372534036636353e-01,1.470274776220321655e-01,-5.616791844367980957e-01,-1.890739798545837402e-01,-2.632680535316467285e-01,1.325816631317138672e+00,-1.852748990058898926e-01,-7.670852355659008026e-03
-3.170533454976975918e-04,-2.189142405986785889e-01,5.486773848533630371e-01,7.406140118837356567e-02,-2.587313577532768250e-02,-7.726288437843322754e-01,6.299921870231628418e-01,6.063176393508911133e-01,1.212512478232383728e-01,4.796601235866546631e-01,-9.720210433006286621e-01,4.362699985504150391e-01,-1.108614325523376465e+00,-2.379626780748367310e-01,1.222445726394653320e+00,9.095754623413085938e-01,7.179621458053588867e-01,-6.457321047782897949e-01,-8.945219218730926514e-02,4.752540960907936096e-02,8.512009978294372559e-01,-1.595851480960845947e-01,1.377181559801101685e-01,-6.323046684265136719e-01,-2.291834652423858643e-01,-2.333326339721679688e-01,1.351914644241333008e+00,-1.895050257444381714e-01,-5.311766173690557480e-03
-1.936117885634303093e-03,-2.195560634136199951e-01,5.515275597572326660e-01,7.357709109783172607e-02,-2.367405034601688385e-02,-7.603594660758972168e-01,6.448872089385986328e-01,6.042754650115966797e-01,1.098850965499877930e-01,3.479729592800140381e-01,-9.255258440971374512e-01,4.889393746852874756e-01,-1.208943128585815430e+00,-1.704819202423095703e-01,1.236982464790344238e+00,9.014165401458740234e-01,5.051471590995788574e-01,-6.096094250679016113e-01,-6.777951121330261230e-02,2.955508045852184296e-02,8.282688856124877930e-01,-1.613257080316543579e-01,1.312318295240402222e-01,-6.897436976432800293e-01,-2.707102894783020020e-01,-1.858337968587875366e-01,1.341526389122009277e+00,-1.895177513360977173e-01,-1.219774503260850906e-02
-2.833523321896791458e-03,-2.208321392536163330e-01,5.549417734146118164e-01,6.840139627456665039e-02,-1.803575828671455383e-02,-7.431292533874511719e-01,6.653982996940612793e-01,5.863119363784790039e-01,7.592804729938507080e-02,2.782704830169677734e-01,-9.132800102233886719e-01,5.126441121101379395e-01,-1.399438500404357910e+00,-8.015548437833786011e-02,1.248834848403930664e+00,7.938452363014221191e-01,3.963397145271301270e-01,-5.687652230262756348e-01,-2.076296694576740265e-02,6.859583314508199692e-03,7.914677858352661133e-01,-1.658064424991607666e-01,1.221731156110763550e-01,-7.126527428627014160e-01,-2.881303727626800537e-01,-1.722324192523956299e-01,1.272582054138183594e+00,-1.885495036840438843e-01,-1.088874880224466324e-02
-3.806908382102847099e-03,-2.219982743263244629e-01,5.600664615631103516e-01,6.511292606592178345e-02,-1.131931319832801819e-02,-7.245789170265197754e-01,6.860157251358032227e-01,5.624526143074035645e-01,1.916750520467758179e-02,1.859968900680541992e-01,-9.264301657676696777e-01,5.435431599617004395e-01,-1.560541868209838867e+00,1.221082173287868500e-02,1.236730694770812988e+00,7.795837521553039551e-01,3.129821121692657471e-01,-5.222443938255310059e-01,1.331479009240865707e-02,-2.754061482846736908e-02,7.241890430450439453e-01,-1.675520688295364380e-01,1.131104454398155212e-01,-6.965638995170593262e-01,-2.979499399662017822e-01,-1.452698260545730591e-01,1.151662945747375488e+00,-1.861056536436080933e-01,-2.521286718547344208e-02
-5.343445576727390289e-03,-2.232069820165634155e-01,5.678911805152893066e-01,5.185740068554878235e-02,-4.183482960797846317e-04,-7.142564654350280762e-01,6.979601383209228516e-01,5.048938393592834473e-01,-1.235265750437974930e-02,4.771972447633743286e-02,-9.302883744239807129e-01,6.050124168395996094e-01,-1.711038351058959961e+00,1.031785085797309875e-01,1.213084459304809570e+00,7.833911776542663574e-01,3.074716329574584961e-01,-4.777466058731079102e-01,5.576373264193534851e-02,-5.172374844551086426e-02,6.532136201858520508e-01,-1.697046160697937012e-01,1.044700592756271362e-01,-6.445542573928833008e-01,-2.888932824134826660e-01,-1.204513609409332275e-01,9.563918709754943848e-01,-1.849106550216674805e-01,-4.036752507090568542e-02
-5.259805824607610703e-03,-2.236004471778869629e-01,5.712012648582458496e-01,4.763948544859886169e-02,-5.839302320964634418e-04,-7.146049141883850098e-01,6.979039907455444336e-01,4.498475492000579834e-01,-2.448171377182006836e-02,-1.007577851414680481e-01,-9.697619676589965820e-01,6.661922931671142578e-01,-1.832920074462890625e+00,1.954073458909988403e-01,1.176073312759399414e+00,7.754700779914855957e-01,3.293586671352386475e-01,-4.395471811294555664e-01,8.862850815057754517e-02,-7.103922963142395020e-02,5.985458493232727051e-01,-1.678281724452972412e-01,1.050621867179870605e-01,-5.875099301338195801e-01,-2.774744033813476562e-01,-8.457186073064804077e-02,7.849097251892089844e-01,-1.825289875268936157e-01,-5.012315884232521057e-02
-3.625584067776799202e-03,-2.237735092639923096e-01,5.791369080543518066e-01,4.310690984129905701e-02,9.711887105368077755e-04,-7.021462917327880859e-01,7.107259631156921387e-01,3.892517685890197754e-01,-5.497106164693832397e-02,-2.847354710102081299e-01,-9.854281544685363770e-01,7.246360778808593750e-01,-1.909476757049560547e+00,2.941060960292816162e-01,1.149390816688537598e+00,7.641708850860595703e-01,3.722329437732696533e-01,-4.002085924148559570e-01,1.313607990741729736e-01,-8.871214836835861206e-02,5.366923213005065918e-01,-1.676950752735137939e-01,1.027105078101158142e-01,-5.230598449707031250e-01,-2.589701414108276367e-01,-5.014357715845108032e-02,6.255502104759216309e-01,-1.787609755992889404e-01,-6.048586964607238770e-02
-1.231154194101691246e-03,-2.233364284038543701e-01,5.829766988754272461e-01,4.454663023352622986e-02,-1.064531272277235985e-03,-6.915206909179687500e-01,7.209810018539428711e-01,3.362287580966949463e-01,-5.734215676784515381e-02,-4.694207012653350830e-01,-1.033870220184326172e+00,7.733336687088012695e-01,-1.953310608863830566e+00,3.766165971755981445e-01,1.133785247802734375e+00,7.030371427536010742e-01,3.925073444843292236e-01,-3.738525509834289551e-01,1.638587564229965210e-01,-8.524716645479202271e-02,5.122735500335693359e-01,-1.676113158464431763e-01,1.025286614894866943e-01,-4.961217939853668213e-01,-2.542192339897155762e-01,-2.870820276439189911e-02,5.428358316421508789e-01,-1.742772310972213745e-01,-6.406784057617187500e-02
-1.631817940506152809e-05,-2.224495708942413330e-01,5.854938030242919922e-01,5.042534321546554565e-02,8.960530976764857769e-04,-6.931499242782592773e-01,7.190268635749816895e-01,2.849334478378295898e-01,-6.681936979293823242e-02,-5.916104316711425781e-01,-1.062872648239135742e+00,7.675146460533142090e-01,-1.970472455024719238e+00,4.341804683208465576e-01,1.114582896232604980e+00,6.610114574432373047e-01,4.360523521900177002e-01,-3.622201085090637207e-01,1.960788369178771973e-01,-8.687706291675567627e-02,5.110450983047485352e-01,-1.673051565885543823e-01,9.984047710895538330e-02,-4.893721640110015869e-01,-2.531619966030120850e-01,-2.440245263278484344e-02,4.941878914833068848e-01,-1.709044128656387329e-01,-6.305115669965744019e-02
1.427868846803903580e-03,-2.223447412252426147e-01,5.854118466377258301e-01,5.225038528442382812e-02,-2.660847036167979240e-03,-6.883715391159057617e-01,7.234690189361572266e-01,2.432442903518676758e-01,-7.071275264024734497e-02,-7.015008330345153809e-01,-1.101319432258605957e+00,7.618504762649536133e-01,-1.964626193046569824e+00,4.845210909843444824e-01,1.094281077384948730e+00,6.274271011352539062e-01,4.776728153228759766e-01,-3.451507389545440674e-01,2.209274321794509888e-01,-9.426133334636688232e-02,5.232953429222106934e-01,-1.707315295934677124e-01,1.016301959753036499e-01,-5.188767910003662109e-01,-2.385484874248504639e-01,-1.271428633481264114e-02,5.185179114341735840e-01,-1.656021773815155029e-01,-6.312330067157745361e-02
1.546826097182929516e-03,-2.222396582365036011e-01,5.817511081695556641e-01,4.929081723093986511e-02,-4.873971454799175262e-03,-7.035443782806396484e-01,7.089231014251708984e-01,2.212979942560195923e-01,-6.752210110425949097e-02,-7.893550992012023926e-01,-1.091011881828308105e+00,7.440392374992370605e-01,-1.918503642082214355e+00,4.900231361389160156e-01,1.067106127738952637e+00,6.062466502189636230e-01,5.307239294052124023e-01,-3.274003267288208008e-01,2.461674958467483521e-01,-9.355114400386810303e-02,5.522156357765197754e-01,-1.753743886947631836e-01,1.030394732952117920e-01,-5.696409940719604492e-01,-2.213445156812667847e-01,-1.497878693044185638e-02,5.738967061042785645e-01,-1.616563349962234497e-01,-6.091607734560966492e-02
1.536369789391756058e-03,-2.222733199596405029e-01,5.800297260284423828e-01,4.916009679436683655e-02,-9.484517388045787811e-03,-7.172343134880065918e-01,6.950311064720153809e-01,2.077860683202743530e-01,-6.023613736033439636e-02,-8.213567733764648438e-01,-1.082601308822631836e+00,7.256400585174560547e-01,-1.855121135711669922e+00,4.865207970142364502e-01,1.044341683387756348e+00,5.801267027854919434e-01,5.897921323776245117e-01,-3.117708861827850342e-01,2.714199125766754150e-01,-8.853762596845626831e-02,5.781463980674743652e-01,-1.807383596897125244e-01,1.015831902623176575e-01,-6.058602929115295410e-01,-2.036458998918533325e-01,-2.745392732322216034e-02,6.199058294296264648e-01,-1.589370816946029663e-01,-5.747810006141662598e-02
2.429727464914321899e-03,-2.223318815231323242e-01,5.766677260398864746e-01,4.683943837881088257e-02,-1.602406986057758331e-02,-7.240296602249145508e-01,6.879900693893432617e-01,1.864556223154067993e-01,-5.268992111086845398e-02,-8.273264765739440918e-01,-1.067644834518432617e+00,7.316882014274597168e-01,-1.767580509185791016e+00,4.682636559009552002e-01,1.034256458282470703e+00,5.664712190628051758e-01,6.169841289520263672e-01,-2.998629212379455566e-01,2.951959967613220215e-01,-7.211169600486755371e-02,6.154680252075195312e-01,-1.867142021656036377e-01,9.941627085208892822e-02,-6.429369449615478516e-01,-1.892363578081130981e-01,-3.444408252835273743e-02,6.804657578468322754e-01,-1.557741463184356689e-01,-5.348482355475425720e-02
2.350661437958478928e-03,-2.227911502122879028e-01,5.730280280113220215e-01,4.158756509423255920e-02,-1.844057068228721619e-02,-7.363416552543640137e-01,6.750788092613220215e-01,1.721992045640945435e-01,-3.286303207278251648e-02,-7.988731861114501953e-01,-1.054236054420471191e+00,7.443074584007263184e-01,-1.656141161918640137e+00,4.263325631618499756e-01,1.024887084960937500e+00,5.627049803733825684e-01,6.826130151748657227e-01,-2.822486460208892822e-01,3.118108212947845459e-01,-7.241139560937881470e-02,6.319332122802734375e-01,-1.920868605375289917e-01,9.835759550333023071e-02,-6.723515391349792480e-01,-1.585567444562911987e-01,-3.969605267047882080e-02,7.324259877204895020e-01,-1.503207087516784668e-01,-5.556978285312652588e-02
2.437907969579100609e-03,-2.232892811298370361e-01,5.725561976432800293e-01,3.953822702169418335e-02,-2.415238134562969208e-02,-7.422958612442016602e-01,6.684685945510864258e-01,1.832007914781570435e-01,-9.100351482629776001e-03,-7.630890607833862305e-01,-1.046721458435058594e+00,7.758770585060119629e-01,-1.483416080474853516e+00,3.923305273056030273e-01,1.036156892776489258e+00,5.363895297050476074e-01,7.392728924751281738e-01,-2.751064896583557129e-01,3.206510543823242188e-01,-7.073733210563659668e-02,6.397709846496582031e-01,-1.961961388587951660e-01,9.724480658769607544e-02,-6.774160265922546387e-01,-1.343201994895935059e-01,-4.411068558692932129e-02,7.507474422454833984e-01,-1.475226581096649170e-01,-5.823216959834098816e-02
3.059850540012121201e-03,-2.239521890878677368e-01,5.724591612815856934e-01,3.497824817895889282e-02,-3.301271796226501465e-02,-7.446255683898925781e-01,6.657472848892211914e-01,2.057013958692550659e-01,3.892103442922234535e-03,-7.181124687194824219e-01,-1.029321432113647461e+00,8.318215012550354004e-01,-1.319966435432434082e+00,3.705496191978454590e-01,1.052479267120361328e+00,5.365537405014038086e-01,7.933551669120788574e-01,-2.724955976009368896e-01,3.266206383705139160e-01,-6.432076543569564819e-02,6.616734862327575684e-01,-2.000694125890731812e-01,9.606678038835525513e-02,-6.690315604209899902e-01,-1.082257106900215149e-01,-4.440160468220710754e-02,7.533056735992431641e-01,-1.465306729078292847e-01,-6.270810961723327637e-02
2.827107440680265427e-03,-2.246477603912353516e-01,5.740037560462951660e-01,3.347802162170410156e-02,-3.685064986348152161e-02,-7.526429295539855957e-01,6.565439105033874512e-01,2.089082300662994385e-01,1.709450036287307739e-02,-6.744142770767211914e-01,-1.065220117568969727e+00,8.478667736053466797e-01,-1.040230989456176758e+00,3.586007952690124512e-01,1.051295042037963867e+00,5.135792493820190430e-01,9.096660614013671875e-01,-2.753320932388305664e-01,3.282304406166076660e-01,-5.355725064873695374e-02,6.671068668365478516e-01,-2.038619667291641235e-01,9.553251415491104126e-02,-6.534926891326904297e-01,-8.612857758998870850e-02,-4.341850802302360535e-02,7.376443147659301758e-01,-1.454304307699203491e-01,-6.681735068559646606e-02
3.633416956290602684e-03,-2.256539016962051392e-01,5.756919980049133301e-01,3.143062442541122437e-02,-4.353445768356323242e-02,-7.505587339401245117e-01,6.586186289787292480e-01,2.156633138656616211e-01,4.949952661991119385e-02,-6.235479712486267090e-01,-1.134511113166809082e+00,9.397373795509338379e-01,-7.885379195213317871e-01,3.479204475879669189e-01,1.062665462493896484e+00,5.198676586151123047e-01,1.007472157478332520e+00,-2.979861199855804443e-01,3.298024535179138184e-01,-5.558907985687255859e-02,6.962505578994750977e-01,-2.063197791576385498e-01,9.713405370712280273e-02,-6.323230862617492676e-01,-6.701949238777160645e-02,-4.250684753060340881e-02,7.101972103118896484e-01,-1.460017412900924683e-01,-6.892000883817672729e-02
4.170663654804229736e-03,-2.275690883398056030e-01,5.761655569076538086e-01,3.221213445067405701e-02,-4.678837209939956665e-02,-7.526165246963500977e-01,6.560042500495910645e-01,2.258966416120529175e-01,7.280595600605010986e-02,-4.904564917087554932e-01,-1.227044343948364258e+00,9.300584197044372559e-01,-5.402351021766662598e-01,3.403392434120178223e-01,1.058773398399353027e+00,5.156274437904357910e-01,1.175001025199890137e+00,-3.098208606243133545e-01,3.215318918228149414e-01,-5.464998260140419006e-02,7.038831114768981934e-01,-2.117246538400650024e-01,9.947165101766586304e-02,-6.262052059173583984e-01,-5.160459876060485840e-02,-4.612207785248756409e-02,7.079067826271057129e-01,-1.480780839920043945e-01,-7.010457664728164673e-02
3.999571781605482101e-03,-2.287687659263610840e-01,5.773026943206787109e-01,3.420026227831840515e-02,-4.440610483288764954e-02,-7.568134069442749023e-01,6.512234210968017578e-01,2.778695523738861084e-01,1.065300852060317993e-01,-3.830410242080688477e-01,-1.253358364105224609e+00,9.087197184562683105e-01,-3.895716965198516846e-01,3.189260065555572510e-01,1.066842079162597656e+00,5.320553183555603027e-01,1.297144055366516113e+00,-3.234641253948211670e-01,3.299900591373443604e-01,-5.798098072409629822e-02,7.251343727111816406e-01,-2.170795798301696777e-01,9.931702911853790283e-02,-6.174574494361877441e-01,-4.283837229013442993e-02,-6.340415030717849731e-02,7.055918574333190918e-01,-1.532128304243087769e-01,-7.379330694675445557e-02
4.970705602318048477e-03,-2.300395965576171875e-01,5.775783658027648926e-01,3.552873060107231140e-02,-4.120174422860145569e-02,-7.549182176589965820e-01,6.535584330558776855e-01,3.062352240085601807e-01,1.334186345338821411e-01,-2.518036067485809326e-01,-1.264237642288208008e+00,9.029762148857116699e-01,-2.897011935710906982e-01,2.725293040275573730e-01,1.060464978218078613e+00,5.830340385437011719e-01,1.481310129165649414e+00,-3.316787779331207275e-01,3.352662920951843262e-01,-6.223545968532562256e-02,7.509868144989013672e-01,-2.216029912233352661e-01,1.029066368937492371e-01,-6.125490069389343262e-01,-2.952119521796703339e-02,-6.909281760454177856e-02,7.128980159759521484e-01,-1.557437628507614136e-01,-7.862446457147598267e-02
4.600804299116134644e-03,-2.313791811466217041e-01,5.766094326972961426e-01,3.667533397674560547e-02,-4.101992398500442505e-02,-7.606091499328613281e-01,6.468740105628967285e-01,3.546032905578613281e-01,1.570296138525009155e-01,-8.587245643138885498e-02,-1.268770217895507812e+00,8.739045858383178711e-01,-2.190171480178833008e-01,2.342721372842788696e-01,1.091474652290344238e+00,6.180795431137084961e-01,1.640204071998596191e+00,-3.495534360408782959e-01,3.377002179622650146e-01,-7.391478121280670166e-02,7.750141024589538574e-01,-2.250649780035018921e-01,1.038273423910140991e-01,-6.148554682731628418e-01,-2.619379200041294098e-02,-9.237086772918701172e-02,7.390186786651611328e-01,-1.588048338890075684e-01,-7.745747268199920654e-02
5.264236126095056534e-03,-2.323773503303527832e-01,5.732993483543395996e-01,3.465984761714935303e-02,-4.465134814381599426e-02,-7.608138322830200195e-01,6.465039253234863281e-01,3.964181840419769287e-01,1.739141643047332764e-01,8.939743787050247192e-02,-1.278963565826416016e+00,8.115440011024475098e-01,-1.867305487394332886e-01,1.501561999320983887e-01,1.100981354713439941e+00,6.621968150138854980e-01,1.793940782546997070e+00,-3.804246187210083008e-01,3.441542685031890869e-01,-9.313912689685821533e-02,8.256664276123046875e-01,-2.280227988958358765e-01,1.064353510737419128e-01,-6.266740560531616211e-01,-2.182465791702270508e-02,-9.666679799556732178e-02,7.934231758117675781e-01,-1.605120748281478882e-01,-8.261618018150329590e-02
5.322547629475593567e-03,-2.327608466148376465e-01,5.734357237815856934e-01,3.723074868321418762e-02,-4.508695378899574280e-02,-7.606863975524902344e-01,6.464806795120239258e-01,4.376745820045471191e-01,1.950920373201370239e-01,2.308041155338287354e-01,-1.304757952690124512e+00,6.999802589416503906e-01,-1.445063948631286621e-01,1.553287357091903687e-02,1.107913374900817871e+00,7.112535238265991211e-01,1.926151871681213379e+00,-3.955910205841064453e-01,3.325379788875579834e-01,-1.295250803232192993e-01,8.416423201560974121e-01,-2.267764657735824585e-01,1.156368181109428406e-01,-6.186095476150512695e-01,-2.420417219400405884e-02,-1.110418066382408142e-01,8.088631629943847656e-01,-1.624916940927505493e-01,-8.204070478677749634e-02
4.585251212120056152e-03,-2.325889319181442261e-01,5.735378861427307129e-01,3.760598227381706238e-02,-4.308011382818222046e-02,-7.616620063781738281e-01,6.454462409019470215e-01,4.581209719181060791e-01,2.182468175888061523e-01,3.664916455745697021e-01,-1.331313490867614746e+00,5.694473385810852051e-01,-1.099913716316223145e-01,-1.449162065982818604e-01,1.133784532546997070e+00,7.513447999954223633e-01,2.010128974914550781e+00,-4.119011163711547852e-01,3.141658008098602295e-01,-1.654592305421829224e-01,8.392663598060607910e-01,-2.222750931978225708e-01,1.252454668283462524e-01,-6.072097420692443848e-01,-3.194675967097282410e-02,-1.278210282325744629e-01,8.278728723526000977e-01,-1.627834439277648926e-01,-7.812713831663131714e-02
4.900718107819557190e-03,-2.319028228521347046e-01,5.754588246345520020e-01,4.465924948453903198e-02,-4.374390840530395508e-02,-7.538217902183532715e-01,6.540983915328979492e-01,4.882411062717437744e-01,2.381692677736282349e-01,4.974602758884429932e-01,-1.349691510200500488e+00,4.594381153583526611e-01,-1.298705488443374634e-01,-2.928384244441986084e-01,1.186170697212219238e+00,7.622340917587280273e-01,2.047210454940795898e+00,-4.373972713947296143e-01,2.913491427898406982e-01,-1.812569499015808105e-01,8.411086201667785645e-01,-2.160380184650421143e-01,1.262693852186203003e-01,-5.941928625106811523e-01,-3.844481334090232849e-02,-1.317880302667617798e-01,8.221607208251953125e-01,-1.628549247980117798e-01,-7.641559094190597534e-02
4.289436619728803635e-03,-2.311497330665588379e-01,5.786722898483276367e-01,4.797449707984924316e-02,-4.206652939319610596e-02,-7.401865124702453613e-01,6.693674921989440918e-01,4.988074004650115967e-01,2.453113049268722534e-01,6.016767024993896484e-01,-1.343978643417358398e+00,3.690757751464843750e-01,-1.471297442913055420e-01,-4.436908364295959473e-01,1.240976929664611816e+00,7.665292024612426758e-01,2.069210052490234375e+00,-4.672752916812896729e-01,2.784501910209655762e-01,-2.102850079536437988e-01,8.249945044517517090e-01,-2.110305279493331909e-01,1.240349858999252319e-01,-5.628181695938110352e-01,-3.798830881714820862e-02,-1.506905406713485718e-01,7.952699661254882812e-01,-1.635364890098571777e-01,-7.439659535884857178e-02
4.499749280512332916e-03,-2.300067096948623657e-01,5.818616151809692383e-01,4.987920448184013367e-02,-4.085536301136016846e-02,-7.169368267059326172e-01,6.941502094268798828e-01,5.067068338394165039e-01,2.557504773139953613e-01,6.827509999275207520e-01,-1.324302315711975098e+00,3.111625015735626221e-01,-1.857155412435531616e-01,-5.502524375915527344e-01,1.266108393669128418e+00,7.400852441787719727e-01,2.047924757003784180e+00,-5.003896951675415039e-01,2.682595849037170410e-01,-2.095528095960617065e-01,8.088423609733581543e-01,-2.062291949987411499e-01,1.138340458273887634e-01,-5.333737134933471680e-01,-4.091236740350723267e-02,-1.674032211303710938e-01,7.628793716430664062e-01,-1.646704971790313721e-01,-7.330331206321716309e-02
5.537552293390035629e-03,-2.291169762611389160e-01,5.846593976020812988e-01,4.995880648493766785e-02,-4.172642529010772705e-02,-6.878698468208312988e-01,7.229094505310058594e-01,4.956201612949371338e-01,2.508677542209625244e-01,7.375622987747192383e-01,-1.294641256332397461e+00,2.596508562564849854e-01,-2.023284286260604858e-01,-6.304941773414611816e-01,1.267768263816833496e+00,7.201112508773803711e-01,2.022144079208374023e+00,-5.310616493225097656e-01,2.509877979755401611e-01,-1.781805753707885742e-01,8.019856214523315430e-01,-2.020570337772369385e-01,9.770947694778442383e-02,-5.070120692253112793e-01,-4.921010136604309082e-02,-2.031343579292297363e-01,7.169479131698608398e-01,-1.698250770568847656e-01,-6.484802812337875366e-02
6.359737366437911987e-03,-2.281814515590667725e-01,5.880730152130126953e-01,5.467473715543746948e-02,-3.759062290191650391e-02,-6.594437956809997559e-01,7.488200664520263672e-01,4.817475676536560059e-01,2.492466866970062256e-01,7.574321627616882324e-01,-1.262670278549194336e+00,2.036994397640228271e-01,-2.187206149101257324e-01,-7.045504450798034668e-01,1.259137034416198730e+00,7.051694393157958984e-01,2.004091262817382812e+00,-5.663610696792602539e-01,2.225820720195770264e-01,-1.425350308418273926e-01,8.117264509201049805e-01,-1.958041936159133911e-01,8.469364792108535767e-02,-4.762149751186370850e-01,-5.328210815787315369e-02,-2.432151734828948975e-01,6.587180495262145996e-01,-1.761345416307449341e-01,-5.476607009768486023e-02
8.420064114034175873e-03,-2.269017100334167480e-01,5.895438790321350098e-01,5.956714972853660583e-02,-3.119027428328990936e-02,-6.192919611930847168e-01,7.822763919830322266e-01,4.509722292423248291e-01,2.465937733650207520e-01,7.606731653213500977e-01,-1.216285586357116699e+00,1.490379720926284790e-01,-2.736686766147613525e-01,-7.494041919708251953e-01,1.240984559059143066e+00,7.255605459213256836e-01,1.974013090133666992e+00,-5.799736976623535156e-01,1.980431228876113892e-01,-8.322535455226898193e-02,8.278236985206604004e-01,-1.907692849636077881e-01,6.628394871950149536e-02,-4.577585756778717041e-01,-5.274093151092529297e-02,-2.633584141731262207e-01,6.274771690368652344e-01,-1.786489486694335938e-01,-4.983043298125267029e-02
9.805411100387573242e-03,-2.258230000734329224e-01,5.898016691207885742e-01,6.405081599950790405e-02,-2.086408436298370361e-02,-5.855476260185241699e-01,8.078342676162719727e-01,4.369301199913024902e-01,2.231349796056747437e-01,7.526106834411621094e-01,-1.175953507423400879e+00,1.593601554632186890e-01,-3.060728609561920166e-01,-7.891777753829956055e-01,1.188082098960876465e+00,7.529472112655639648e-01,1.931000113487243652e+00,-5.763043761253356934e-01,1.697421818971633911e-01,1.605069078505039215e-02,8.609998822212219238e-01,-1.867821961641311646e-01,4.324328154325485229e-02,-4.593468606472015381e-01,-6.024288758635520935e-02,-2.977450788021087646e-01,5.926191806793212891e-01,-1.853587031364440918e-01,-4.050257802009582520e-02
1.015204004943370819e-02,-2.248507589101791382e-01,5.885977149009704590e-01,6.933052837848663330e-02,-1.094897184520959854e-02,-5.499485135078430176e-01,8.322439789772033691e-01,4.365169107913970947e-01,2.122101783752441406e-01,7.261230945587158203e-01,-1.138181328773498535e+00,1.971544176340103149e-01,-3.632487356662750244e-01,-8.376965522766113281e-01,1.152679085731506348e+00,7.945513725280761719e-01,1.853839635848999023e+00,-5.708828568458557129e-01,1.288034170866012573e-01,8.393841981887817383e-02,9.068393707275390625e-01,-1.797647774219512939e-01,2.754580788314342499e-02,-4.728167653083801270e-01,-6.103005260229110718e-02,-3.131714463233947754e-01,5.801948904991149902e-01,-1.880988180637359619e-01,-3.955682367086410522e-02
8.141640573740005493e-03,-2.232471406459808350e-01,5.862850546836853027e-01,7.289852201938629150e-02,-8.989947964437305927e-04,-5.215942859649658203e-01,8.500731587409973145e-01,4.492894709110260010e-01,2.213812917470932007e-01,6.851335763931274414e-01,-1.092578053474426270e+00,2.983442246913909912e-01,-4.277310669422149658e-01,-8.609355688095092773e-01,1.173629760742187500e+00,8.307000994682312012e-01,1.757164359092712402e+00,-5.465871095657348633e-01,7.647397369146347046e-02,1.180150806903839111e-01,9.829096198081970215e-01,-1.691731065511703491e-01,2.084872871637344360e-02,-4.944585561752319336e-01,-5.029902607202529907e-02,-3.054182231426239014e-01,5.803805589675903320e-01,-1.848818510770797729e-01,-5.036155134439468384e-02
5.246792454272508621e-03,-2.224402576684951782e-01,5.832682251930236816e-01,7.611506432294845581e-02,9.331843815743923187e-03,-5.008614659309387207e-01,8.621236681938171387e-01,4.609619975090026855e-01,2.195321768522262573e-01,6.661356687545776367e-01,-1.054586887359619141e+00,3.536445498466491699e-01,-5.046517848968505859e-01,-9.127478599548339844e-01,1.176556468009948730e+00,9.192033410072326660e-01,1.622856974601745605e+00,-5.046057701110839844e-01,2.775039896368980408e-02,1.697002500295639038e-01,1.007409930229187012e+00,-1.622287034988403320e-01,6.926247384399175644e-03,-5.255233049392700195e-01,-4.800533503293991089e-02,-3.105290830135345459e-01,5.998026132583618164e-01,-1.828814744949340820e-01,-6.136119738221168518e-02
2.622733358293771744e-03,-2.213177084922790527e-01,5.794843435287475586e-01,7.555201649665832520e-02,2.225903980433940887e-02,-4.740629792213439941e-01,8.769610524177551270e-01,4.642046689987182617e-01,2.063361853361129761e-01,6.333400011062622070e-01,-1.037103772163391113e+00,3.455547094345092773e-01,-5.634711384773254395e-01,-9.333555698394775391e-01,1.213343262672424316e+00,9.523143172264099121e-01,1.471823453903198242e+00,-4.624672234058380127e-01,-2.231770195066928864e-02,1.997120231389999390e-01,1.019043087959289551e+00,-1.559893786907196045e-01,6.302982568740844727e-03,-5.549095273017883301e-01,-4.133609682321548462e-02,-3.406701385974884033e-01,6.204885840415954590e-01,-1.797766387462615967e-01,-6.262453645467758179e-02
1.695487662800587714e-05,-2.210150361061096191e-01,5.757288336753845215e-01,6.652382016181945801e-02,2.249058894813060760e-02,-4.509971737861633301e-01,8.897585868835449219e-01,4.586855471134185791e-01,1.973324865102767944e-01,5.786175131797790527e-01,-1.035017013549804688e+00,3.376547098159790039e-01,-5.850980281829833984e-01,-9.789476990699768066e-01,1.224791169166564941e+00,9.731392860412597656e-01,1.291987895965576172e+00,-4.204213917255401611e-01,-6.642512977123260498e-02,2.164639532566070557e-01,1.004975676536560059e+00,-1.497402936220169067e-01,1.060730218887329102e-02,-5.812529921531677246e-01,-4.593429341912269592e-02,-3.559982776641845703e-01,6.404063701629638672e-01,-1.748644709587097168e-01,-6.671881675720214844e-02
-1.091164187528192997e-03,-2.203762680292129517e-01,5.733632445335388184e-01,6.305647641420364380e-02,2.548027224838733673e-02,-4.292674958705902100e-01,9.006131291389465332e-01,4.677230417728424072e-01,1.712623238563537598e-01,5.348160266876220703e-01,-1.032430052757263184e+00,3.449570238590240479e-01,-6.199412941932678223e-01,-1.030098319053649902e+00,1.241881489753723145e+00,1.026900172233581543e+00,1.101039767265319824e+00,-3.639819622039794922e-01,-1.012726351618766785e-01,2.241981476545333862e-01,9.459781646728515625e-01,-1.477629691362380981e-01,1.311857439577579498e-02,-6.019083857536315918e-01,-4.080757498741149902e-02,-3.625797331333160400e-01,6.419253945350646973e-01,-1.696970015764236450e-01,-6.826715916395187378e-02
-1.193615375086665154e-03,-2.200644761323928833e-01,5.728785395622253418e-01,6.069229915738105774e-02,2.911519259214401245e-02,-4.163579642772674561e-01,9.067054390907287598e-01,4.405556023120880127e-01,1.456848829984664917e-01,5.120354890823364258e-01,-1.039117693901062012e+00,3.405207097530364990e-01,-6.306749582290649414e-01,-1.059308648109436035e+00,1.258892416954040527e+00,1.073606967926025391e+00,9.341151714324951172e-01,-3.368305265903472900e-01,-1.116623505949974060e-01,2.269392013549804688e-01,9.101495146751403809e-01,-1.481208354234695435e-01,1.468387618660926819e-02,-6.048775911331176758e-01,-3.764922171831130981e-02,-3.731467127799987793e-01,6.382818818092346191e-01,-1.684076637029647827e-01,-6.672740727663040161e-02
-5.081762792542576790e-04,-2.196747511625289917e-01,5.753363370895385742e-01,6.214235723018646240e-02,3.566871955990791321e-02,-4.088145196437835693e-01,9.098004102706909180e-01,4.669301211833953857e-01,1.171229109168052673e-01,4.999082684516906738e-01,-1.034497499465942383e+00,3.407159745693206787e-01,-6.733665466308593750e-01,-1.057860255241394043e+00,1.272857189178466797e+00,1.101802825927734375e+00,8.285529613494873047e-01,-3.286058902740478516e-01,-1.105721667408943176e-01,2.149645686149597168e-01,8.691887259483337402e-01,-1.488706320524215698e-01,1.693600974977016449e-02,-5.876644253730773926e-01,-2.795336768031120300e-02,-3.800644576549530029e-01,6.037036776542663574e-01,-1.693027913570404053e-01,-6.406129151582717896e-02
-6.323877023532986641e-04,-2.196589559316635132e-01,5.758702754974365234e-01,6.350585818290710449e-02,3.986257687211036682e-02,-4.099518060684204102e-01,9.090200662612915039e-01,4.670444726943969727e-01,1.148244068026542664e-01,4.996343553066253662e-01,-1.033054471015930176e+00,3.393557667732238770e-01,-6.740818619728088379e-01,-1.059905886650085449e+00,1.275510191917419434e+00,1.100737571716308594e+00,8.254841566085815430e-01,-3.277150690555572510e-01,-1.100510284304618835e-01,2.147116363048553467e-01,8.654710054397583008e-01,-1.476377546787261963e-01,1.718338392674922943e-02,-5.880518555641174316e-01,-2.604378946125507355e-02,-3.807765543460845947e-01,6.018831729888916016e-01,-1.691080182790756226e-01,-6.480977684259414673e-02
-1.317286951234564185e-04,-2.192945778369903564e-01,5.793541669845581055e-01,6.419112533330917358e-02,4.117383435368537903e-02,-4.073107540607452393e-01,9.101001024246215820e-01,4.698243141174316406e-01,1.082321032881736755e-01,4.998030960559844971e-01,-1.025352597236633301e+00,3.446099758148193359e-01,-7.047810554504394531e-01,-1.043128728866577148e+00,1.275645971298217773e+00,1.111407637596130371e+00,7.857109904289245605e-01,-3.302433192729949951e-01,-8.862452954053878784e-02,2.087588310241699219e-01,8.528869152069091797e-01,-1.475414931774139404e-01,1.377568859606981277e-02,-5.577321052551269531e-01,-1.979894191026687622e-02,-3.899454772472381592e-01,5.467271804809570312e-01,-1.724504381418228149e-01,-6.129631772637367249e-02
1.422192319296300411e-03,-2.192561477422714233e-01,5.827387571334838867e-01,6.338276714086532593e-02,4.214851558208465576e-02,-4.066975414752960205e-01,9.103863239288330078e-01,4.650346636772155762e-01,1.159934252500534058e-01,5.150792002677917480e-01,-1.015627622604370117e+00,3.363763391971588135e-01,-7.050957679748535156e-01,-1.005235314369201660e+00,1.272552371025085449e+00,1.107537984848022461e+00,7.489757537841796875e-01,-3.481594324111938477e-01,-5.805587768554687500e-02,1.978847086429595947e-01,8.562654256820678711e-01,-1.486363559961318970e-01,1.172146480530500412e-02,-5.197392702102661133e-01,-1.240591425448656082e-02,-3.931365907192230225e-01,5.107569098472595215e-01,-1.754911094903945923e-01,-5.889890715479850769e-02
1.829896005801856518e-03,-2.194025069475173950e-01,5.863466262817382812e-01,6.528645008802413940e-02,4.280805960297584534e-02,-4.147757887840270996e-01,9.065683484077453613e-01,4.844344556331634521e-01,1.479625999927520752e-01,5.294807553291320801e-01,-1.012311935424804688e+00,3.247218132019042969e-01,-6.962035894393920898e-01,-9.622710347175598145e-01,1.270754933357238770e+00,1.108865141868591309e+00,7.513154745101928711e-01,-3.843531310558319092e-01,-3.520137816667556763e-02,1.775081157684326172e-01,8.906195163726806641e-01,-1.462529003620147705e-01,8.628482930362224579e-03,-4.804815649986267090e-01,-5.939200054854154587e-03,-3.897458612918853760e-01,4.724256396293640137e-01,-1.791884899139404297e-01,-5.890086665749549866e-02
1.979979919269680977e-03,-2.191204279661178589e-01,5.892134904861450195e-01,7.069765776395797729e-02,4.156372323632240295e-02,-4.290334284305572510e-01,8.995580077171325684e-01,4.972653985023498535e-01,1.763193309307098389e-01,5.363867282867431641e-01,-1.039133787155151367e+00,3.051818907260894775e-01,-6.543337106704711914e-01,-9.073093533515930176e-01,1.276642084121704102e+00,1.122676134109497070e+00,7.447443604469299316e-01,-4.267308712005615234e-01,-1.195012591779232025e-02,1.561001986265182495e-01,9.420617818832397461e-01,-1.468125581741333008e-01,6.739190313965082169e-03,-4.430468678474426270e-01,-8.355136029422283173e-03,-3.877580761909484863e-01,4.502607285976409912e-01,-1.804741173982620239e-01,-5.567159503698348999e-02
2.060017548501491547e-03,-2.201424688100814819e-01,5.913824439048767090e-01,6.911377608776092529e-02,3.326161950826644897e-02,-4.394883811473846436e-01,8.949675559997558594e-01,5.056062936782836914e-01,1.958219408988952637e-01,5.512305498123168945e-01,-1.059303641319274902e+00,2.497245669364929199e-01,-6.255711317062377930e-01,-8.433080315589904785e-01,1.283596515655517578e+00,1.114577531814575195e+00,7.382144927978515625e-01,-4.692519605159759521e-01,-1.002600137144327164e-02,1.236248537898063660e-01,9.728843569755554199e-01,-1.417440772056579590e-01,1.185456104576587677e-02,-4.129830300807952881e-01,-1.457058452069759369e-02,-3.862801492214202881e-01,4.305490255355834961e-01,-1.842342466115951538e-01,-5.606625601649284363e-02
2.964116865769028664e-03,-2.213148325681686401e-01,5.924254655838012695e-01,6.165201589465141296e-02,1.613722741603851318e-02,-4.472865164279937744e-01,8.921173810958862305e-01,5.048559308052062988e-01,2.359304875135421753e-01,5.578132867813110352e-01,-1.074870467185974121e+00,2.083969414234161377e-01,-6.167845129966735840e-01,-7.705028057098388672e-01,1.272085547447204590e+00,1.115065455436706543e+00,7.367421388626098633e-01,-5.150088667869567871e-01,4.375357646495103836e-03,1.088449582457542419e-01,1.019222855567932129e+00,-1.436209082603454590e-01,9.256513789296150208e-03,-3.870018124580383301e-01,-2.222439087927341461e-02,-3.669702112674713135e-01,4.396300613880157471e-01,-1.867855787277221680e-01,-5.794064328074455261e-02
3.187451977282762527e-03,-2.220353633165359497e-01,5.939159989356994629e-01,5.605621635913848877e-02,5.568537395447492599e-03,-4.610786437988281250e-01,8.855693936347961426e-01,4.791538119316101074e-01,2.793700397014617920e-01,5.808215141296386719e-01,-1.070537209510803223e+00,2.142394483089447021e-01,-6.283540129661560059e-01,-6.762133240699768066e-01,1.276906013488769531e+00,1.086681842803955078e+00,7.078443765640258789e-01,-5.504196882247924805e-01,4.092143103480339050e-02,1.089247316122055054e-01,1.055775403976440430e+00,-1.473271846771240234e-01,7.175868377089500427e-03,-3.555235564708709717e-01,-3.671443089842796326e-02,-3.635960817337036133e-01,4.433456659317016602e-01,-1.902832239866256714e-01,-5.435815453529357910e-02
2.031257143244147301e-03,-2.226313054561614990e-01,5.952877998352050781e-01,5.808434262871742249e-02,9.078470757231116295e-04,-4.706279635429382324e-01,8.804173469543457031e-01,4.412889778614044189e-01,3.463528752326965332e-01,6.032353639602661133e-01,-1.039734482765197754e+00,2.225093841552734375e-01,-6.934801936149597168e-01,-6.054066419601440430e-01,1.282774686813354492e+00,1.104679942131042480e+00,6.383212804794311523e-01,-5.835544466972351074e-01,4.976542294025421143e-02,9.954874217510223389e-02,1.109061360359191895e+00,-1.480663865804672241e-01,5.389346741139888763e-03,-3.256350457668304443e-01,-5.321039631962776184e-02,-3.501704931259155273e-01,4.535734057426452637e-01,-1.934531629085540771e-01,-5.690979957580566406e-02
1.701681991107761860e-03,-2.232037782669067383e-01,5.966491103172302246e-01,6.284953653812408447e-02,-1.250975648872554302e-03,-4.817492365837097168e-01,8.740515112876892090e-01,3.879549801349639893e-01,4.163177311420440674e-01,6.040878891944885254e-01,-1.007979273796081543e+00,2.472439408302307129e-01,-7.764131426811218262e-01,-4.862039983272552490e-01,1.315024256706237793e+00,1.043668270111083984e+00,5.396563410758972168e-01,-6.079360842704772949e-01,6.799046695232391357e-02,8.945407718420028687e-02,1.115368127822875977e+00,-1.529283225536346436e-01,5.755921360105276108e-03,-3.001112043857574463e-01,-6.198371574282646179e-02,-3.237401545047760010e-01,4.598820209503173828e-01,-1.974401921033859253e-01,-6.010251119732856750e-02
2.073337091132998466e-03,-2.231037765741348267e-01,5.990197658538818359e-01,6.904084235429763794e-02,-2.948960755020380020e-03,-4.867057800292968750e-01,8.708284497261047363e-01,3.072996437549591064e-01,4.558762907981872559e-01,5.982701778411865234e-01,-9.830770492553710938e-01,2.498175054788589478e-01,-8.782914280891418457e-01,-3.884963095188140869e-01,1.334807515144348145e+00,1.012426257133483887e+00,4.159964323043823242e-01,-6.137444376945495605e-01,9.661432355642318726e-02,7.439201325178146362e-02,1.089722871780395508e+00,-1.544710546731948853e-01,7.014701608568429947e-03,-2.680436968803405762e-01,-7.390146702527999878e-02,-2.901864349842071533e-01,4.405630230903625488e-01,-1.996078640222549438e-01,-6.254704296588897705e-02
1.153944293037056923e-03,-2.231963574886322021e-01,6.006273627281188965e-01,7.206252217292785645e-02,-5.610954947769641876e-03,-5.047445893287658691e-01,8.602374196052551270e-01,2.377369105815887451e-01,4.822148978710174561e-01,6.051837801933288574e-01,-9.243760108947753906e-01,2.488778382539749146e-01,-9.420731663703918457e-01,-3.037436008453369141e-01,1.343114256858825684e+00,9.766215085983276367e-01,3.077547848224639893e-01,-6.098694801330566406e-01,1.253688335418701172e-01,7.469619810581207275e-02,1.013720035552978516e+00,-1.569381654262542725e-01,4.042148590087890625e-03,-2.337312400341033936e-01,-9.023142606019973755e-02,-2.888396680355072021e-01,4.257019758224487305e-01,-2.030109465122222900e-01,-6.144685298204421997e-02
6.202324875630438328e-04,-2.230366468429565430e-01,6.032065153121948242e-01,7.644297927618026733e-02,-1.220909506082534790e-02,-5.126981735229492188e-01,8.550719022750854492e-01,1.369693130254745483e-01,4.900933504104614258e-01,6.055092811584472656e-01,-8.241421580314636230e-01,2.353191375732421875e-01,-1.207621812820434570e+00,-2.036152184009552002e-01,1.298457741737365723e+00,9.650748372077941895e-01,2.627153396606445312e-01,-6.048179864883422852e-01,1.443739682435989380e-01,7.764833420515060425e-02,9.393877387046813965e-01,-1.545341312885284424e-01,4.690453410148620605e-03,-1.990903615951538086e-01,-1.160594671964645386e-01,-2.903990745544433594e-01,3.932412564754486084e-01,-2.051389962434768677e-01,-5.437846854329109192e-02
2.039392478764057159e-03,-2.221904247999191284e-01,6.058129072189331055e-01,7.977247983217239380e-02,-1.893259026110172272e-02,-5.070417523384094238e-01,8.580131530761718750e-01,6.209955736994743347e-02,4.904237687587738037e-01,4.647319912910461426e-01,-7.820604443550109863e-01,1.954773813486099243e-01,-1.691478490829467773e+00,-9.739311784505844116e-02,1.255107402801513672e+00,1.008305311203002930e+00,2.419882714748382568e-01,-5.694209337234497070e-01,1.522390693426132202e-01,7.713638246059417725e-02,8.035186529159545898e-01,-1.537817865610122681e-01,1.142371073365211487e-02,-1.650118082761764526e-01,-1.460990607738494873e-01,-2.943989634513854980e-01,3.656327724456787109e-01,-2.028179168701171875e-01,-4.474374279379844666e-02
1.603869837708771229e-03,-2.213426232337951660e-01,6.082360148429870605e-01,7.174618542194366455e-02,-3.136737272143363953e-02,-5.388615131378173828e-01,8.387472033500671387e-01,1.911437511444091797e-02,4.927631318569183350e-01,3.379442691802978516e-01,-8.028879165649414062e-01,1.953832954168319702e-01,-1.909462809562683105e+00,1.597608556039631367e-03,1.200761437416076660e+00,9.950333237648010254e-01,2.375184446573257446e-01,-5.445982217788696289e-01,1.695215702056884766e-01,5.721119791269302368e-02,6.910067796707153320e-01,-1.563249528408050537e-01,2.260336466133594513e-02,-1.332138329744338989e-01,-1.655738949775695801e-01,-2.692434191703796387e-01,3.403470218181610107e-01,-1.974569857120513916e-01,-4.349124431610107422e-02
7.222452550195157528e-04,-2.199060916900634766e-01,6.095488667488098145e-01,6.412982940673828125e-02,-3.719618543982505798e-02,-5.631457567214965820e-01,8.230252861976623535e-01,-2.702202089130878448e-02,4.838420152664184570e-01,2.478552013635635376e-01,-7.998707890510559082e-01,1.841407269239425659e-01,-2.018136501312255859e+00,1.219282224774360657e-01,1.125286459922790527e+00,9.454870820045471191e-01,3.276625573635101318e-01,-5.011128783226013184e-01,1.887907981872558594e-01,5.417683720588684082e-02,5.626302361488342285e-01,-1.593636274337768555e-01,2.938365936279296875e-02,-1.176635921001434326e-01,-1.900283396244049072e-01,-2.530251145362854004e-01,3.253570199012756348e-01,-1.918843686580657959e-01,-4.000221192836761475e-02
-1.047432539053261280e-03,-2.180792987346649170e-01,6.103836894035339355e-01,5.737187713384628296e-02,-4.458731785416603088e-02,-5.883502960205078125e-01,8.053349256515502930e-01,-1.390427257865667343e-02,4.617402851581573486e-01,8.877945691347122192e-02,-8.013462424278259277e-01,2.015171796083450317e-01,-2.059227705001831055e+00,2.226246893405914307e-01,1.046491742134094238e+00,9.491356611251831055e-01,4.143955707550048828e-01,-4.550035595893859863e-01,2.062084972858428955e-01,3.292241692543029785e-02,4.553672671318054199e-01,-1.616158485412597656e-01,3.819610550999641418e-02,-9.498140960931777954e-02,-2.125972360372543335e-01,-2.283759415149688721e-01,3.108400702476501465e-01,-1.847519725561141968e-01,-4.355832934379577637e-02
-3.218291327357292175e-03,-2.158680260181427002e-01,6.101092100143432617e-01,5.096868425607681274e-02,-4.820920154452323914e-02,-6.212677955627441406e-01,7.804514169692993164e-01,4.560595552902668715e-04,4.499089419841766357e-01,-1.662047207355499268e-01,-8.582094311714172363e-01,2.873870432376861572e-01,-2.029420852661132812e+00,3.009819090366363525e-01,9.355382919311523438e-01,9.366551637649536133e-01,5.205757617950439453e-01,-3.815713822841644287e-01,2.256106436252593994e-01,-7.893553003668785095e-03,3.409564197063446045e-01,-1.616606563329696655e-01,5.388369783759117126e-02,-8.685903996229171753e-02,-2.448500096797943115e-01,-2.138675153255462646e-01,2.996222376823425293e-01,-1.768998801708221436e-01,-4.276506975293159485e-02
-3.939836751669645309e-03,-2.135389745235443115e-01,6.083067655563354492e-01,4.694169014692306519e-02,-5.325191095471382141e-02,-6.339622139930725098e-01,7.700991034507751465e-01,5.889906547963619232e-03,4.498377442359924316e-01,-3.753880858421325684e-01,-8.743997812271118164e-01,3.869416117668151855e-01,-1.944867253303527832e+00,3.632069528102874756e-01,8.308908939361572266e-01,9.403851628303527832e-01,6.246255636215209961e-01,-3.459603190422058105e-01,2.293616831302642822e-01,-1.681094244122505188e-02,2.907403409481048584e-01,-1.580299288034439087e-01,6.280254572629928589e-02,-6.965330243110656738e-02,-2.788141667842864990e-01,-2.015981674194335938e-01,3.066464662551879883e-01,-1.719410717487335205e-01,-4.126410558819770813e-02
-4.323950503021478653e-03,-2.114942371845245361e-01,6.031799316406250000e-01,3.745851665735244751e-02,-4.958850890398025513e-02,-6.598266959190368652e-01,7.488434910774230957e-01,-8.943172171711921692e-03,4.484610855579376221e-01,-4.894258379936218262e-01,-8.726242780685424805e-01,4.541364610195159912e-01,-1.893086314201354980e+00,4.398917257785797119e-01,7.728983163833618164e-01,8.319159150123596191e-01,6.365197896957397461e-01,-3.184539377689361572e-01,2.447628825902938843e-01,-2.391753485426306725e-03,2.872678339481353760e-01,-1.577848345041275024e-01,6.608106195926666260e-02,-8.868984133005142212e-02,-3.074863553047180176e-01,-1.682197451591491699e-01,3.380713760852813721e-01,-1.630027741193771362e-01,-4.376488924026489258e-02
-3.073494648560881615e-03,-2.104191035032272339e-01,5.980314612388610840e-01,3.163168206810951233e-02,-5.371458455920219421e-02,-6.762753129005432129e-01,7.340067625045776367e-01,-3.034374676644802094e-02,4.529409110546112061e-01,-6.406551003456115723e-01,-8.547424077987670898e-01,5.560114979743957520e-01,-1.816510558128356934e+00,5.132596492767333984e-01,7.367883324623107910e-01,7.299110889434814453e-01,6.378416419029235840e-01,-3.092797696590423584e-01,2.411897033452987671e-01,2.725128084421157837e-02,3.285039961338043213e-01,-1.578359603881835938e-01,6.652637571096420288e-02,-9.066156297922134399e-02,-3.475599884986877441e-01,-1.319307982921600342e-01,3.595234155654907227e-01,-1.661003232002258301e-01,-4.438634589314460754e-02
-1.245330437086522579e-03,-2.091088294982910156e-01,5.931367874145507812e-01,2.884065546095371246e-02,-5.029081553220748901e-02,-6.802348494529724121e-01,7.306980490684509277e-01,-5.997327342629432678e-02,4.725626707077026367e-01,-7.027295827865600586e-01,-8.736965656280517578e-01,6.244454383850097656e-01,-1.778134584426879883e+00,5.715294480323791504e-01,7.340153455734252930e-01,5.742806196212768555e-01,5.982560515403747559e-01,-3.055092394351959229e-01,2.390718758106231689e-01,7.105961441993713379e-02,3.863810598850250244e-01,-1.560420393943786621e-01,6.103580072522163391e-02,-9.961662441492080688e-02,-3.589332103729248047e-01,-7.919009029865264893e-02,3.806326389312744141e-01,-1.610514074563980103e-01,-4.924645274877548218e-02
-5.398967768996953964e-04,-2.082578390836715698e-01,5.860100984573364258e-01,2.320245280861854553e-02,-4.848023131489753723e-02,-6.837670803070068359e-01,7.277182936668395996e-01,-9.650520980358123779e-02,5.014504194259643555e-01,-7.124900221824645996e-01,-9.254906177520751953e-01,6.777129173278808594e-01,-1.772125124931335449e+00,5.761274099349975586e-01,7.601169347763061523e-01,4.561285972595214844e-01,5.275974869728088379e-01,-2.994763851165771484e-01,2.369344085454940796e-01,1.011420264840126038e-01,4.517857432365417480e-01,-1.565171927213668823e-01,5.261428654193878174e-02,-1.328010410070419312e-01,-3.803738355636596680e-01,-5.359072610735893250e-02,4.420678317546844482e-01,-1.626124978065490723e-01,-4.971154406666755676e-02
-2.418474759906530380e-04,-2.073831260204315186e-01,5.813015699386596680e-01,1.651416905224323273e-02,-5.276546999812126160e-02,-6.865730285644531250e-01,7.249555587768554688e-01,-1.390792727470397949e-01,5.300741791725158691e-01,-7.067847847938537598e-01,-9.574812650680541992e-01,7.218293547630310059e-01,-1.753865122795104980e+00,5.740923881530761719e-01,8.015444874763488770e-01,3.188013434410095215e-01,5.138545036315917969e-01,-2.938379943370819092e-01,2.326585352420806885e-01,1.484956443309783936e-01,5.027763843536376953e-01,-1.576181203126907349e-01,4.318899288773536682e-02,-1.672115474939346313e-01,-3.884681761264801025e-01,-1.900734007358551025e-02,4.978241622447967529e-01,-1.633344739675521851e-01,-5.481458455324172974e-02
-8.435581694357097149e-04,-2.070921659469604492e-01,5.760543346405029297e-01,1.196159399114549160e-03,-5.160919576883316040e-02,-7.017017602920532227e-01,7.105981111526489258e-01,-1.303976029157638550e-01,5.453641414642333984e-01,-7.247921824455261230e-01,-1.000556945800781250e+00,7.717247009277343750e-01,-1.726909875869750977e+00,5.472870469093322754e-01,8.890972733497619629e-01,8.347929269075393677e-02,4.983187913894653320e-01,-2.781225740909576416e-01,2.174023389816284180e-01,1.638011783361434937e-01,5.270939469337463379e-01,-1.584979891777038574e-01,4.291409999132156372e-02,-1.982813924551010132e-01,-3.706683516502380371e-01,1.894035190343856812e-02,5.369024276733398438e-01,-1.623065918684005737e-01,-6.493131816387176514e-02
-1.691185752861201763e-03,-2.067124992609024048e-01,5.756766796112060547e-01,-7.504173554480075836e-03,-6.242681667208671570e-02,-7.110852599143981934e-01,7.002887725830078125e-01,-1.354284137487411499e-01,5.366577506065368652e-01,-7.483862638473510742e-01,-1.041500687599182129e+00,8.287500739097595215e-01,-1.689991235733032227e+00,5.278883576393127441e-01,9.713518023490905762e-01,-2.770223841071128845e-02,5.156483054161071777e-01,-2.565907835960388184e-01,2.025375664234161377e-01,1.748287379741668701e-01,5.262489914894104004e-01,-1.598019003868103027e-01,4.421860724687576294e-02,-2.462996989488601685e-01,-3.457554876804351807e-01,4.313796758651733398e-02,6.034436821937561035e-01,-1.574480235576629639e-01,-7.249008864164352417e-02
-3.450437448918819427e-03,-2.061533629894256592e-01,5.750089883804321289e-01,-1.333964429795742035e-02,-6.244974955916404724e-02,-7.205083966255187988e-01,6.904996037483215332e-01,-1.207600757479667664e-01,5.189599990844726562e-01,-7.963244318962097168e-01,-1.071088790893554688e+00,8.903165459632873535e-01,-1.612757802009582520e+00,5.272098183631896973e-01,1.054190278053283691e+00,-9.463518112897872925e-02,5.863311886787414551e-01,-2.250037491321563721e-01,1.824675202369689941e-01,1.920447647571563721e-01,5.030227899551391602e-01,-1.649013906717300415e-01,4.348105564713478088e-02,-3.110346794128417969e-01,-3.066566586494445801e-01,5.907843634486198425e-02,7.281424999237060547e-01,-1.512465626001358032e-01,-8.609487116336822510e-02
-4.089705180376768112e-03,-2.060532569885253906e-01,5.790244936943054199e-01,-1.640283875167369843e-02,-5.797483026981353760e-02,-7.339825034141540527e-01,6.764906048774719238e-01,-9.894195944070816040e-02,4.987207353115081787e-01,-8.294662237167358398e-01,-1.093279719352722168e+00,9.484493136405944824e-01,-1.508618354797363281e+00,5.146638751029968262e-01,1.145947217941284180e+00,-1.286826133728027344e-01,6.866012215614318848e-01,-1.890662461519241333e-01,1.506990045309066772e-01,1.947813630104064941e-01,4.767242670059204102e-01,-1.692111194133758545e-01,4.536447674036026001e-02,-3.774876892566680908e-01,-2.492199987173080444e-01,7.009679079055786133e-02,8.477466106414794922e-01,-1.401133090257644653e-01,-9.706194698810577393e-02
-2.962036756798624992e-03,-2.060187011957168579e-01,5.808246135711669922e-01,-1.682728715240955353e-02,-5.761704966425895691e-02,-7.429073452949523926e-01,6.666976809501647949e-01,-7.373991608619689941e-02,4.910461306571960449e-01,-8.444641232490539551e-01,-1.121260523796081543e+00,9.987955689430236816e-01,-1.382120966911315918e+00,4.970161914825439453e-01,1.193273425102233887e+00,-6.877902150154113770e-02,7.170006632804870605e-01,-1.590611338615417480e-01,1.233800873160362244e-01,2.144665122032165527e-01,4.382353425025939941e-01,-1.757562309503555298e-01,4.495626315474510193e-02,-4.282806813716888428e-01,-1.867342591285705566e-01,5.764988437294960022e-02,9.525135159492492676e-01,-1.286015510559082031e-01,-1.060421839356422424e-01
3.391650971025228500e-04,-2.062037140130996704e-01,5.807417035102844238e-01,-1.185917574912309647e-02,-5.996182188391685486e-02,-7.484468221664428711e-01,6.603720784187316895e-01,-3.194306418299674988e-02,4.643919467926025391e-01,-8.341713547706604004e-01,-1.166481256484985352e+00,1.040950775146484375e+00,-1.238794565200805664e+00,4.885141253471374512e-01,1.235486388206481934e+00,-1.994731719605624676e-04,7.912587523460388184e-01,-1.330238878726959229e-01,8.866518735885620117e-02,2.189035117626190186e-01,4.106205105781555176e-01,-1.802840083837509155e-01,5.630069971084594727e-02,-4.683180153369903564e-01,-1.357125490903854370e-01,2.972901985049247742e-02,1.051265358924865723e+00,-1.190974861383438110e-01,-1.064500957727432251e-01
4.451800603419542313e-03,-2.058536410331726074e-01,5.817188024520874023e-01,-1.350055634975433350e-02,-6.356689333915710449e-02,-7.568802237510681152e-01,6.503147482872009277e-01,-7.746542687527835369e-04,4.465561509132385254e-01,-7.968803048133850098e-01,-1.234434008598327637e+00,1.045378088951110840e+00,-1.067596197128295898e+00,4.742996096611022949e-01,1.282798290252685547e+00,5.011937394738197327e-02,8.502250909805297852e-01,-1.003835946321487427e-01,5.347121134400367737e-02,2.268806099891662598e-01,3.590802848339080811e-01,-1.836094409227371216e-01,6.808667629957199097e-02,-4.661697745323181152e-01,-8.421994745731353760e-02,-1.059368811547756195e-02,1.109911680221557617e+00,-1.087566092610359192e-01,-1.028749197721481323e-01
9.320778772234916687e-03,-2.057956755161285400e-01,5.811108946800231934e-01,-1.517003122717142105e-02,-6.756789237260818481e-02,-7.615075111389160156e-01,6.444460749626159668e-01,2.533689700067043304e-02,4.185733497142791748e-01,-7.620070576667785645e-01,-1.282201766967773438e+00,1.065055131912231445e+00,-8.656326532363891602e-01,4.611304104328155518e-01,1.297598958015441895e+00,1.499785780906677246e-01,8.875705003738403320e-01,-9.185674041509628296e-02,2.430123090744018555e-02,2.227370589971542358e-01,3.369514048099517822e-01,-1.839283704757690430e-01,7.802365720272064209e-02,-4.443101584911346436e-01,-2.897068113088607788e-02,-6.422525644302368164e-02,1.128622770309448242e+00,-1.001818403601646423e-01,-9.356302022933959961e-02
1.375215873122215271e-02,-2.059703767299652100e-01,5.804806947708129883e-01,-2.068479731678962708e-02,-7.483257353305816650e-02,-7.666510343551635742e-01,6.373526453971862793e-01,6.994634866714477539e-02,3.873679041862487793e-01,-7.277153134346008301e-01,-1.301447868347167969e+00,1.100680351257324219e+00,-7.219239473342895508e-01,4.460503160953521729e-01,1.302774786949157715e+00,2.127256244421005249e-01,9.567826390266418457e-01,-7.940039783716201782e-02,-4.727911669760942459e-03,2.246169000864028931e-01,3.257431387901306152e-01,-1.832456439733505249e-01,8.659417927265167236e-02,-4.115805923938751221e-01,2.149925567209720612e-02,-9.235569834709167480e-02,1.126372456550598145e+00,-9.358166903257369995e-02,-8.435153961181640625e-02
1.723180525004863739e-02,-2.051782160997390747e-01,5.798563957214355469e-01,-2.793437987565994263e-02,-7.611078023910522461e-02,-7.751373648643493652e-01,6.265691518783569336e-01,1.308859586715698242e-01,3.584515154361724854e-01,-6.521964669227600098e-01,-1.315995097160339355e+00,1.063999414443969727e+00,-5.729377865791320801e-01,4.258136749267578125e-01,1.319660186767578125e+00,2.859483957290649414e-01,1.021043062210083008e+00,-7.459186017513275146e-02,-1.787431910634040833e-02,2.357530593872070312e-01,3.221106231212615967e-01,-1.830470561981201172e-01,8.655705302953720093e-02,-3.508935868740081787e-01,5.649453774094581604e-02,-1.330499053001403809e-01,1.092508316040039062e+00,-9.026409685611724854e-02,-7.766347378492355347e-02
1.943524740636348724e-02,-2.044865638017654419e-01,5.789591670036315918e-01,-3.490404039621353149e-02,-7.701329141855239868e-02,-7.795624732971191406e-01,6.205908656120300293e-01,2.091793119907379150e-01,3.528703749179840088e-01,-5.580372810363769531e-01,-1.316015124320983887e+00,1.042184710502624512e+00,-4.508524239063262939e-01,4.020171761512756348e-01,1.297142505645751953e+00,3.612875938415527344e-01,1.093449950218200684e+00,-7.756594568490982056e-02,-2.690084464848041534e-02,2.497469782829284668e-01,3.445403575897216797e-01,-1.832422316074371338e-01,8.476121723651885986e-02,-2.942354977130889893e-01,8.128273487091064453e-02,-1.534960269927978516e-01,1.055406808853149414e+00,-9.221949428319931030e-02,-7.664430141448974609e-02
2.048072405159473419e-02,-2.033470869064331055e-01,5.778813958168029785e-01,-3.798008710145950317e-02,-7.750795781612396240e-02,-7.869065999984741211e-01,6.110057234764099121e-01,2.937737703323364258e-01,3.479776084423065186e-01,-4.262444376945495605e-01,-1.302756190299987793e+00,9.616435766220092773e-01,-3.497396111488342285e-01,3.832099437713623047e-01,1.268925547599792480e+00,4.151233136653900146e-01,1.161046624183654785e+00,-8.425439894199371338e-02,-3.265895321965217590e-02,2.539931833744049072e-01,3.658913373947143555e-01,-1.815331131219863892e-01,8.434106409549713135e-02,-2.350586652755737305e-01,9.400827437639236450e-02,-1.698906421661376953e-01,1.018520116806030273e+00,-9.470555186271667480e-02,-7.719112932682037354e-02
2.085913717746734619e-02,-2.020155638456344604e-01,5.772626399993896484e-01,-4.231831803917884827e-02,-7.923094183206558228e-02,-7.892842292785644531e-01,6.074224710464477539e-01,3.948436081409454346e-01,3.599094450473785400e-01,-2.940628528594970703e-01,-1.285035371780395508e+00,8.774678707122802734e-01,-3.024109899997711182e-01,3.697056472301483154e-01,1.236310005187988281e+00,4.405136108398437500e-01,1.251891493797302246e+00,-7.675562053918838501e-02,-3.802404925227165222e-02,2.529275119304656982e-01,3.783585429191589355e-01,-1.800738424062728882e-01,8.359339088201522827e-02,-1.794461607933044434e-01,9.391123056411743164e-02,-1.831889003515243530e-01,9.889986515045166016e-01,-9.728576987981796265e-02,-7.800146192312240601e-02
1.956816948950290680e-02,-2.016488164663314819e-01,5.775045156478881836e-01,-3.825398907065391541e-02,-8.306669443845748901e-02,-7.941686511039733887e-01,6.007767915725708008e-01,5.013069510459899902e-01,3.491809368133544922e-01,-1.622630506753921509e-01,-1.269296407699584961e+00,7.745632529258728027e-01,-2.697043418884277344e-01,3.654490709304809570e-01,1.195889472961425781e+00,4.330112636089324951e-01,1.357568740844726562e+00,-5.822821706533432007e-02,-6.000781431794166565e-02,2.604859471321105957e-01,3.581688702106475830e-01,-1.796227544546127319e-01,8.027682453393936157e-02,-1.388513594865798950e-01,7.161081582307815552e-02,-1.942567080259323120e-01,9.516890048980712891e-01,-1.050460189580917358e-01,-7.516530901193618774e-02
1.736596971750259399e-02,-2.011679559946060181e-01,5.779817104339599609e-01,-3.228294104337692261e-02,-8.463104814291000366e-02,-8.040767908096313477e-01,5.875847935676574707e-01,5.764063596725463867e-01,3.367006480693817139e-01,-3.233500570058822632e-02,-1.267523407936096191e+00,6.912000775337219238e-01,-2.203306704759597778e-01,3.446352183818817139e-01,1.146903753280639648e+00,3.873507678508758545e-01,1.551802515983581543e+00,-5.744271725416183472e-02,-8.087857067584991455e-02,2.603428661823272705e-01,3.356600701808929443e-01,-1.757645457983016968e-01,8.082010596990585327e-02,-9.443279355764389038e-02,4.278704524040222168e-02,-2.128381580114364624e-01,9.037981033325195312e-01,-1.123405247926712036e-01,-6.887140125036239624e-02
1.783451437950134277e-02,-2.006131112575531006e-01,5.776531100273132324e-01,-3.107562661170959473e-02,-9.143801778554916382e-02,-7.859186530113220215e-01,6.107415556907653809e-01,5.877922773361206055e-01,3.457221686840057373e-01,-2.095602266490459442e-02,-1.272287845611572266e+00,6.810078620910644531e-01,-2.205386608839035034e-01,3.530847132205963135e-01,1.137069821357727051e+00,3.922940194606781006e-01,1.560518860816955566e+00,-4.729450866580009460e-02,-8.460170775651931763e-02,2.681378424167633057e-01,3.323455154895782471e-01,-1.773629784584045410e-01,8.100062608718872070e-02,-8.788255602121353149e-02,3.948143497109413147e-02,-2.046295255422592163e-01,9.048223495483398438e-01,-1.124434098601341248e-01,-6.822731345891952515e-02
1.438484434038400650e-02,-2.021041065454483032e-01,5.780569911003112793e-01,-2.253372035920619965e-02,-8.980924636125564575e-02,-7.997850775718688965e-01,5.931023359298706055e-01,6.015714406967163086e-01,2.694002985954284668e-01,1.120974868535995483e-01,-1.218549609184265137e+00,5.736981034278869629e-01,-3.068972826004028320e-01,3.058657646179199219e-01,1.118913173675537109e+00,3.517850339412689209e-01,1.683158159255981445e+00,-6.656268239021301270e-02,-1.092785447835922241e-01,2.279291152954101562e-01,3.204227685928344727e-01,-1.717137247323989868e-01,9.135742485523223877e-02,-9.139368683099746704e-02,4.891423974186182022e-03,-2.373397052288055420e-01,8.850488066673278809e-01,-1.236147210001945496e-01,-6.213562190532684326e-02
1.243749167770147324e-02,-2.030405998229980469e-01,5.778419971466064453e-01,-1.319407857954502106e-02,-9.121295809745788574e-02,-7.966820597648620605e-01,5.973305702209472656e-01,6.057850718498229980e-01,1.892851442098617554e-01,2.251806259155273438e-01,-1.169656276702880859e+00,4.630355834960937500e-01,-4.066222310066223145e-01,2.713872492313385010e-01,1.113932132720947266e+00,3.387826979160308838e-01,1.788676738739013672e+00,-8.804462850093841553e-02,-1.268291324377059937e-01,2.069354057312011719e-01,3.024654686450958252e-01,-1.683771461248397827e-01,9.450329840183258057e-02,-1.054619178175926208e-01,-1.447647809982299805e-02,-2.521000504493713379e-01,8.789269924163818359e-01,-1.299757510423660278e-01,-5.674690380692481995e-02
1.124432217329740524e-02,-2.039535045623779297e-01,5.786390304565429688e-01,-1.492117415182292461e-03,-8.593339473009109497e-02,-7.977321743965148926e-01,5.968555808067321777e-01,5.839961767196655273e-01,1.115132495760917664e-01,3.336009085178375244e-01,-1.118723392486572266e+00,4.115723669528961182e-01,-5.345737338066101074e-01,1.907192021608352661e-01,1.090289235115051270e+00,3.365923464298248291e-01,1.838608860969543457e+00,-1.029322147369384766e-01,-1.357689946889877319e-01,1.993865519762039185e-01,2.667950689792633057e-01,-1.671692132949829102e-01,9.560460597276687622e-02,-1.236401274800300598e-01,-2.269993536174297333e-02,-2.726380228996276855e-01,8.573392033576965332e-01,-1.330318152904510498e-01,-4.796046391129493713e-02
1.015396695584058762e-02,-2.057172507047653198e-01,5.777394175529479980e-01,1.143047120422124863e-02,-8.656148612499237061e-02,-7.930657267570495605e-01,6.028459668159484863e-01,5.318149328231811523e-01,2.992012910544872284e-02,4.366185665130615234e-01,-1.072666645050048828e+00,3.508889675140380859e-01,-6.693660616874694824e-01,1.056470572948455811e-01,1.074195742607116699e+00,3.262200951576232910e-01,1.865171432495117188e+00,-1.309301406145095825e-01,-1.434161216020584106e-01,1.787711828947067261e-01,2.694362103939056396e-01,-1.641931235790252686e-01,9.822272509336471558e-02,-1.517608165740966797e-01,-2.382750064134597778e-02,-2.852942943572998047e-01,8.411900401115417480e-01,-1.365091800689697266e-01,-4.004473611712455750e-02
9.020530618727207184e-03,-2.070772647857666016e-01,5.779114365577697754e-01,2.126694843173027039e-02,-8.223924785852432251e-02,-7.857912182807922363e-01,6.126309037208557129e-01,4.686898887157440186e-01,-4.024954140186309814e-02,5.133986473083496094e-01,-1.032189846038818359e+00,3.214409649372100830e-01,-7.956873774528503418e-01,6.043754052370786667e-03,1.051123023033142090e+00,3.579112589359283447e-01,1.860862731933593750e+00,-1.640321612358093262e-01,-1.579738706350326538e-01,1.503388434648513794e-01,2.750883996486663818e-01,-1.601116359233856201e-01,1.061419770121574402e-01,-1.789728254079818726e-01,-3.031872771680355072e-02,-2.980122864246368408e-01,8.396332263946533203e-01,-1.403188407421112061e-01,-3.240286558866500854e-02
8.458572439849376678e-03,-2.086449265480041504e-01,5.772835612297058105e-01,3.432979434728622437e-02,-7.819679379463195801e-02,-7.804320454597473145e-01,6.193808317184448242e-01,3.702424168586730957e-01,-1.118967533111572266e-01,5.811040997505187988e-01,-1.003707051277160645e+00,2.820296585559844971e-01,-9.106669425964355469e-01,-5.149155855178833008e-02,1.023769259452819824e+00,3.635504543781280518e-01,1.856585264205932617e+00,-2.036863863468170166e-01,-1.635195463895797729e-01,1.364886015653610229e-01,2.998467683792114258e-01,-1.581361442804336548e-01,1.119924783706665039e-01,-2.056933343410491943e-01,-2.983427606523036957e-02,-3.058231770992279053e-01,8.375983834266662598e-01,-1.438002139329910278e-01,-2.403967455029487610e-02
7.971773855388164520e-03,-2.092073112726211548e-01,5.764875411987304688e-01,4.960271716117858887e-02,-7.670986652374267578e-02,-7.767845392227172852e-01,6.231058835983276367e-01,2.924211025238037109e-01,-1.368765383958816528e-01,6.104075312614440918e-01,-9.832264184951782227e-01,2.779053151607513428e-01,-1.009922266006469727e+00,-1.204654052853584290e-01,9.932706952095031738e-01,3.933215141296386719e-01,1.834030032157897949e+00,-2.270362377166748047e-01,-1.740751117467880249e-01,1.298244893550872803e-01,3.162388503551483154e-01,-1.561314314603805542e-01,1.146008074283599854e-01,-2.189427912235260010e-01,-4.396656900644302368e-02,-3.066851794719696045e-01,8.455708622932434082e-01,-1.482693105936050415e-01,-1.832732744514942169e-02
8.194928988814353943e-03,-2.099890261888504028e-01,5.752406716346740723e-01,5.354062095284461975e-02,-7.676068693399429321e-02,-7.710630297660827637e-01,6.298436522483825684e-01,2.079461067914962769e-01,-1.445467174053192139e-01,6.404417753219604492e-01,-9.608806967735290527e-01,2.655006647109985352e-01,-1.092732429504394531e+00,-1.598890274763107300e-01,9.711704850196838379e-01,4.162660539150238037e-01,1.806697130203247070e+00,-2.514204978942871094e-01,-1.689991503953933716e-01,1.342732161283493042e-01,3.586978018283843994e-01,-1.561012417078018188e-01,1.158762499690055847e-01,-2.312904149293899536e-01,-5.087952315807342529e-02,-3.074038326740264893e-01,8.552691936492919922e-01,-1.515528857707977295e-01,-1.367179583758115768e-02
1.008481066673994064e-02,-2.104119956493377686e-01,5.733385682106018066e-01,5.824939534068107605e-02,-7.760562002658843994e-02,-7.633389830589294434e-01,6.386688947677612305e-01,1.008284538984298706e-01,-1.348038911819458008e-01,6.371393203735351562e-01,-9.311916828155517578e-01,2.959676086902618408e-01,-1.134609103202819824e+00,-1.955710947513580322e-01,9.287364482879638672e-01,4.504515826702117920e-01,1.734125852584838867e+00,-2.713143527507781982e-01,-1.668137013912200928e-01,1.539012342691421509e-01,4.111486971378326416e-01,-1.571548283100128174e-01,1.149657368659973145e-01,-2.561137676239013672e-01,-6.602124869823455811e-02,-3.197507262229919434e-01,9.171255230903625488e-01,-1.531383842229843140e-01,-3.618088783696293831e-03
1.162478514015674591e-02,-2.108041942119598389e-01,5.721579194068908691e-01,5.277152732014656067e-02,-7.874968647956848145e-02,-7.565329074859619141e-01,6.470483541488647461e-01,-9.016729891300201416e-03,-9.418564289808273315e-02,5.932147502899169922e-01,-9.210165739059448242e-01,3.173502087593078613e-01,-1.164637207984924316e+00,-1.916708648204803467e-01,8.912627696990966797e-01,4.759500622749328613e-01,1.675261497497558594e+00,-2.774290442466735840e-01,-1.488824933767318726e-01,1.669802516698837280e-01,4.542223513126373291e-01,-1.605299264192581177e-01,1.152134165167808533e-01,-2.816915810108184814e-01,-7.289971411228179932e-02,-3.194532692432403564e-01,9.539619088172912598e-01,-1.528542488813400269e-01,2.643413608893752098e-03
1.396195311099290848e-02,-2.107389569282531738e-01,5.694798827171325684e-01,4.253390803933143616e-02,-8.535119891166687012e-02,-7.496880292892456055e-01,6.548846960067749023e-01,-1.119890436530113220e-01,-4.414969682693481445e-02,5.162455439567565918e-01,-9.290305972099304199e-01,3.585156798362731934e-01,-1.168441414833068848e+00,-1.492403596639633179e-01,8.701526522636413574e-01,4.741931855678558350e-01,1.605381965637207031e+00,-2.767789363861083984e-01,-1.151415333151817322e-01,1.848653554916381836e-01,5.170602202415466309e-01,-1.643343418836593628e-01,1.124939769506454468e-01,-3.251564502716064453e-01,-9.928304702043533325e-02,-3.185418248176574707e-01,1.051658034324645996e+00,-1.494658887386322021e-01,1.165706012398004532e-02
1.575057394802570343e-02,-2.103620767593383789e-01,5.662388801574707031e-01,2.686889842152595520e-02,-9.359014779329299927e-02,-7.384497523307800293e-01,6.672412753105163574e-01,-2.174376696348190308e-01,3.332865238189697266e-02,4.295767247676849365e-01,-9.432447552680969238e-01,4.059034883975982666e-01,-1.172599077224731445e+00,-8.611242473125457764e-02,8.809805512428283691e-01,4.700798988342285156e-01,1.534390926361083984e+00,-2.777377963066101074e-01,-7.063501328229904175e-02,2.194583564996719360e-01,5.768733620643615723e-01,-1.707485020160675049e-01,1.037750393152236938e-01,-3.633225560188293457e-01,-1.241734400391578674e-01,-3.118272125720977783e-01,1.140142798423767090e+00,-1.479950696229934692e-01,1.518386509269475937e-02
1.687923632562160492e-02,-2.102060765027999878e-01,5.640211701393127441e-01,9.191436693072319031e-03,-9.641139954328536987e-02,-7.274302244186401367e-01,6.793125867843627930e-01,-2.950874865055084229e-01,1.150165051221847534e-01,3.249670267105102539e-01,-1.009397387504577637e+00,4.574657082557678223e-01,-1.157302021980285645e+00,-2.991776913404464722e-02,9.023727178573608398e-01,4.711124002933502197e-01,1.431802749633789062e+00,-2.778596282005310059e-01,-2.116177417337894440e-02,2.201127558946609497e-01,6.273980140686035156e-01,-1.769172996282577515e-01,1.000993475317955017e-01,-4.238321781158447266e-01,-1.521112918853759766e-01,-2.920970022678375244e-01,1.245131015777587891e+00,-1.454138308763504028e-01,1.572098210453987122e-02
