6.537618581205606461e-03,-2.122959792613983154e-01,5.974723696708679199e-01,3.301120921969413757e-02,-3.261077031493186951e-02,-7.510450482368469238e-01,6.586183309555053711e-01,2.954671084880828857e-01,5.648559331893920898e-01,1.947276666760444641e-02,-1.356280922889709473e+00,7.901217937469482422e-01,-2.029104903340339661e-02,3.994254767894744873e-01,9.799053072929382324e-01,1.121749654412269592e-01,1.591749787330627441e+00,-1.100173369050025940e-01,2.514587640762329102e-01,2.289736121892929077e-01,5.084436535835266113e-01,-1.776816397905349731e-01,5.267399922013282776e-02,-3.854300081729888916e-01,-9.196223318576812744e-02,-1.345576941967010498e-01,4.252087473869323730e-01,-9.665530920028686523e-02,-6.239509209990501404e-02
7.303184363991022110e-03,-2.155814468860626221e-01,5.942125320434570312e-01,2.003502100706100464e-02,-4.819970950484275818e-02,-7.578666806221008301e-01,6.503179669380187988e-01,3.251772224903106689e-01,6.088349819183349609e-01,6.342529505491256714e-02,-1.357389330863952637e+00,7.645058035850524902e-01,-5.889410153031349182e-03,4.504243433475494385e-01,9.558097720146179199e-01,1.211899742484092712e-01,1.624199867248535156e+00,-6.503345072269439697e-02,2.536114156246185303e-01,2.459262311458587646e-01,5.459659099578857422e-01,-2.103565633296966553e-01,4.755174741148948669e-02,-3.903937935829162598e-01,-9.897750616073608398e-02,-1.056115627288818359e-01,5.235350131988525391e-01,-1.478209793567657471e-01,-5.508156493306159973e-02
7.932663895189762115e-03,-2.156475782394409180e-01,5.948375463485717773e-01,2.304300107061862946e-02,-5.010173469781875610e-02,-7.534939050674438477e-01,6.551379561424255371e-01,3.280413746833801270e-01,6.127806305885314941e-01,6.746421754360198975e-02,-1.358628511428833008e+00,7.610630989074707031e-01,-6.120949052274227142e-03,4.532815515995025635e-01,9.530555605888366699e-01,1.223528534173965454e-01,1.625684857368469238e+00,-5.984301492571830750e-02,2.521489262580871582e-01,2.486243098974227905e-01,5.434013605117797852e-01,-2.109454423189163208e-01,4.779135435819625854e-02,-3.882755041122436523e-01,-9.965455532073974609e-02,-1.029321476817131042e-01,5.227168202400207520e-01,-1.476901322603225708e-01,-5.429577827453613281e-02
5.025079473853111267e-03,-2.146703898906707764e-01,5.982683300971984863e-01,2.757348306477069855e-02,-3.897008299827575684e-02,-7.724742293357849121e-01,6.332492232322692871e-01,3.307998478412628174e-01,5.762401223182678223e-01,2.315873652696609497e-01,-1.218953967094421387e+00,5.374486446380615234e-01,-8.833264559507369995e-02,3.750963509082794189e-01,7.751853466033935547e-01,9.632492437958717346e-03,1.794437766075134277e+00,-1.794321835041046143e-01,2.811257243156433105e-01,1.915065795183181763e-01,6.857632994651794434e-01,-1.991519927978515625e-01,4.241825640201568604e-02,-3.454230427742004395e-01,-9.446607530117034912e-02,-1.239323318004608154e-01,4.528295099735260010e-01,-1.564274579286575317e-01,-5.159389600157737732e-02
4.102472215890884399e-03,-2.147976011037826538e-01,6.001374125480651855e-01,3.385049477219581604e-02,-3.560372069478034973e-02,-7.675211429595947266e-01,6.391383409500122070e-01,3.242716789245605469e-01,5.524734258651733398e-01,3.530234396457672119e-01,-1.144892692565917969e+00,4.195939302444458008e-01,-1.252823173999786377e-01,2.841610312461853027e-01,6.959990859031677246e-01,-4.160171002149581909e-02,1.863014936447143555e+00,-2.593437731266021729e-01,2.921235263347625732e-01,1.451499909162521362e-01,7.779339551925659180e-01,-1.935552805662155151e-01,4.108701646327972412e-02,-3.283123672008514404e-01,-7.373008131980895996e-02,-1.262888759374618530e-01,3.986606299877166748e-01,-1.633792668581008911e-01,-5.504759028553962708e-02
2.813652623444795609e-03,-2.150759249925613403e-01,6.006208062171936035e-01,4.457306861877441406e-02,-3.029768541455268860e-02,-7.691450119018554688e-01,6.367976665496826172e-01,3.301043212413787842e-01,5.193302035331726074e-01,4.558345973491668701e-01,-1.088310480117797852e+00,3.238220512866973877e-01,-1.750222593545913696e-01,2.014499604701995850e-01,5.790328979492187500e-01,-1.033703982830047607e-01,1.897691130638122559e+00,-3.339526653289794922e-01,2.706535756587982178e-01,8.842928707599639893e-02,8.452378511428833008e-01,-1.844390779733657837e-01,4.901733994483947754e-02,-3.377925455570220947e-01,-6.853803992271423340e-02,-1.154141128063201904e-01,3.897244632244110107e-01,-1.640883684158325195e-01,-5.795956403017044067e-02
1.067791017703711987e-03,-2.155819535255432129e-01,5.999665856361389160e-01,4.852014780044555664e-02,-3.135747835040092468e-02,-7.630372643470764160e-01,6.437675356864929199e-01,3.121500611305236816e-01,5.099650621414184570e-01,5.655521750450134277e-01,-1.027871012687683105e+00,2.499109208583831787e-01,-1.720421314239501953e-01,9.234014898538589478e-02,5.204848051071166992e-01,-1.263791620731353760e-01,1.905851721763610840e+00,-4.071591794490814209e-01,2.451121658086776733e-01,5.362689122557640076e-02,9.246950149536132812e-01,-1.760275959968566895e-01,5.392746999859809875e-02,-3.496012389659881592e-01,-6.964515149593353271e-02,-1.279352158308029175e-01,3.895348906517028809e-01,-1.710447967052459717e-01,-5.770072713494300842e-02
-1.011745072901248932e-03,-2.168568521738052368e-01,6.002728939056396484e-01,5.661816522479057312e-02,-2.945214696228504181e-02,-7.520737051963806152e-01,6.559817790985107422e-01,2.770993113517761230e-01,4.777641296386718750e-01,6.682301759719848633e-01,-9.751847386360168457e-01,1.684072166681289673e-01,-2.119818329811096191e-01,-5.019915848970413208e-02,4.934636652469635010e-01,-1.079058870673179626e-01,1.903374671936035156e+00,-4.880414009094238281e-01,1.967598199844360352e-01,1.337233372032642365e-02,9.832422137260437012e-01,-1.701069772243499756e-01,5.930366367101669312e-02,-3.478471636772155762e-01,-6.662090122699737549e-02,-1.249705851078033447e-01,3.847500383853912354e-01,-1.802798360586166382e-01,-6.309777498245239258e-02
-3.610100597143173218e-03,-2.174508720636367798e-01,5.995326638221740723e-01,6.012279912829399109e-02,-2.700416371226310730e-02,-7.475552558898925781e-01,6.609214544296264648e-01,2.699130475521087646e-01,4.639553427696228027e-01,7.517234086990356445e-01,-9.322789907455444336e-01,9.407339245080947876e-02,-2.116013765335083008e-01,-2.048714756965637207e-01,4.807928204536437988e-01,-5.929032340645790100e-02,1.890733003616333008e+00,-5.470567345619201660e-01,1.492748409509658813e-01,-1.264509372413158417e-02,1.031425237655639648e+00,-1.600581258535385132e-01,6.279607117176055908e-02,-3.585496842861175537e-01,-7.873225957155227661e-02,-1.360014230012893677e-01,3.935953378677368164e-01,-1.868132501840591431e-01,-6.601573526859283447e-02
-6.219861097633838654e-03,-2.183339595794677734e-01,5.978027582168579102e-01,6.110147386789321899e-02,-2.629861794412136078e-02,-7.424291968345642090e-01,6.666137576103210449e-01,2.366787046194076538e-01,4.572660028934478760e-01,8.419133424758911133e-01,-8.883678317070007324e-01,1.548172440379858017e-02,-2.174328863620758057e-01,-4.042443931102752686e-01,4.627880752086639404e-01,4.754636809229850769e-02,1.876154661178588867e+00,-5.972069501876831055e-01,1.103772148489952087e-01,-3.591402247548103333e-02,1.074110984802246094e+00,-1.553230881690979004e-01,6.354083865880966187e-02,-3.773509562015533447e-01,-8.667536079883575439e-02,-1.520484238862991333e-01,4.250819087028503418e-01,-1.933669149875640869e-01,-6.819323450326919556e-02
-8.941678330302238464e-03,-2.195207476615905762e-01,5.959713459014892578e-01,6.399129331111907959e-02,-2.758795395493507385e-02,-7.453837990760803223e-01,6.629834175109863281e-01,2.232752144336700439e-01,4.337504208087921143e-01,9.388630390167236328e-01,-8.725105524063110352e-01,-6.710241734981536865e-02,-2.280694544315338135e-01,-6.487021446228027344e-01,5.093615651130676270e-01,2.293878942728042603e-01,1.815026044845581055e+00,-6.448212862014770508e-01,7.104611396789550781e-02,-3.930788859724998474e-02,1.097799539566040039e+00,-1.541266888380050659e-01,6.451015174388885498e-02,-3.984684050083160400e-01,-9.366399794816970825e-02,-1.536876857280731201e-01,4.734446704387664795e-01,-1.975962370634078979e-01,-6.978897750377655029e-02
-1.081099919974803925e-02,-2.202569246292114258e-01,5.939210057258605957e-01,7.110118865966796875e-02,-3.455683588981628418e-02,-7.437909841537475586e-01,6.637209057807922363e-01,2.305937558412551880e-01,4.245880842208862305e-01,1.007311224937438965e+00,-8.578022718429565430e-01,-1.501619070768356323e-01,-2.418027371168136597e-01,-8.898923993110656738e-01,5.641274452209472656e-01,4.078320860862731934e-01,1.752056598663330078e+00,-6.788262724876403809e-01,3.412444889545440674e-02,-2.418820559978485107e-02,1.111226916313171387e+00,-1.518314182758331299e-01,6.680646538734436035e-02,-4.331338107585906982e-01,-1.083247438073158264e-01,-1.477213501930236816e-01,5.282998681068420410e-01,-1.990312933921813965e-01,-7.152226567268371582e-02
-1.316002290695905685e-02,-2.211846560239791870e-01,5.925443768501281738e-01,7.644926011562347412e-02,-3.848881274461746216e-02,-7.475405931472778320e-01,6.586784124374389648e-01,2.275014817714691162e-01,4.150598347187042236e-01,1.062735080718994141e+00,-8.648381233215332031e-01,-1.977905780076980591e-01,-2.319807112216949463e-01,-1.046499133110046387e+00,6.355388164520263672e-01,5.193633437156677246e-01,1.691406846046447754e+00,-7.095825672149658203e-01,7.767269853502511978e-04,2.069539623335003853e-04,1.102514386177062988e+00,-1.498317420482635498e-01,6.337504088878631592e-02,-4.524674117565155029e-01,-1.186243891716003418e-01,-1.361706256866455078e-01,5.717530250549316406e-01,-2.003811746835708618e-01,-7.573451101779937744e-02
-1.466959528625011444e-02,-2.213506996631622314e-01,5.902942419052124023e-01,8.264642953872680664e-02,-4.179966449737548828e-02,-7.505047321319580078e-01,6.543431878089904785e-01,2.376663982868194580e-01,4.070684611797332764e-01,1.106935262680053711e+00,-8.668982982635498047e-01,-2.393355071544647217e-01,-2.457436472177505493e-01,-1.185188889503479004e+00,7.441105842590332031e-01,6.158708333969116211e-01,1.587811350822448730e+00,-7.366670966148376465e-01,-1.699494197964668274e-02,1.210898719727993011e-02,1.110696673393249512e+00,-1.486483365297317505e-01,6.867771595716476440e-02,-4.864415526390075684e-01,-1.387431770563125610e-01,-1.373954713344573975e-01,6.188760399818420410e-01,-2.021691799163818359e-01,-7.366162538528442383e-02
-1.581363379955291748e-02,-2.210754007101058960e-01,5.903351902961730957e-01,9.320688247680664062e-02,-4.410434514284133911e-02,-7.524098753929138184e-01,6.505740880966186523e-01,2.492606788873672485e-01,3.951462805271148682e-01,1.108999729156494141e+00,-8.965921998023986816e-01,-2.477541863918304443e-01,-2.589023411273956299e-01,-1.225146532058715820e+00,8.291375041007995605e-01,6.319112181663513184e-01,1.512172222137451172e+00,-7.562147378921508789e-01,-3.124686144292354584e-02,1.174131594598293304e-02,1.114025115966796875e+00,-1.414568722248077393e-01,7.501597702503204346e-02,-5.045210719108581543e-01,-1.600454002618789673e-01,-1.312193423509597778e-01,6.366598606109619141e-01,-2.030573934316635132e-01,-7.224165648221969604e-02
-1.646627858281135559e-02,-2.209144681692123413e-01,5.902754664421081543e-01,9.863460808992385864e-02,-4.633237794041633606e-02,-7.573235034942626953e-01,6.438832879066467285e-01,2.523714005947113037e-01,3.845380842685699463e-01,1.091553568840026855e+00,-9.267081618309020996e-01,-2.150396704673767090e-01,-2.848385572433471680e-01,-1.237581491470336914e+00,8.948363065719604492e-01,6.550455093383789062e-01,1.439931154251098633e+00,-7.710220813751220703e-01,-3.913191333413124084e-02,2.883093990385532379e-02,1.113519787788391113e+00,-1.398082226514816284e-01,7.553524523973464966e-02,-5.165960192680358887e-01,-1.712757945060729980e-01,-1.236477121710777283e-01,6.443544626235961914e-01,-2.039398401975631714e-01,-7.022127509117126465e-02
-1.669832691550254822e-02,-2.210606336593627930e-01,5.910642147064208984e-01,1.017836481332778931e-01,-5.072426423430442810e-02,-7.564380764961242676e-01,6.441028714179992676e-01,2.557395398616790771e-01,3.689486384391784668e-01,1.066977143287658691e+00,-9.459995031356811523e-01,-1.945612430572509766e-01,-3.296858668327331543e-01,-1.233587265014648438e+00,9.529942870140075684e-01,6.653593182563781738e-01,1.386252403259277344e+00,-7.823470234870910645e-01,-4.090707376599311829e-02,5.667978152632713318e-02,1.106068730354309082e+00,-1.403931975364685059e-01,6.837461143732070923e-02,-5.176950097084045410e-01,-1.825650036334991455e-01,-1.246282085776329041e-01,6.382374763488769531e-01,-2.069511115550994873e-01,-6.726098805665969849e-02
-1.647462323307991028e-02,-2.211756110191345215e-01,5.933006405830383301e-01,1.067353934049606323e-01,-5.479120090603828430e-02,-7.526191473007202148e-01,6.474333405494689941e-01,2.477074116468429565e-01,3.581280112266540527e-01,1.037862300872802734e+00,-9.706432223320007324e-01,-1.540614664554595947e-01,-4.138248562812805176e-01,-1.212050437927246094e+00,1.003315210342407227e+00,6.783627271652221680e-01,1.317519187927246094e+00,-7.825939059257507324e-01,-4.391047358512878418e-02,6.750116497278213501e-02,1.099045634269714355e+00,-1.391755342483520508e-01,6.796889752149581909e-02,-5.052255988121032715e-01,-1.782968938350677490e-01,-1.196095198392868042e-01,6.041261553764343262e-01,-2.082236856222152710e-01,-6.809262186288833618e-02
-1.682014577090740204e-02,-2.210925072431564331e-01,5.951138734817504883e-01,1.039478108286857605e-01,-5.349522456526756287e-02,-7.545623779296875000e-01,6.457311511039733887e-01,2.409825623035430908e-01,3.502054214477539062e-01,9.951134920120239258e-01,-9.883828759193420410e-01,-5.903330817818641663e-02,-4.833470880985260010e-01,-1.184280991554260254e+00,1.034483194351196289e+00,6.926938891410827637e-01,1.242480516433715820e+00,-7.770241498947143555e-01,-4.050969332456588745e-02,8.123107999563217163e-02,1.084100842475891113e+00,-1.400735378265380859e-01,6.650305539369583130e-02,-4.834657311439514160e-01,-1.675885468721389771e-01,-1.089928820729255676e-01,5.645341277122497559e-01,-2.068067342042922974e-01,-7.225175201892852783e-02
-1.640022173523902893e-02,-2.212377786636352539e-01,5.973900556564331055e-01,1.035212799906730652e-01,-5.879887938499450684e-02,-7.500509619712829590e-01,6.505763530731201172e-01,2.272402346134185791e-01,3.505316972732543945e-01,9.477106332778930664e-01,-1.000286936759948730e+00,1.897376962006092072e-02,-5.820975899696350098e-01,-1.145839095115661621e+00,1.058783650398254395e+00,7.022381424903869629e-01,1.136687517166137695e+00,-7.615643143653869629e-01,-4.926339909434318542e-02,9.192853420972824097e-02,1.067964076995849609e+00,-1.375110447406768799e-01,6.801492720842361450e-02,-4.538578093051910400e-01,-1.572097688913345337e-01,-9.844550490379333496e-02,5.120962262153625488e-01,-2.049964219331741333e-01,-7.474661618471145630e-02
-1.654643565416336060e-02,-2.205746173858642578e-01,5.978572368621826172e-01,9.616660326719284058e-02,-5.800544470548629761e-02,-7.518573403358459473e-01,6.496905684471130371e-01,2.044869959354400635e-01,3.532631695270538330e-01,9.070139527320861816e-01,-1.006326675415039062e+00,1.091354787349700928e-01,-6.846294403076171875e-01,-1.122037410736083984e+00,1.075627684593200684e+00,7.463525533676147461e-01,1.053536295890808105e+00,-7.381156682968139648e-01,-4.962074756622314453e-02,1.035115793347358704e-01,1.052698493003845215e+00,-1.364468485116958618e-01,6.430947780609130859e-02,-4.330702126026153564e-01,-1.514974832534790039e-01,-1.017989367246627808e-01,4.861477017402648926e-01,-2.009894996881484985e-01,-7.514286041259765625e-02
-1.575602032244205475e-02,-2.198586016893386841e-01,5.982695817947387695e-01,9.392064809799194336e-02,-6.541439890861511230e-02,-7.436816096305847168e-01,6.586634516716003418e-01,1.950166970491409302e-01,3.840005099773406982e-01,8.347109556198120117e-01,-1.006903529167175293e+00,1.857310980558395386e-01,-7.661271691322326660e-01,-1.090343117713928223e+00,1.099292874336242676e+00,7.867084145545959473e-01,9.353886246681213379e-01,-7.097057104110717773e-01,-5.228184908628463745e-02,1.177757680416107178e-01,1.043813586235046387e+00,-1.343043893575668335e-01,6.183075532317161560e-02,-4.105381965637207031e-01,-1.517003774642944336e-01,-1.144823282957077026e-01,4.805446863174438477e-01,-1.983366757631301880e-01,-7.226923853158950806e-02
-1.543879322707653046e-02,-2.193574607372283936e-01,5.978727936744689941e-01,8.738083392381668091e-02,-7.026124745607376099e-02,-7.398592233657836914e-01,6.633523106575012207e-01,1.672823131084442139e-01,3.861070871353149414e-01,7.874248623847961426e-01,-1.009641885757446289e+00,2.542394101619720459e-01,-8.519651889801025391e-01,-1.061150312423706055e+00,1.099036335945129395e+00,8.521888852119445801e-01,8.354316949844360352e-01,-6.856555342674255371e-01,-5.791164562106132507e-02,1.244630813598632812e-01,1.037333607673645020e+00,-1.334283053874969482e-01,5.957145988941192627e-02,-3.930902779102325439e-01,-1.499292403459548950e-01,-1.306708157062530518e-01,4.830220639705657959e-01,-1.965862512588500977e-01,-6.963675469160079956e-02
-1.463785115629434586e-02,-2.187925279140472412e-01,5.964130163192749023e-01,7.275224477052688599e-02,-7.931404560804367065e-02,-7.321674823760986328e-01,6.725676059722900391e-01,1.418411582708358765e-01,4.130903482437133789e-01,6.862027049064636230e-01,-1.012122511863708496e+00,3.087183833122253418e-01,-8.938606977462768555e-01,-1.035865545272827148e+00,1.092809081077575684e+00,9.588059186935424805e-01,6.900175809860229492e-01,-6.551886796951293945e-01,-6.306009739637374878e-02,1.239892616868019104e-01,1.029247760772705078e+00,-1.324341148138046265e-01,6.315530091524124146e-02,-3.739177584648132324e-01,-1.508982926607131958e-01,-1.502859741449356079e-01,4.970550239086151123e-01,-1.952676922082901001e-01,-6.306795030832290649e-02
-1.366729568690061569e-02,-2.185449898242950439e-01,5.935536026954650879e-01,6.031994149088859558e-02,-9.205136448144912720e-02,-7.238006591796875000e-01,6.811759471893310547e-01,1.190597712993621826e-01,4.337355494499206543e-01,5.961120128631591797e-01,-1.042820811271667480e+00,3.489981293678283691e-01,-9.021928906440734863e-01,-9.610193371772766113e-01,1.142863392829895020e+00,9.561523795127868652e-01,5.340890288352966309e-01,-6.352404952049255371e-01,-6.402232497930526733e-02,1.384753286838531494e-01,1.037299990653991699e+00,-1.314401775598526001e-01,5.985531955957412720e-02,-3.784393668174743652e-01,-1.662692576646804810e-01,-1.586041152477264404e-01,5.507241487503051758e-01,-1.940284073352813721e-01,-5.796626955270767212e-02
-1.230951678007841110e-02,-2.179008722305297852e-01,5.909790992736816406e-01,4.769939556717872620e-02,-9.751357883214950562e-02,-7.101521492004394531e-01,6.956290602684020996e-01,7.743483036756515503e-02,4.441206753253936768e-01,4.993439912796020508e-01,-1.044426083564758301e+00,3.706722259521484375e-01,-9.350420832633972168e-01,-8.779161572456359863e-01,1.152346372604370117e+00,1.043476581573486328e+00,3.883572518825531006e-01,-6.134411096572875977e-01,-3.657657653093338013e-02,1.575515419244766235e-01,1.046139955520629883e+00,-1.339603662490844727e-01,4.825657606124877930e-02,-3.740779161453247070e-01,-1.720818430185317993e-01,-1.871496587991714478e-01,5.913365483283996582e-01,-1.935414969921112061e-01,-5.025606602430343628e-02
-1.083256863057613373e-02,-2.166604995727539062e-01,5.886538624763488770e-01,3.928132727742195129e-02,-9.947912395000457764e-02,-6.992369890213012695e-01,7.068440318107604980e-01,5.875359103083610535e-02,4.149196445941925049e-01,4.065553843975067139e-01,-1.032805562019348145e+00,3.873480856418609619e-01,-1.016844272613525391e+00,-7.752037644386291504e-01,1.147743821144104004e+00,1.162236094474792480e+00,3.422455191612243652e-01,-5.889101624488830566e-01,-7.228456903249025345e-03,1.620000004768371582e-01,1.063701033592224121e+00,-1.355260014533996582e-01,4.165629297494888306e-02,-3.708471357822418213e-01,-1.851918399333953857e-01,-2.157908380031585693e-01,6.380099654197692871e-01,-1.920105814933776855e-01,-4.276515915989875793e-02
-8.684500120580196381e-03,-2.158130258321762085e-01,5.868297815322875977e-01,3.098024055361747742e-02,-9.349474310874938965e-02,-6.804289221763610840e-01,7.261648774147033691e-01,5.119123309850692749e-02,3.607341647148132324e-01,3.267437517642974854e-01,-9.631713032722473145e-01,4.095340669155120850e-01,-1.185858488082885742e+00,-6.632277369499206543e-01,1.157446026802062988e+00,1.155993819236755371e+00,2.809104323387145996e-01,-5.726605057716369629e-01,4.016271606087684631e-02,1.631695777177810669e-01,1.067022085189819336e+00,-1.403516530990600586e-01,2.789559960365295410e-02,-3.680404424667358398e-01,-1.845511198043823242e-01,-2.345541566610336304e-01,6.689220666885375977e-01,-1.882802248001098633e-01,-3.650116175413131714e-02
-6.304529029875993729e-03,-2.140352725982666016e-01,5.865033864974975586e-01,3.175145760178565979e-02,-8.972646296024322510e-02,-6.655735969543457031e-01,7.402383685111999512e-01,8.238273859024047852e-02,2.991950809955596924e-01,2.473961412906646729e-01,-8.966172337532043457e-01,3.831510245800018311e-01,-1.372598290443420410e+00,-5.447158813476562500e-01,1.160008311271667480e+00,1.124082565307617188e+00,2.334062755107879639e-01,-5.481798052787780762e-01,8.291848748922348022e-02,1.489019542932510376e-01,1.057748436927795410e+00,-1.430434286594390869e-01,2.134628966450691223e-02,-3.609075546264648438e-01,-1.819934397935867310e-01,-2.480223178863525391e-01,6.895770430564880371e-01,-1.826809048652648926e-01,-3.295604512095451355e-02
-4.168018233031034470e-03,-2.127225846052169800e-01,5.879977345466613770e-01,2.297768555581569672e-02,-8.287782967090606689e-02,-6.488299965858459473e-01,7.560575008392333984e-01,5.184800177812576294e-02,2.298335283994674683e-01,1.382166892290115356e-01,-8.179140686988830566e-01,3.445414602756500244e-01,-1.541334748268127441e+00,-3.897218406200408936e-01,1.142453074455261230e+00,1.053012013435363770e+00,2.377058714628219604e-01,-5.286875367164611816e-01,1.525937765836715698e-01,1.434156745672225952e-01,1.042307972908020020e+00,-1.495330780744552612e-01,1.065469533205032349e-02,-3.313802480697631836e-01,-1.645577698945999146e-01,-2.613437175750732422e-01,6.657817959785461426e-01,-1.766507327556610107e-01,-3.189829364418983459e-02
-1.319054630585014820e-03,-2.110084593296051025e-01,5.894265770912170410e-01,1.611280813813209534e-02,-8.497296273708343506e-02,-6.392874121665954590e-01,7.640887498855590820e-01,3.443139046430587769e-02,1.921978741884231567e-01,-6.121773272752761841e-02,-7.852924466133117676e-01,3.551880717277526855e-01,-1.656650662422180176e+00,-2.284621596336364746e-01,1.109273791313171387e+00,1.028155922889709473e+00,2.549499869346618652e-01,-4.834746420383453369e-01,1.973842978477478027e-01,1.457466483116149902e-01,9.880667924880981445e-01,-1.543545573949813843e-01,1.392228156328201294e-02,-3.008852005004882812e-01,-1.556435823440551758e-01,-2.559004724025726318e-01,6.478232741355895996e-01,-1.678019165992736816e-01,-2.884061820805072784e-02
8.720500627532601357e-04,-2.099346816539764404e-01,5.913898348808288574e-01,7.796299178153276443e-03,-8.451576530933380127e-02,-6.294641494750976562e-01,7.723802328109741211e-01,1.507853530347347260e-02,1.617109328508377075e-01,-2.985327243804931641e-01,-7.818076610565185547e-01,3.973514139652252197e-01,-1.711255908012390137e+00,-7.755514979362487793e-02,1.088397860527038574e+00,1.001178741455078125e+00,2.966988086700439453e-01,-4.433389604091644287e-01,2.402380406856536865e-01,1.335935741662979126e-01,9.153689146041870117e-01,-1.610731035470962524e-01,1.394662726670503616e-02,-2.659296989440917969e-01,-1.317817866802215576e-01,-2.410999238491058350e-01,6.242479681968688965e-01,-1.599278748035430908e-01,-3.510553389787673950e-02
2.552441786974668503e-03,-2.088347673416137695e-01,5.931859612464904785e-01,-3.781316569074988365e-03,-8.395734429359436035e-02,-6.303688287734985352e-01,7.717331051826477051e-01,-1.050423830747604370e-02,1.342748254537582397e-01,-5.604573488235473633e-01,-7.895169854164123535e-01,3.997013270854949951e-01,-1.756650209426879883e+00,7.717069238424301147e-02,1.071332573890686035e+00,9.785595536231994629e-01,3.553968667984008789e-01,-4.089151322841644287e-01,2.876327931880950928e-01,1.114443317055702209e-01,8.573753237724304199e-01,-1.683595925569534302e-01,1.660997234284877777e-02,-2.371020168066024780e-01,-1.032381579279899597e-01,-2.279112190008163452e-01,5.914927124977111816e-01,-1.508102416992187500e-01,-3.919075801968574524e-02
3.434366546571254730e-03,-2.086635828018188477e-01,5.952078104019165039e-01,-1.357690151780843735e-02,-7.998207211494445801e-02,-6.290740370750427246e-01,7.731004953384399414e-01,-5.208776518702507019e-02,1.052391678094863892e-01,-8.049175739288330078e-01,-8.401432633399963379e-01,4.368658661842346191e-01,-1.801185607910156250e+00,2.430663555860519409e-01,1.058576107025146484e+00,8.943391442298889160e-01,4.211028516292572021e-01,-3.637271821498870850e-01,3.111532330513000488e-01,8.453572541475296021e-02,7.363775372505187988e-01,-1.724634021520614624e-01,2.532972022891044617e-02,-2.128523290157318115e-01,-7.371933013200759888e-02,-2.041497528553009033e-01,5.633545517921447754e-01,-1.395662128925323486e-01,-4.795172065496444702e-02
2.807455137372016907e-03,-2.083239257335662842e-01,5.974405407905578613e-01,-2.159188874065876007e-02,-7.406911998987197876e-02,-6.237995028495788574e-01,7.777671217918395996e-01,-8.155075460672378540e-02,9.020191431045532227e-02,-9.611412882804870605e-01,-8.932418823242187500e-01,4.631477594375610352e-01,-1.826932430267333984e+00,3.810150921344757080e-01,1.031776428222656250e+00,8.375800251960754395e-01,5.309063792228698730e-01,-3.274564743041992188e-01,3.361361920833587646e-01,4.162437468767166138e-02,6.252737045288085938e-01,-1.714222133159637451e-01,3.341605514287948608e-02,-1.883646696805953979e-01,-5.698047578334808350e-02,-2.174330502748489380e-01,5.241954326629638672e-01,-1.339916735887527466e-01,-4.780208691954612732e-02
2.266004215925931931e-03,-2.088904678821563721e-01,5.984155535697937012e-01,-2.379802055656909943e-02,-6.651453673839569092e-02,-6.179340481758117676e-01,7.830498218536376953e-01,-1.191586479544639587e-01,6.878484785556793213e-02,-1.080046653747558594e+00,-9.124094843864440918e-01,4.208783507347106934e-01,-1.855895161628723145e+00,4.993083178997039795e-01,1.011967420578002930e+00,8.094458580017089844e-01,5.935872197151184082e-01,-2.919811606407165527e-01,3.455882668495178223e-01,1.270183478482067585e-03,5.324516296386718750e-01,-1.747274547815322876e-01,4.237352684140205383e-02,-1.859122216701507568e-01,-4.611310735344886780e-02,-2.107748985290527344e-01,5.071561932563781738e-01,-1.263095736503601074e-01,-5.183067917823791504e-02
2.222265582531690598e-03,-2.099681645631790161e-01,5.992472171783447266e-01,-2.380775287747383118e-02,-5.729446187615394592e-02,-5.963624715805053711e-01,8.003138899803161621e-01,-1.457837969064712524e-01,5.961393192410469055e-02,-1.161975741386413574e+00,-9.729765653610229492e-01,3.887627422809600830e-01,-1.898591399192810059e+00,5.967863798141479492e-01,1.028442740440368652e+00,7.769079208374023438e-01,6.166954040527343750e-01,-2.665184140205383301e-01,3.562048673629760742e-01,-1.763971522450447083e-02,4.618372619152069092e-01,-1.753968298435211182e-01,4.650600254535675049e-02,-1.871064305305480957e-01,-2.780325338244438171e-02,-1.838746368885040283e-01,4.929952323436737061e-01,-1.196183934807777405e-01,-5.970828980207443237e-02
2.289463300257921219e-03,-2.105410993099212646e-01,5.992268323898315430e-01,-2.245901152491569519e-02,-4.976360872387886047e-02,-5.765578150749206543e-01,8.152301907539367676e-01,-1.695309281349182129e-01,6.157119944691658020e-02,-1.210899949073791504e+00,-1.031414985656738281e+00,3.647855818271636963e-01,-1.922821521759033203e+00,6.669162511825561523e-01,1.017767071723937988e+00,7.238419651985168457e-01,6.546902656555175781e-01,-2.589527666568756104e-01,3.646264672279357910e-01,-2.228884957730770111e-02,4.207356870174407959e-01,-1.718421578407287598e-01,4.506111145019531250e-02,-1.916759908199310303e-01,-2.629351988434791565e-02,-1.631205379962921143e-01,4.964949190616607666e-01,-1.141785010695457458e-01,-6.773547083139419556e-02
3.078736830502748489e-03,-2.099210619926452637e-01,5.983204245567321777e-01,-2.079211361706256866e-02,-4.339444637298583984e-02,-5.564485192298889160e-01,8.294876217842102051e-01,-1.904290020465850830e-01,6.644965708255767822e-02,-1.214421987533569336e+00,-1.106488704681396484e+00,3.594218790531158447e-01,-1.942434549331665039e+00,7.004292011260986328e-01,1.008612275123596191e+00,6.989052891731262207e-01,6.683276891708374023e-01,-2.758133113384246826e-01,3.776400089263916016e-01,-3.049333579838275909e-03,4.337397813796997070e-01,-1.665284335613250732e-01,3.859817609190940857e-02,-2.006183415651321411e-01,-3.567600622773170471e-02,-1.500299721956253052e-01,5.030743479728698730e-01,-1.069104596972465515e-01,-7.091977447271347046e-02
3.256747964769601822e-03,-2.093672007322311401e-01,5.969853401184082031e-01,-2.213470265269279480e-02,-3.794566169381141663e-02,-5.477551221847534180e-01,8.354846239089965820e-01,-1.902847141027450562e-01,6.570097059011459351e-02,-1.197438240051269531e+00,-1.165679693222045898e+00,3.631601631641387939e-01,-1.948174476623535156e+00,6.930089592933654785e-01,1.006492733955383301e+00,6.778600215911865234e-01,6.515302062034606934e-01,-2.938708364963531494e-01,3.854907155036926270e-01,6.557916756719350815e-03,4.677203297615051270e-01,-1.622509956359863281e-01,2.906241826713085175e-02,-2.012474685907363892e-01,-4.909192770719528198e-02,-1.595032066106796265e-01,5.096325278282165527e-01,-1.100893169641494751e-01,-6.893745809793472290e-02
2.812284510582685471e-03,-2.091545015573501587e-01,5.954070687294006348e-01,-2.455498464405536652e-02,-3.130661696195602417e-02,-5.485423207283020020e-01,8.351755738258361816e-01,-1.841818839311599731e-01,5.564022064208984375e-02,-1.154053688049316406e+00,-1.207865953445434570e+00,3.758990764617919922e-01,-1.952998399734497070e+00,6.542112827301025391e-01,9.959443211555480957e-01,6.484280228614807129e-01,6.402897834777832031e-01,-3.058550655841827393e-01,3.838468790054321289e-01,4.803075920790433884e-03,4.841459095478057861e-01,-1.630032509565353394e-01,2.460874989628791809e-02,-2.062954753637313843e-01,-6.450148671865463257e-02,-1.786362975835800171e-01,5.130705833435058594e-01,-1.150998324155807495e-01,-6.460817158222198486e-02
2.187436679378151894e-03,-2.090157121419906616e-01,5.935940146446228027e-01,-2.998992241919040680e-02,-3.016063943505287170e-02,-5.555079579353332520e-01,8.304226994514465332e-01,-1.540808975696563721e-01,5.680271610617637634e-02,-1.112900853157043457e+00,-1.224899172782897949e+00,4.086206853389739990e-01,-1.932454586029052734e+00,5.849341750144958496e-01,9.778950810432434082e-01,6.175459623336791992e-01,6.302909255027770996e-01,-2.966496944427490234e-01,3.631645739078521729e-01,-2.125232107937335968e-02,4.867018759250640869e-01,-1.626619547605514526e-01,3.373407199978828430e-02,-2.061382085084915161e-01,-7.915241271257400513e-02,-1.842254102230072021e-01,5.121877193450927734e-01,-1.189291775226593018e-01,-6.179241091012954712e-02
1.743716769851744175e-03,-2.086207270622253418e-01,5.918102264404296875e-01,-3.676687553524971008e-02,-3.086506016552448273e-02,-5.659943819046020508e-01,8.230102658271789551e-01,-1.440130621194839478e-01,5.333472415804862976e-02,-1.085293531417846680e+00,-1.182956457138061523e+00,4.489706754684448242e-01,-1.897868633270263672e+00,5.025976896286010742e-01,9.498558640480041504e-01,6.131727099418640137e-01,6.626831293106079102e-01,-2.774625122547149658e-01,3.327242136001586914e-01,-3.072655573487281799e-02,4.912712574005126953e-01,-1.609368324279785156e-01,3.932499885559082031e-02,-2.032055854797363281e-01,-8.690114319324493408e-02,-1.898764520883560181e-01,5.128611922264099121e-01,-1.223960816860198975e-01,-6.035434454679489136e-02
8.954116492532193661e-04,-2.079967260360717773e-01,5.891833305358886719e-01,-4.364274814724922180e-02,-3.341329097747802734e-02,-5.845333337783813477e-01,8.095058202743530273e-01,-8.536094427108764648e-02,5.495623871684074402e-02,-1.054854273796081543e+00,-1.130793571472167969e+00,4.822202026844024658e-01,-1.827514290809631348e+00,4.229733347892761230e-01,9.280349016189575195e-01,5.606398582458496094e-01,7.025818824768066406e-01,-2.479467391967773438e-01,3.043851554393768311e-01,-1.361688412725925446e-02,4.724690914154052734e-01,-1.621324568986892700e-01,4.423347488045692444e-02,-2.088942974805831909e-01,-1.039879992604255676e-01,-1.907385885715484619e-01,5.260651111602783203e-01,-1.233781576156616211e-01,-5.659157410264015198e-02
1.213775103678926826e-04,-2.071208208799362183e-01,5.866395235061645508e-01,-5.014835298061370850e-02,-3.856734558939933777e-02,-6.046200990676879883e-01,7.939976453781127930e-01,-2.241911552846431732e-02,6.753566861152648926e-02,-1.006046652793884277e+00,-1.057023882865905762e+00,5.191864967346191406e-01,-1.749257445335388184e+00,3.318265974521636963e-01,9.303229451179504395e-01,5.277426838874816895e-01,8.130818009376525879e-01,-2.049684077501296997e-01,2.704119682312011719e-01,1.148296706378459930e-02,4.534777402877807617e-01,-1.627386063337326050e-01,4.954133555293083191e-02,-2.194352447986602783e-01,-1.136368140578269958e-01,-1.937926858663558960e-01,5.549737811088562012e-01,-1.233393922448158264e-01,-5.676253885030746460e-02
-1.362879411317408085e-03,-2.067971080541610718e-01,5.837811231613159180e-01,-5.480353534221649170e-02,-4.075993970036506653e-02,-6.325759291648864746e-01,7.714809775352478027e-01,2.751372195780277252e-02,9.146181493997573853e-02,-9.534609317779541016e-01,-9.486610293388366699e-01,5.746876001358032227e-01,-1.647164463996887207e+00,2.239132076501846313e-01,9.465594887733459473e-01,5.415589809417724609e-01,9.158763289451599121e-01,-1.667233407497406006e-01,2.389564514160156250e-01,3.623192012310028076e-02,4.289030730724334717e-01,-1.640822887420654297e-01,4.874343797564506531e-02,-2.402401715517044067e-01,-1.151511967182159424e-01,-1.792532950639724731e-01,6.055284738540649414e-01,-1.240588352084159851e-01,-6.500087678432464600e-02
-2.128871157765388489e-03,-2.065005600452423096e-01,5.836274623870849609e-01,-5.724160373210906982e-02,-4.630528017878532410e-02,-6.520519256591796875e-01,7.545909285545349121e-01,1.114290729165077209e-01,1.128563880920410156e-01,-8.221117854118347168e-01,-8.277860283851623535e-01,6.300794482231140137e-01,-1.529917001724243164e+00,1.799248456954956055e-01,9.723245501518249512e-01,4.890615046024322510e-01,1.118695616722106934e+00,-1.401133835315704346e-01,1.970447152853012085e-01,5.930681899189949036e-02,4.208854138851165771e-01,-1.642287075519561768e-01,4.993516206741333008e-02,-2.679078876972198486e-01,-1.189487725496292114e-01,-1.696811616420745850e-01,6.660957932472229004e-01,-1.221838593482971191e-01,-7.076589763164520264e-02
-3.357902169227600098e-03,-2.065712213516235352e-01,5.849614143371582031e-01,-5.510023981332778931e-02,-5.303059890866279602e-02,-6.793795228004455566e-01,7.297912240028381348e-01,2.089412212371826172e-01,1.412349343299865723e-01,-6.310005187988281250e-01,-7.098792195320129395e-01,6.792683005332946777e-01,-1.404386758804321289e+00,1.129654645919799805e-01,1.022261619567871094e+00,4.517126083374023438e-01,1.339066147804260254e+00,-1.159784048795700073e-01,1.450856626033782959e-01,7.094753533601760864e-02,4.071212708950042725e-01,-1.637738347053527832e-01,4.811116680502891541e-02,-2.877607345581054688e-01,-1.234361380338668823e-01,-1.565320789813995361e-01,7.212141156196594238e-01,-1.249106153845787048e-01,-8.079817146062850952e-02
-2.907767193391919136e-03,-2.069685608148574829e-01,5.821927785873413086e-01,-5.119212716817855835e-02,-7.095519453287124634e-02,-6.871758699417114258e-01,7.212032079696655273e-01,2.841574549674987793e-01,2.021325826644897461e-01,-4.516479671001434326e-01,-6.556459069252014160e-01,7.334028482437133789e-01,-1.255314826965332031e+00,3.754583373665809631e-02,1.090146660804748535e+00,4.622542262077331543e-01,1.571943759918212891e+00,-9.657017886638641357e-02,1.088749617338180542e-01,1.037103459239006042e-01,4.113331139087677002e-01,-1.665042638778686523e-01,4.262961447238922119e-02,-3.162484765052795410e-01,-1.234480738639831543e-01,-1.428658962249755859e-01,7.994834184646606445e-01,-1.266904175281524658e-01,-9.137165546417236328e-02
-1.983756665140390396e-03,-2.071383148431777954e-01,5.787302255630493164e-01,-4.909461736679077148e-02,-8.641327172517776489e-02,-6.986574530601501465e-01,7.085196971893310547e-01,3.812449574470520020e-01,2.564610838890075684e-01,-3.326736390590667725e-01,-7.298607826232910156e-01,8.047622442245483398e-01,-9.884781241416931152e-01,-1.312257796525955200e-01,1.150498509407043457e+00,5.036095380783081055e-01,1.734081029891967773e+00,-9.676056355237960815e-02,7.324993610382080078e-02,1.396012306213378906e-01,4.603112339973449707e-01,-1.687933355569839478e-01,3.945625573396682739e-02,-3.385829925537109375e-01,-1.329682618379592896e-01,-1.273454427719116211e-01,8.782135248184204102e-01,-1.308379918336868286e-01,-9.373257309198379517e-02
-2.299268729984760284e-03,-2.077341377735137939e-01,5.742604136466979980e-01,-4.201928153634071350e-02,-9.811889380216598511e-02,-7.260813713073730469e-01,6.792737841606140137e-01,4.364710748195648193e-01,2.955097854137420654e-01,-1.484438180923461914e-01,-8.575515747070312500e-01,8.209419250488281250e-01,-7.002326846122741699e-01,-3.038145899772644043e-01,1.225313782691955566e+00,5.657885074615478516e-01,1.856547832489013672e+00,-1.143198311328887939e-01,3.553929179906845093e-02,1.472349017858505249e-01,5.037022233009338379e-01,-1.684252619743347168e-01,4.152463749051094055e-02,-3.607711493968963623e-01,-1.397996395826339722e-01,-1.181870028376579285e-01,9.322518706321716309e-01,-1.372714042663574219e-01,-9.655629098415374756e-02
-2.547297393903136253e-03,-2.091247737407684326e-01,5.719791054725646973e-01,-3.964654728770256042e-02,-1.048527806997299194e-01,-7.459697127342224121e-01,6.564778685569763184e-01,4.872517585754394531e-01,3.205493688583374023e-01,1.705978251993656158e-02,-9.695354104042053223e-01,7.469127774238586426e-01,-4.755476713180541992e-01,-4.595884382724761963e-01,1.322443246841430664e+00,5.918495059013366699e-01,1.963796615600585938e+00,-1.282253861427307129e-01,-5.945710465312004089e-03,1.620356589555740356e-01,5.399252176284790039e-01,-1.691230237483978271e-01,4.513616487383842468e-02,-4.074630737304687500e-01,-1.528624296188354492e-01,-1.076501458883285522e-01,1.000315070152282715e+00,-1.442976295948028564e-01,-9.965409338474273682e-02
-2.629688242450356483e-03,-2.101661115884780884e-01,5.696287155151367188e-01,-3.312617540359497070e-02,-1.098235771059989929e-01,-7.536633610725402832e-01,6.471731066703796387e-01,4.800261259078979492e-01,3.310784399509429932e-01,1.133806183934211731e-01,-1.038897752761840820e+00,6.789594292640686035e-01,-3.649076223373413086e-01,-5.599559545516967773e-01,1.414845108985900879e+00,5.995546579360961914e-01,2.049861192703247070e+00,-1.458404213190078735e-01,-3.308821469545364380e-02,1.686093658208847046e-01,5.673491358757019043e-01,-1.673711091279983521e-01,4.994503781199455261e-02,-4.434366226196289062e-01,-1.604924350976943970e-01,-9.157358855009078979e-02,1.042170047760009766e+00,-1.476817578077316284e-01,-1.036549061536788940e-01
-2.794995205476880074e-03,-2.106673121452331543e-01,5.680353045463562012e-01,-2.513233385980129242e-02,-1.104295253753662109e-01,-7.609523534774780273e-01,6.388467550277709961e-01,4.815404713153839111e-01,3.162045776844024658e-01,1.613860577344894409e-01,-1.101515889167785645e+00,6.027230024337768555e-01,-2.837024033069610596e-01,-6.225351095199584961e-01,1.474399685859680176e+00,6.042020320892333984e-01,2.076724767684936523e+00,-1.608881652355194092e-01,-5.419106036424636841e-02,1.785401254892349243e-01,5.866729021072387695e-01,-1.673931479454040527e-01,5.238267779350280762e-02,-4.713625609874725342e-01,-1.769090741872787476e-01,-8.382446318864822388e-02,1.079381227493286133e+00,-1.522662043571472168e-01,-1.027472466230392456e-01
-2.199918497353792191e-03,-2.114338874816894531e-01,5.682837963104248047e-01,-1.480656769126653671e-02,-1.116594746708869934e-01,-7.578029036521911621e-01,6.426878571510314941e-01,4.586325287818908691e-01,2.797588109970092773e-01,2.019685506820678711e-01,-1.124313950538635254e+00,5.637308359146118164e-01,-2.726866900920867920e-01,-6.572713255882263184e-01,1.488010168075561523e+00,5.831099748611450195e-01,2.097079038619995117e+00,-1.704657226800918579e-01,-6.882243603467941284e-02,1.953383684158325195e-01,5.725941658020019531e-01,-1.684424132108688354e-01,5.379340797662734985e-02,-5.174643397331237793e-01,-1.996307969093322754e-01,-7.364290207624435425e-02,1.107454538345336914e+00,-1.550218015909194946e-01,-9.460962563753128052e-02
-1.943377079442143440e-03,-2.112513333559036255e-01,5.677098631858825684e-01,-8.835203945636749268e-03,-1.100244224071502686e-01,-7.592688202857971191e-01,6.413481235504150391e-01,4.603044688701629639e-01,2.754532098770141602e-01,1.996876746416091919e-01,-1.125038743019104004e+00,5.608344674110412598e-01,-2.722320556640625000e-01,-6.610068678855895996e-01,1.489588499069213867e+00,5.848702788352966309e-01,2.097172975540161133e+00,-1.740807592868804932e-01,-6.873875856399536133e-02,1.976703405380249023e-01,5.728875398635864258e-01,-1.686131060123443604e-01,5.393305048346519470e-02,-5.241314172744750977e-01,-1.989616006612777710e-01,-7.087544351816177368e-02,1.110489726066589355e+00,-1.551581323146820068e-01,-9.449577331542968750e-02
-1.691275392659008503e-03,-2.111181765794754028e-01,5.698673725128173828e-01,-1.270082662813365459e-03,-1.036108434200286865e-01,-7.611436843872070312e-01,6.402527093887329102e-01,4.338754415512084961e-01,2.504557967185974121e-01,2.049349248409271240e-01,-1.105504870414733887e+00,5.543363690376281738e-01,-3.769983649253845215e-01,-6.326957345008850098e-01,1.451167941093444824e+00,5.310156941413879395e-01,2.071595191955566406e+00,-1.723884195089340210e-01,-6.519334018230438232e-02,2.016042470932006836e-01,5.449005365371704102e-01,-1.701724082231521606e-01,5.524263158440589905e-02,-5.475125312805175781e-01,-2.112653702497482300e-01,-6.407075375318527222e-02,1.104628920555114746e+00,-1.544328480958938599e-01,-8.497659862041473389e-02
-1.278397627174854279e-03,-2.109502255916595459e-01,5.724899768829345703e-01,3.645201679319143295e-03,-9.750591218471527100e-02,-7.581280469894409180e-01,6.447644829750061035e-01,4.067116379737854004e-01,2.057606279850006104e-01,1.981711238622665405e-01,-1.069914460182189941e+00,5.689448714256286621e-01,-5.024265050888061523e-01,-5.772290825843811035e-01,1.381194353103637695e+00,4.787706434726715088e-01,2.017240762710571289e+00,-1.605536341667175293e-01,-5.687022209167480469e-02,1.839364171028137207e-01,5.036859512329101562e-01,-1.705501973628997803e-01,6.194799020886421204e-02,-5.478795766830444336e-01,-2.122604250907897949e-01,-5.594738572835922241e-02,1.075941801071166992e+00,-1.511740833520889282e-01,-7.849661260843276978e-02
-4.523730895016342402e-04,-2.106313556432723999e-01,5.751941204071044922e-01,1.238233782351016998e-02,-8.769901841878890991e-02,-7.414530515670776367e-01,6.651337742805480957e-01,3.710032701492309570e-01,1.581618189811706543e-01,1.834599822759628296e-01,-9.662209153175354004e-01,5.514603257179260254e-01,-8.097537159919738770e-01,-4.781290888786315918e-01,1.257946968078613281e+00,3.882706463336944580e-01,1.897638201713562012e+00,-1.584186404943466187e-01,-4.828714579343795776e-02,1.486017853021621704e-01,4.584115147590637207e-01,-1.681895107030868530e-01,7.172352075576782227e-02,-5.507591366767883301e-01,-2.155340313911437988e-01,-4.616019502282142639e-02,1.052016496658325195e+00,-1.485243886709213257e-01,-7.311900705099105835e-02
-7.247522589750587940e-04,-2.100579589605331421e-01,5.766236782073974609e-01,1.579530909657478333e-02,-8.044806867837905884e-02,-7.320051193237304688e-01,6.763483881950378418e-01,3.277213275432586670e-01,1.336590647697448730e-01,1.284320056438446045e-01,-8.811171054840087891e-01,5.655151009559631348e-01,-1.043886184692382812e+00,-3.504314720630645752e-01,1.155846953392028809e+00,3.431802392005920410e-01,1.769703745841979980e+00,-1.648587733507156372e-01,-2.619780786335468292e-02,1.274755150079727173e-01,4.219959080219268799e-01,-1.657904833555221558e-01,7.423621416091918945e-02,-5.203075408935546875e-01,-2.189524322748184204e-01,-4.915272817015647888e-02,9.982045292854309082e-01,-1.455609351396560669e-01,-7.036570459604263306e-02
-1.689422409981489182e-03,-2.091290056705474854e-01,5.780109167098999023e-01,1.087569631636142731e-02,-7.418622821569442749e-02,-7.246199846267700195e-01,6.850576996803283691e-01,2.739256322383880615e-01,1.171072944998741150e-01,1.517830137163400650e-02,-7.879370450973510742e-01,5.660722851753234863e-01,-1.310040831565856934e+00,-2.320290505886077881e-01,1.046403408050537109e+00,3.426553905010223389e-01,1.571418285369873047e+00,-1.679974347352981567e-01,4.012617748230695724e-03,1.034408733248710632e-01,4.064671099185943604e-01,-1.627710610628128052e-01,7.588617503643035889e-02,-4.731627702713012695e-01,-2.269939035177230835e-01,-5.392362922430038452e-02,9.249712228775024414e-01,-1.447330117225646973e-01,-6.752242147922515869e-02
-1.554335118271410465e-03,-2.089614272117614746e-01,5.786669254302978516e-01,6.473852321505546570e-03,-6.823375821113586426e-02,-6.970077157020568848e-01,7.137804627418518066e-01,2.149585038423538208e-01,1.025359407067298889e-01,-1.101105436682701111e-01,-7.672315835952758789e-01,5.694025754928588867e-01,-1.539517283439636230e+00,-9.395299106836318970e-02,9.808011054992675781e-01,3.014311492443084717e-01,1.389999747276306152e+00,-1.826063841581344604e-01,3.870704397559165955e-02,9.851543605327606201e-02,4.034698307514190674e-01,-1.621107757091522217e-01,7.467505335807800293e-02,-4.147478640079498291e-01,-2.256224155426025391e-01,-5.259639024734497070e-02,8.394786715507507324e-01,-1.433546841144561768e-01,-6.692882627248764038e-02
-1.931650447659194469e-03,-2.087521851062774658e-01,5.785908102989196777e-01,-3.026719670742750168e-03,-6.343330442905426025e-02,-6.763747930526733398e-01,7.338148355484008789e-01,1.702507436275482178e-01,9.189563244581222534e-02,-3.158072829246520996e-01,-8.127404451370239258e-01,6.350117921829223633e-01,-1.664528965950012207e+00,4.152809828519821167e-02,9.229230284690856934e-01,3.251738250255584717e-01,1.219391465187072754e+00,-2.176469266414642334e-01,6.726896762847900391e-02,7.573415338993072510e-02,4.226711690425872803e-01,-1.588950902223587036e-01,7.745640724897384644e-02,-3.428762853145599365e-01,-2.293103635311126709e-01,-5.971692502498626709e-02,7.581824660301208496e-01,-1.451157182455062866e-01,-6.693254411220550537e-02
-2.601933199912309647e-03,-2.078965902328491211e-01,5.816582441329956055e-01,-1.298972312361001968e-02,-6.193832308053970337e-02,-6.518711447715759277e-01,7.556843757629394531e-01,1.063252091407775879e-01,9.963091462850570679e-02,-5.168588757514953613e-01,-9.163036346435546875e-01,6.575391292572021484e-01,-1.751935243606567383e+00,-7.433909922838211060e-03,8.791602849960327148e-01,5.693219304084777832e-01,8.565335273742675781e-01,-2.590558528900146484e-01,9.000106155872344971e-02,3.213402256369590759e-02,4.582351446151733398e-01,-1.501347124576568604e-01,7.666204124689102173e-02,-2.671273648738861084e-01,-2.351670861244201660e-01,-8.919549733400344849e-02,6.779868602752685547e-01,-1.492372453212738037e-01,-6.428913027048110962e-02
-2.719709184020757675e-03,-2.076860368251800537e-01,5.841628909111022949e-01,-1.303645502775907516e-02,-5.999407172203063965e-02,-6.223764419555664062e-01,7.803065776824951172e-01,7.055027037858963013e-02,8.622149378061294556e-02,-6.550678610801696777e-01,-1.005403995513916016e+00,6.606858968734741211e-01,-1.821277618408203125e+00,1.183969061821699142e-02,9.312214255332946777e-01,6.648203134536743164e-01,6.432574987411499023e-01,-2.939408719539642334e-01,1.197663173079490662e-01,2.108306623995304108e-02,5.013126730918884277e-01,-1.478681415319442749e-01,6.686839461326599121e-02,-2.121809422969818115e-01,-2.202266156673431396e-01,-8.942523598670959473e-02,6.365337371826171875e-01,-1.496331393718719482e-01,-7.289604097604751587e-02
-3.384782699868083000e-03,-2.073567509651184082e-01,5.860780477523803711e-01,-9.356910362839698792e-03,-5.663584545254707336e-02,-6.078117489814758301e-01,7.920036315917968750e-01,4.772564768791198730e-02,7.879363000392913818e-02,-7.236884236335754395e-01,-1.055677652359008789e+00,6.269247531890869141e-01,-1.869723677635192871e+00,2.485922351479530334e-02,9.694213867187500000e-01,7.548183798789978027e-01,5.203686952590942383e-01,-3.211939334869384766e-01,1.461723148822784424e-01,9.244031272828578949e-03,5.377201437950134277e-01,-1.458450853824615479e-01,5.477451905608177185e-02,-1.779046803712844849e-01,-2.022822797298431396e-01,-8.969140797853469849e-02,6.155501604080200195e-01,-1.497500687837600708e-01,-8.313208073377609253e-02
-4.046310670673847198e-03,-2.067736983299255371e-01,5.878427028656005859e-01,-6.405897438526153564e-03,-5.294033885002136230e-02,-6.130290627479553223e-01,7.882586121559143066e-01,5.426055565476417542e-02,7.213457673788070679e-02,-7.440013885498046875e-01,-1.096525311470031738e+00,6.067141294479370117e-01,-1.897510051727294922e+00,3.174924105405807495e-02,1.000600934028625488e+00,7.501958012580871582e-01,4.801668822765350342e-01,-3.403512239456176758e-01,1.795172542333602905e-01,9.624180383980274200e-03,5.698448419570922852e-01,-1.468902677297592163e-01,4.500814154744148254e-02,-1.566866487264633179e-01,-1.884054541587829590e-01,-9.260830283164978027e-02,5.948514938354492188e-01,-1.491533219814300537e-01,-8.865543454885482788e-02
-4.553259816020727158e-03,-2.056464999914169312e-01,5.899416804313659668e-01,-2.535085892304778099e-03,-4.902715235948562622e-02,-6.194731593132019043e-01,7.834812998771667480e-01,6.890930235385894775e-02,5.314714089035987854e-02,-7.322261929512023926e-01,-1.108421087265014648e+00,6.035043001174926758e-01,-1.908560156822204590e+00,4.518870636820793152e-02,1.015901446342468262e+00,7.177395820617675781e-01,5.045230388641357422e-01,-3.506584763526916504e-01,2.020633369684219360e-01,6.244310177862644196e-03,5.763021111488342285e-01,-1.464370638132095337e-01,3.967198729515075684e-02,-1.447970420122146606e-01,-1.725109666585922241e-01,-1.036701351404190063e-01,5.765469074249267578e-01,-1.443193852901458740e-01,-9.150290489196777344e-02
-4.804868251085281372e-03,-2.045788317918777466e-01,5.916051864624023438e-01,-1.871413202024996281e-03,-5.015613138675689697e-02,-6.297308206558227539e-01,7.751902937889099121e-01,7.150037586688995361e-02,4.833607003092765808e-02,-7.196417450904846191e-01,-1.127880334854125977e+00,6.082900762557983398e-01,-1.890691876411437988e+00,7.107714563608169556e-02,1.014127612113952637e+00,7.002556324005126953e-01,5.786046981811523438e-01,-3.475561439990997314e-01,2.206318080425262451e-01,6.361466366797685623e-03,5.721315741539001465e-01,-1.477175503969192505e-01,3.690562769770622253e-02,-1.381981372833251953e-01,-1.671497374773025513e-01,-1.283201426267623901e-01,5.689904093742370605e-01,-1.417866945266723633e-01,-8.862843364477157593e-02
-4.875695798546075821e-03,-2.044601291418075562e-01,5.939825177192687988e-01,-4.331335425376892090e-03,-5.259559676051139832e-02,-6.438138484954833984e-01,7.633601427078247070e-01,7.726998627185821533e-02,4.226148128509521484e-02,-6.707035303115844727e-01,-1.115766644477844238e+00,6.443872451782226562e-01,-1.830101490020751953e+00,8.790515363216400146e-02,9.826079010963439941e-01,6.765449047088623047e-01,7.077811956405639648e-01,-3.220790624618530273e-01,2.489735931158065796e-01,1.909894123673439026e-02,5.419946312904357910e-01,-1.528424918651580811e-01,3.414767980575561523e-02,-1.428755372762680054e-01,-1.709204316139221191e-01,-1.565274447202682495e-01,5.526681542396545410e-01,-1.448601931333541870e-01,-8.030916750431060791e-02
-4.278187640011310577e-03,-2.043158560991287231e-01,5.961276292800903320e-01,-6.013480946421623230e-03,-5.577814951539039612e-02,-6.605240106582641602e-01,7.487059831619262695e-01,1.039798632264137268e-01,4.983266815543174744e-02,-5.994616746902465820e-01,-1.116381883621215820e+00,6.938712000846862793e-01,-1.769156336784362793e+00,1.057912632822990417e-01,9.416856765747070312e-01,6.458297371864318848e-01,8.983767628669738770e-01,-2.973389625549316406e-01,2.676124870777130127e-01,2.814952097833156586e-02,5.255514383316040039e-01,-1.569416373968124390e-01,3.746814653277397156e-02,-1.583360582590103149e-01,-1.655074656009674072e-01,-1.663148999214172363e-01,5.408463478088378906e-01,-1.432321667671203613e-01,-7.353186607360839844e-02
-3.615491557866334915e-03,-2.045019418001174927e-01,5.977460145950317383e-01,-6.754931993782520294e-03,-6.210549548268318176e-02,-6.872267723083496094e-01,7.237517833709716797e-01,1.710781455039978027e-01,5.695337429642677307e-02,-5.403457880020141602e-01,-1.076261520385742188e+00,7.264825701713562012e-01,-1.632168531417846680e+00,1.177072823047637939e-01,9.411190152168273926e-01,5.803699493408203125e-01,1.081082701683044434e+00,-2.577201426029205322e-01,2.887908518314361572e-01,6.161632761359214783e-02,5.057017207145690918e-01,-1.635933071374893188e-01,3.732413426041603088e-02,-1.813759654760360718e-01,-1.671889871358871460e-01,-1.699827611446380615e-01,5.376027226448059082e-01,-1.434619575738906860e-01,-6.604479253292083740e-02
-3.155824728310108185e-03,-2.059381604194641113e-01,5.971812009811401367e-01,-9.873811155557632446e-03,-5.845146626234054565e-02,-7.102014422416687012e-01,7.014982700347900391e-01,1.940029859542846680e-01,6.931165605783462524e-02,-4.716644585132598877e-01,-1.076214313507080078e+00,8.056449294090270996e-01,-1.455044746398925781e+00,1.647915542125701904e-01,9.842810630798339844e-01,4.733382463455200195e-01,1.296242117881774902e+00,-2.395225316286087036e-01,3.038474619388580322e-01,7.421535253524780273e-02,5.199200510978698730e-01,-1.706889718770980835e-01,4.340959712862968445e-02,-2.066192775964736938e-01,-1.581370830535888672e-01,-1.633999943733215332e-01,5.359991192817687988e-01,-1.435230374336242676e-01,-6.072495505213737488e-02
-1.668736222200095654e-03,-2.069185376167297363e-01,5.985987782478332520e-01,2.235371386632323265e-03,-7.042697072029113770e-02,-7.389727234840393066e-01,6.700406074523925781e-01,2.536555230617523193e-01,9.339525550603866577e-02,-3.872500360012054443e-01,-1.048381686210632324e+00,8.364761471748352051e-01,-1.291577696800231934e+00,1.221080943942070007e-01,9.828991293907165527e-01,4.926953911781311035e-01,1.458869576454162598e+00,-2.209261655807495117e-01,3.134057819843292236e-01,8.608217537403106689e-02,5.492048263549804688e-01,-1.764273643493652344e-01,4.599776118993759155e-02,-2.508332133293151855e-01,-1.604416519403457642e-01,-1.610664427280426025e-01,5.610988736152648926e-01,-1.432999223470687866e-01,-5.422386899590492249e-02
8.790472202235832810e-05,-2.083106637001037598e-01,5.979847311973571777e-01,9.773889556527137756e-03,-7.450952380895614624e-02,-7.716481089591979980e-01,6.315948367118835449e-01,3.210244476795196533e-01,1.235213577747344971e-01,-3.384289741516113281e-01,-1.051048755645751953e+00,8.800830245018005371e-01,-1.051448702812194824e+00,5.305606126785278320e-02,9.604081511497497559e-01,5.405314564704895020e-01,1.584907531738281250e+00,-2.182281315326690674e-01,3.212895989418029785e-01,8.377359062433242798e-02,6.127337813377380371e-01,-1.816663742065429688e-01,5.505372583866119385e-02,-2.984868586063385010e-01,-1.576640158891677856e-01,-1.463810652494430542e-01,5.793993473052978516e-01,-1.428568959236145020e-01,-4.834311828017234802e-02
7.440295303240418434e-04,-2.104456573724746704e-01,5.960615873336791992e-01,1.893884874880313873e-02,-7.270961254835128784e-02,-8.008708953857421875e-01,5.941047072410583496e-01,3.587667346000671387e-01,1.486262083053588867e-01,-2.736558318138122559e-01,-1.091524362564086914e+00,9.353889822959899902e-01,-7.288066148757934570e-01,-2.160707861185073853e-02,9.525152444839477539e-01,5.726197361946105957e-01,1.732617855072021484e+00,-2.194682061672210693e-01,3.171723186969757080e-01,6.104545295238494873e-02,6.547700166702270508e-01,-1.877415031194686890e-01,6.991581618785858154e-02,-3.522956967353820801e-01,-1.419441103935241699e-01,-1.110106259584426880e-01,6.166135072708129883e-01,-1.412711888551712036e-01,-5.058306828141212463e-02
1.546282437629997730e-03,-2.125582844018936157e-01,5.943072438240051270e-01,3.330427408218383789e-02,-6.708525866270065308e-02,-8.187125325202941895e-01,5.692979693412780762e-01,3.933728337287902832e-01,1.978745013475418091e-01,-1.995736211538314819e-01,-1.118166804313659668e+00,9.479368925094604492e-01,-5.273034572601318359e-01,-1.546246856451034546e-01,9.272761940956115723e-01,6.273238062858581543e-01,1.858916759490966797e+00,-2.367220073938369751e-01,2.930632233619689941e-01,1.940550655126571655e-02,7.143161296844482422e-01,-1.882972270250320435e-01,9.180565178394317627e-02,-3.978827297687530518e-01,-1.215533539652824402e-01,-7.495183497667312622e-02,6.419332623481750488e-01,-1.414623707532882690e-01,-5.474014207720756531e-02
1.774086616933345795e-03,-2.141442596912384033e-01,5.931801199913024902e-01,5.034652724862098694e-02,-5.238424241542816162e-02,-8.394057750701904297e-01,5.386270284652709961e-01,4.195920526981353760e-01,2.260511517524719238e-01,-1.111365556716918945e-01,-1.148308753967285156e+00,8.920253515243530273e-01,-3.010437488555908203e-01,-3.109795749187469482e-01,9.234128594398498535e-01,6.605396270751953125e-01,1.965168595314025879e+00,-2.521862685680389404e-01,2.757306993007659912e-01,-2.030163258314132690e-02,7.724092602729797363e-01,-1.891847550868988037e-01,1.080927029252052307e-01,-4.406841993331909180e-01,-8.963730931282043457e-02,-4.061943665146827698e-02,6.445903182029724121e-01,-1.412660330533981323e-01,-6.463924050331115723e-02
9.459234424866735935e-04,-2.160512208938598633e-01,5.918407440185546875e-01,6.759841740131378174e-02,-4.358188435435295105e-02,-8.496634960174560547e-01,5.211554169654846191e-01,4.702090024948120117e-01,2.451283484697341919e-01,3.807979635894298553e-03,-1.162473320960998535e+00,8.055998682975769043e-01,-1.704731434583663940e-01,-4.248994290828704834e-01,9.193964004516601562e-01,6.362863779067993164e-01,2.075738668441772461e+00,-2.848101556301116943e-01,2.278279364109039307e-01,-8.238040655851364136e-02,8.123594522476196289e-01,-1.821756064891815186e-01,1.342880874872207642e-01,-4.862033724784851074e-01,-6.820317357778549194e-02,-9.333589114248752594e-03,6.506897211074829102e-01,-1.420821696519851685e-01,-7.209846377372741699e-02
-9.737430955283343792e-04,-2.175003141164779663e-01,5.910920500755310059e-01,8.259530365467071533e-02,-3.483093157410621643e-02,-8.635196685791015625e-01,4.962847828865051270e-01,4.774518311023712158e-01,2.669525444507598877e-01,1.268546283245086670e-01,-1.174429059028625488e+00,7.495185732841491699e-01,-1.211231946945190430e-01,-5.604065060615539551e-01,9.280146956443786621e-01,6.388834118843078613e-01,2.139923334121704102e+00,-3.296467363834381104e-01,1.847397983074188232e-01,-1.394380033016204834e-01,8.656440377235412598e-01,-1.740047782659530640e-01,1.565647423267364502e-01,-5.232530236244201660e-01,-5.567129701375961304e-02,-5.983354523777961731e-03,6.399856805801391602e-01,-1.473024487495422363e-01,-7.199700921773910522e-02
-2.589161042124032974e-03,-2.181782275438308716e-01,5.915303826332092285e-01,9.638071060180664062e-02,-2.556550689041614532e-02,-8.714804649353027344e-01,4.801863729953765869e-01,4.896334409713745117e-01,2.713977992534637451e-01,2.290005236864089966e-01,-1.186948657035827637e+00,6.498268842697143555e-01,-8.209416270256042480e-02,-6.742394566535949707e-01,9.030601978302001953e-01,6.379705667495727539e-01,2.188024044036865234e+00,-3.860152065753936768e-01,1.494893580675125122e-01,-1.717334538698196411e-01,9.212369322776794434e-01,-1.659442633390426636e-01,1.727713495492935181e-01,-5.430905222892761230e-01,-5.021532252430915833e-02,-1.336072850972414017e-02,6.097216606140136719e-01,-1.535179167985916138e-01,-6.912326812744140625e-02
-4.762868862599134445e-03,-2.192168682813644409e-01,5.930411219596862793e-01,1.039659380912780762e-01,-2.445491589605808258e-02,-8.767397403717041016e-01,4.689567387104034424e-01,5.043890476226806641e-01,2.805951535701751709e-01,3.306395411491394043e-01,-1.203246474266052246e+00,6.066988110542297363e-01,-6.844080239534378052e-02,-7.844522595405578613e-01,8.513498902320861816e-01,6.210745573043823242e-01,2.167538166046142578e+00,-4.408112168312072754e-01,1.078300997614860535e-01,-1.920954138040542603e-01,9.611698389053344727e-01,-1.598311662673950195e-01,1.885809749364852905e-01,-5.374868512153625488e-01,-3.104921057820320129e-02,1.625993661582469940e-02,5.716817975044250488e-01,-1.594233363866806030e-01,-7.493271678686141968e-02
-6.771437358111143112e-03,-2.197997719049453735e-01,5.948125123977661133e-01,1.126772910356521606e-01,-1.819690316915512085e-02,-8.814666271209716797e-01,4.582458734512329102e-01,5.352638363838195801e-01,2.781178057193756104e-01,4.382849335670471191e-01,-1.213383078575134277e+00,5.303379893302917480e-01,-1.021203771233558655e-01,-9.405812025070190430e-01,8.014776706695556641e-01,6.624557971954345703e-01,2.113614797592163086e+00,-4.904179871082305908e-01,6.816910952329635620e-02,-2.059408575296401978e-01,9.718075990676879883e-01,-1.542680561542510986e-01,1.939468979835510254e-01,-5.297917723655700684e-01,-2.480378746986389160e-02,1.153569947928190231e-02,5.041195750236511230e-01,-1.681659668684005737e-01,-7.396423816680908203e-02
-9.518353268504142761e-03,-2.202310115098953247e-01,5.956555008888244629e-01,1.203110888600349426e-01,-1.983058452606201172e-02,-8.851239681243896484e-01,4.490963518619537354e-01,5.704621076583862305e-01,2.701424360275268555e-01,5.468747019767761230e-01,-1.231227159500122070e+00,4.744350314140319824e-01,-1.224368587136268616e-01,-1.099747180938720703e+00,7.705945968627929688e-01,7.348067164421081543e-01,2.032066583633422852e+00,-5.387048721313476562e-01,3.048458136618137360e-02,-2.209486514329910278e-01,9.833335280418395996e-01,-1.496520340442657471e-01,2.005354166030883789e-01,-5.227312445640563965e-01,-2.397305145859718323e-02,-4.072878509759902954e-03,4.760789275169372559e-01,-1.750885099172592163e-01,-7.149507850408554077e-02
-1.153460890054702759e-02,-2.210147231817245483e-01,5.960185527801513672e-01,1.273785829544067383e-01,-1.600446552038192749e-02,-8.894047737121582031e-01,4.387227892875671387e-01,5.799258351325988770e-01,2.617379128932952881e-01,6.196021437644958496e-01,-1.241031646728515625e+00,4.310244917869567871e-01,-1.649804264307022095e-01,-1.276703357696533203e+00,7.513507008552551270e-01,8.624175786972045898e-01,1.889889955520629883e+00,-5.704896450042724609e-01,1.185259595513343811e-02,-2.341380566358566284e-01,9.769771695137023926e-01,-1.497427970170974731e-01,2.039453834295272827e-01,-5.214790105819702148e-01,-1.439600717276334763e-02,1.747817383147776127e-03,4.510303735733032227e-01,-1.781943589448928833e-01,-7.090894877910614014e-02
-1.328566670417785645e-02,-2.210047543048858643e-01,5.963813066482543945e-01,1.352710723876953125e-01,-1.269816979765892029e-02,-8.918376564979553223e-01,4.314697086811065674e-01,6.005815267562866211e-01,2.490156590938568115e-01,6.964920759201049805e-01,-1.239474892616271973e+00,4.343049228191375732e-01,-2.119635045528411865e-01,-1.406489133834838867e+00,7.664582133293151855e-01,9.355353116989135742e-01,1.766516327857971191e+00,-5.928698182106018066e-01,-1.843420555815100670e-03,-2.415171712636947632e-01,9.668841958045959473e-01,-1.477643102407455444e-01,2.053044140338897705e-01,-5.222907066345214844e-01,-1.769083924591541290e-02,-1.200768863782286644e-03,4.417610764503479004e-01,-1.807748377323150635e-01,-6.973437964916229248e-02
-1.458862517029047012e-02,-2.208204716444015503e-01,5.960279703140258789e-01,1.452884078025817871e-01,-1.315075252205133438e-02,-8.950629830360412598e-01,4.214030802249908447e-01,6.263246536254882812e-01,2.542689442634582520e-01,7.268686294555664062e-01,-1.254056572914123535e+00,4.649448692798614502e-01,-2.418642789125442505e-01,-1.497988104820251465e+00,8.021280169486999512e-01,1.026370406150817871e+00,1.629439949989318848e+00,-6.174533963203430176e-01,-1.447181962430477142e-02,-2.420113682746887207e-01,9.614623785018920898e-01,-1.477868258953094482e-01,2.086985409259796143e-01,-5.307042002677917480e-01,-2.888936921954154968e-02,-2.231076173484325409e-02,4.560853540897369385e-01,-1.838280707597732544e-01,-6.430759280920028687e-02
-1.507731247693300247e-02,-2.201876938343048096e-01,5.942511558532714844e-01,1.471123844385147095e-01,-1.167765818536281586e-02,-8.981065154075622559e-01,4.142780303955078125e-01,6.446407437324523926e-01,2.499080449342727661e-01,7.724462747573852539e-01,-1.253082394599914551e+00,4.548488557338714600e-01,-2.692356705665588379e-01,-1.544686913490295410e+00,8.399889469146728516e-01,1.092042803764343262e+00,1.512374877929687500e+00,-6.198548078536987305e-01,-2.248671650886535645e-02,-2.493519037961959839e-01,9.544162154197692871e-01,-1.468753516674041748e-01,2.084173262119293213e-01,-5.424978733062744141e-01,-4.120700433850288391e-02,-5.148634314537048340e-02,4.980795681476593018e-01,-1.841738522052764893e-01,-5.811741203069686890e-02
-1.599960029125213623e-02,-2.199929952621459961e-01,5.925267338752746582e-01,1.504194885492324829e-01,-1.195372547954320908e-02,-8.998873829841613770e-01,4.091868102550506592e-01,6.386457085609436035e-01,2.392283529043197632e-01,7.859031558036804199e-01,-1.239581584930419922e+00,4.684070646762847900e-01,-3.073698878288269043e-01,-1.584085941314697266e+00,8.921098709106445312e-01,1.132807493209838867e+00,1.398719906806945801e+00,-6.363235116004943848e-01,-3.226952627301216125e-02,-2.525091767311096191e-01,9.701266884803771973e-01,-1.464124619960784912e-01,2.176000326871871948e-01,-5.554388165473937988e-01,-5.566629394888877869e-02,-4.788981750607490540e-02,5.422343611717224121e-01,-1.857989728450775146e-01,-5.794632062315940857e-02
-1.549304649233818054e-02,-2.199797332286834717e-01,5.908354520797729492e-01,1.524704247713088989e-01,-1.514406409114599228e-02,-8.981363773345947266e-01,4.121583104133605957e-01,6.487928628921508789e-01,2.268044948577880859e-01,7.840431928634643555e-01,-1.242393374443054199e+00,4.602449834346771240e-01,-3.041450083255767822e-01,-1.602283358573913574e+00,9.238168597221374512e-01,1.155187726020812988e+00,1.341019988059997559e+00,-6.496111154556274414e-01,-3.762565180659294128e-02,-2.473186850547790527e-01,9.803656935691833496e-01,-1.455043256282806396e-01,2.165070325136184692e-01,-5.697940587997436523e-01,-7.724917680025100708e-02,-5.735616013407707214e-02,5.849125385284423828e-01,-1.869576573371887207e-01,-5.167403444647789001e-02
-1.482493616640567780e-02,-2.204668074846267700e-01,5.901693105697631836e-01,1.529779583215713501e-01,-1.486995816230773926e-02,-8.958429694175720215e-01,4.169436991214752197e-01,6.507414579391479492e-01,2.177458107471466064e-01,7.426967620849609375e-01,-1.237836122512817383e+00,4.181411564350128174e-01,-3.035584986209869385e-01,-1.564574599266052246e+00,9.067587256431579590e-01,1.135552167892456055e+00,1.386582255363464355e+00,-6.521232128143310547e-01,-2.994541451334953308e-02,-2.548833191394805908e-01,9.659690856933593750e-01,-1.479725539684295654e-01,2.204373329877853394e-01,-5.748565196990966797e-01,-8.629089593887329102e-02,-5.233904719352722168e-02,6.055404543876647949e-01,-1.867702603340148926e-01,-4.719814658164978027e-02
-1.482360716909170151e-02,-2.202279567718505859e-01,5.898641943931579590e-01,1.530270874500274658e-01,-1.448876038193702698e-02,-8.948057293891906738e-01,4.191604256629943848e-01,6.511711478233337402e-01,1.960001289844512939e-01,7.029479146003723145e-01,-1.224462151527404785e+00,4.337988495826721191e-01,-3.232314288616180420e-01,-1.508110404014587402e+00,9.322344660758972168e-01,1.072009682655334473e+00,1.441655993461608887e+00,-6.557126045227050781e-01,-2.699793130159378052e-02,-2.479581236839294434e-01,9.512931704521179199e-01,-1.485444903373718262e-01,2.210576236248016357e-01,-5.708798170089721680e-01,-9.580975770950317383e-02,-5.096207931637763977e-02,6.145876049995422363e-01,-1.868312656879425049e-01,-4.540526121854782104e-02
-1.411872729659080505e-02,-2.204744219779968262e-01,5.910088419914245605e-01,1.543890088796615601e-01,-1.812206394970417023e-02,-8.905320167541503906e-01,4.275375604629516602e-01,6.746087074279785156e-01,1.926296204328536987e-01,6.525257229804992676e-01,-1.207193493843078613e+00,4.352052211761474609e-01,-3.733635544776916504e-01,-1.449200272560119629e+00,9.328486323356628418e-01,1.015277147293090820e+00,1.527292490005493164e+00,-6.460528373718261719e-01,-1.798441074788570404e-02,-2.567318379878997803e-01,9.289230108261108398e-01,-1.494518220424652100e-01,2.195269018411636353e-01,-5.694966912269592285e-01,-9.906990826129913330e-02,-4.233780503273010254e-02,6.109207272529602051e-01,-1.853963732719421387e-01,-4.671219736337661743e-02
-1.291285734623670578e-02,-2.210396230220794678e-01,5.931017398834228516e-01,1.564345955848693848e-01,-2.202204801142215729e-02,-8.848924040794372559e-01,4.381879866123199463e-01,6.912989020347595215e-01,1.610602736473083496e-01,6.120641827583312988e-01,-1.170053958892822266e+00,4.542455375194549561e-01,-4.573013186454772949e-01,-1.385037302970886230e+00,9.258317947387695312e-01,9.440370798110961914e-01,1.638487696647644043e+00,-6.282337307929992676e-01,-4.860016517341136932e-03,-2.533028721809387207e-01,9.026535153388977051e-01,-1.509467214345932007e-01,2.163136154413223267e-01,-5.623944997787475586e-01,-9.299015253782272339e-02,-2.142878435552120209e-02,5.888515114784240723e-01,-1.843006014823913574e-01,-5.079034343361854553e-02
-1.203725766390562057e-02,-2.207720130681991577e-01,5.951268076896667480e-01,1.575041115283966064e-01,-2.426859363913536072e-02,-8.812407851219177246e-01,4.449923634529113770e-01,6.874130368232727051e-01,1.402717977762222290e-01,5.714167952537536621e-01,-1.120195865631103516e+00,4.646073281764984131e-01,-6.119588613510131836e-01,-1.341054439544677734e+00,9.130129218101501465e-01,8.900169730186462402e-01,1.720281958580017090e+00,-6.009816527366638184e-01,1.033208612352609634e-02,-2.432338595390319824e-01,8.668486475944519043e-01,-1.516825705766677856e-01,2.055798321962356567e-01,-5.521748661994934082e-01,-8.311172574758529663e-02,-1.070099603384733200e-02,5.565189123153686523e-01,-1.815418601036071777e-01,-5.338868126273155212e-02
-1.198786124587059021e-02,-2.203668206930160522e-01,5.974633693695068359e-01,1.586884558200836182e-01,-2.546860836446285248e-02,-8.784880638122558594e-01,4.499200582504272461e-01,6.933570504188537598e-01,1.237477660179138184e-01,5.354670286178588867e-01,-1.072482109069824219e+00,4.894488155841827393e-01,-7.382299304008483887e-01,-1.352033615112304688e+00,9.118928313255310059e-01,8.683086037635803223e-01,1.771038770675659180e+00,-5.894055962562561035e-01,1.672749780118465424e-02,-2.342638969421386719e-01,8.462341427803039551e-01,-1.493899375200271606e-01,1.981357634067535400e-01,-5.381394028663635254e-01,-7.124181836843490601e-02,-6.290182005614042282e-03,5.065547823905944824e-01,-1.808938682079315186e-01,-5.630398914217948914e-02
-1.067961938679218292e-02,-2.199581116437911987e-01,5.987213850021362305e-01,1.613354682922363281e-01,-2.874299883842468262e-02,-8.731725215911865234e-01,4.590364098548889160e-01,6.852864623069763184e-01,1.232213154435157776e-01,4.804741144180297852e-01,-1.016719818115234375e+00,5.087403059005737305e-01,-8.647864460945129395e-01,-1.386100769042968750e+00,9.073563218116760254e-01,8.774662017822265625e-01,1.809509515762329102e+00,-5.675832629203796387e-01,2.829881757497787476e-02,-2.142197936773300171e-01,8.210352063179016113e-01,-1.493668705224990845e-01,1.868330985307693481e-01,-5.405751466751098633e-01,-6.612775474786758423e-02,9.826556779444217682e-04,4.789154827594757080e-01,-1.761054396629333496e-01,-5.865339562296867371e-02
-9.718580171465873718e-03,-2.192991226911544800e-01,5.990179181098937988e-01,1.632300317287445068e-01,-2.828583866357803345e-02,-8.713338375091552734e-01,4.618800580501556396e-01,6.677973270416259766e-01,1.179201528429985046e-01,4.377613961696624756e-01,-9.833973646163940430e-01,5.417632460594177246e-01,-9.443421959877014160e-01,-1.456692218780517578e+00,8.964368700981140137e-01,9.093863964080810547e-01,1.804183840751647949e+00,-5.393187403678894043e-01,3.452348336577415466e-02,-2.033379226922988892e-01,7.847904562950134277e-01,-1.492447257041931152e-01,1.812532395124435425e-01,-5.497652292251586914e-01,-6.272944808006286621e-02,5.841646343469619751e-03,4.651747047901153564e-01,-1.709741204977035522e-01,-5.791348218917846680e-02
-8.575569838285446167e-03,-2.185136377811431885e-01,5.978273153305053711e-01,1.624233275651931763e-01,-2.982303872704505920e-02,-8.676528930664062500e-01,4.689431488513946533e-01,6.331855654716491699e-01,1.288721114397048950e-01,3.998488783836364746e-01,-9.475353956222534180e-01,5.511593818664550781e-01,-1.026449918746948242e+00,-1.547731995582580566e+00,8.951267004013061523e-01,9.652383923530578613e-01,1.765536427497863770e+00,-5.189603567123413086e-01,2.988234907388687134e-02,-1.880713105201721191e-01,7.792593240737915039e-01,-1.457317620515823364e-01,1.767233312129974365e-01,-5.690225362777709961e-01,-6.620355695486068726e-02,1.233368832617998123e-02,4.925151169300079346e-01,-1.649213135242462158e-01,-5.679811164736747742e-02
-6.637684535235166550e-03,-2.176518887281417847e-01,5.960087180137634277e-01,1.629164814949035645e-01,-3.311906009912490845e-02,-8.628265261650085449e-01,4.773800373077392578e-01,6.038994193077087402e-01,1.487467586994171143e-01,3.533476293087005615e-01,-9.161958694458007812e-01,5.788279771804809570e-01,-1.065902352333068848e+00,-1.675537705421447754e+00,8.987206220626831055e-01,1.068734765052795410e+00,1.673458218574523926e+00,-4.934574663639068604e-01,1.664892025291919708e-02,-1.635959893465042114e-01,7.724783420562744141e-01,-1.440796554088592529e-01,1.725171506404876709e-01,-5.913887023925781250e-01,-7.319384813308715820e-02,1.820684038102626801e-02,5.321490168571472168e-01,-1.622279882431030273e-01,-5.429249256849288940e-02
-3.933394327759742737e-03,-2.169727683067321777e-01,5.930910706520080566e-01,1.646682918071746826e-01,-4.116488248109817505e-02,-8.545089960098266602e-01,4.909218251705169678e-01,5.804369449615478516e-01,1.489963978528976440e-01,2.929917871952056885e-01,-9.270794987678527832e-01,6.261079907417297363e-01,-1.047476172447204590e+00,-1.769561529159545898e+00,9.300159811973571777e-01,1.134628891944885254e+00,1.573133111000061035e+00,-4.781111478805541992e-01,1.859435229562222958e-03,-1.287002563476562500e-01,7.720581293106079102e-01,-1.422044038772583008e-01,1.712354272603988647e-01,-6.278222203254699707e-01,-9.153098613023757935e-02,3.033916093409061432e-02,6.043352484703063965e-01,-1.587458252906799316e-01,-4.930368810892105103e-02
-1.912149018608033657e-03,-2.158345133066177368e-01,5.884549021720886230e-01,1.574910879135131836e-01,-4.343177005648612976e-02,-8.510968089103698730e-01,4.989433586597442627e-01,5.420008897781372070e-01,1.571357548236846924e-01,2.524632513523101807e-01,-9.467176795005798340e-01,6.704939007759094238e-01,-9.719772934913635254e-01,-1.837437987327575684e+00,9.747698307037353516e-01,1.199629426002502441e+00,1.453128099441528320e+00,-4.632848799228668213e-01,3.392620244994759560e-03,-7.986503839492797852e-02,7.911049723625183105e-01,-1.461385190486907959e-01,1.601765006780624390e-01,-6.539335250854492188e-01,-1.097121909260749817e-01,1.001208741217851639e-02,6.853436231613159180e-01,-1.580753773450851440e-01,-4.324990510940551758e-02
2.216026041423901916e-04,-2.149692028760910034e-01,5.849399566650390625e-01,1.548455059528350830e-01,-4.654192924499511719e-02,-8.392783403396606445e-01,5.191035866737365723e-01,5.054258108139038086e-01,1.487000882625579834e-01,2.244829088449478149e-01,-9.714682698249816895e-01,6.470392942428588867e-01,-8.864971399307250977e-01,-1.858223915100097656e+00,1.000480055809020996e+00,1.216366767883300781e+00,1.405053496360778809e+00,-4.509956538677215576e-01,-9.821159765124320984e-04,-6.275813281536102295e-02,7.978762984275817871e-01,-1.442554444074630737e-01,1.585910320281982422e-01,-6.707052588462829590e-01,-1.200583726167678833e-01,-3.396313404664397240e-03,7.424446940422058105e-01,-1.547311842441558838e-01,-3.844037652015686035e-02
1.278675044886767864e-03,-2.141900509595870972e-01,5.814460515975952148e-01,1.487298309803009033e-01,-4.504017159342765808e-02,-8.360415697097778320e-01,5.261989831924438477e-01,4.803833365440368652e-01,1.187484785914421082e-01,2.083709239959716797e-01,-9.941502809524536133e-01,6.580376029014587402e-01,-7.719859480857849121e-01,-1.878685712814331055e+00,1.050362110137939453e+00,1.222036004066467285e+00,1.344797611236572266e+00,-4.333580434322357178e-01,6.045189686119556427e-03,-4.979581013321876526e-02,8.091780543327331543e-01,-1.464736759662628174e-01,1.549615412950515747e-01,-6.771371364593505859e-01,-1.264889240264892578e-01,-3.041588142514228821e-02,7.860059142112731934e-01,-1.535662114620208740e-01,-3.256122022867202759e-02
2.139945048838853836e-03,-2.139306515455245972e-01,5.812436342239379883e-01,1.419406086206436157e-01,-4.204876348376274109e-02,-8.279010653495788574e-01,5.409848093986511230e-01,4.460460841655731201e-01,1.084062308073043823e-01,2.015699893236160278e-01,-1.004275918006896973e+00,6.776531338691711426e-01,-6.597039699554443359e-01,-1.892256379127502441e+00,1.073523640632629395e+00,1.233973622322082520e+00,1.324466109275817871e+00,-4.219470620155334473e-01,3.307311236858367920e-02,-2.639024332165718079e-02,7.979885339736938477e-01,-1.548731327056884766e-01,1.427468359470367432e-01,-6.604536771774291992e-01,-1.261509656906127930e-01,-4.838135465979576111e-02,7.907539606094360352e-01,-1.540676057338714600e-01,-3.220386430621147156e-02
1.305763260461390018e-03,-2.133958637714385986e-01,5.827866792678833008e-01,1.362727880477905273e-01,-3.755246847867965698e-02,-8.271485567092895508e-01,5.439161658287048340e-01,4.099887311458587646e-01,7.988952100276947021e-02,2.269262373447418213e-01,-1.016927361488342285e+00,6.724908351898193359e-01,-5.973644256591796875e-01,-1.914443731307983398e+00,1.123603105545043945e+00,1.252230167388916016e+00,1.307316899299621582e+00,-4.138256013393402100e-01,5.547918751835823059e-02,-2.134422212839126587e-02,7.717611193656921387e-01,-1.594359278678894043e-01,1.272464096546173096e-01,-6.146422624588012695e-01,-1.321370303630828857e-01,-8.102190494537353516e-02,7.716434597969055176e-01,-1.566469669342041016e-01,-3.306070342659950256e-02
2.249910496175289154e-03,-2.137153297662734985e-01,5.834821462631225586e-01,1.336782127618789673e-01,-4.232391342520713806e-02,-8.126126527786254883e-01,5.656849741935729980e-01,4.114438295364379883e-01,8.121589571237564087e-02,2.298499047756195068e-01,-1.019841432571411133e+00,6.699635386466979980e-01,-5.946934819221496582e-01,-1.915665745735168457e+00,1.133540511131286621e+00,1.253614187240600586e+00,1.297573208808898926e+00,-4.088392555713653564e-01,5.573422461748123169e-02,-1.908464916050434113e-02,7.678933739662170410e-01,-1.583852618932723999e-01,1.271850615739822388e-01,-6.105763316154479980e-01,-1.308407634496688843e-01,-7.915794849395751953e-02,7.673783302307128906e-01,-1.552120149135589600e-01,-3.337610885500907898e-02
5.623496836051344872e-04,-2.135056853294372559e-01,5.890051126480102539e-01,1.293612122535705566e-01,-3.767888620495796204e-02,-8.070535063743591309e-01,5.749005079269409180e-01,3.895533084869384766e-01,6.917523592710494995e-02,2.606248259544372559e-01,-1.001208901405334473e+00,6.619567871093750000e-01,-6.028762459754943848e-01,-1.915331006050109863e+00,1.174847841262817383e+00,1.267124652862548828e+00,1.313579440116882324e+00,-4.178107976913452148e-01,8.296307176351547241e-02,-8.533767424523830414e-03,7.162670493125915527e-01,-1.633604466915130615e-01,1.076967492699623108e-01,-5.481368899345397949e-01,-1.324089318513870239e-01,-9.799569100141525269e-02,6.988322138786315918e-01,-1.605053097009658813e-01,-3.762528672814369202e-02
-1.042903750203549862e-04,-2.132875472307205200e-01,5.943033695220947266e-01,1.282653063535690308e-01,-3.896085172891616821e-02,-7.922335267066955566e-01,5.953117609024047852e-01,3.626272380352020264e-01,5.273668095469474792e-02,2.763325273990631104e-01,-9.535697698593139648e-01,6.846391558647155762e-01,-6.443605422973632812e-01,-1.932076930999755859e+00,1.220185399055480957e+00,1.289470553398132324e+00,1.294808387756347656e+00,-4.112357199192047119e-01,1.025679707527160645e-01,2.427773550152778625e-02,6.416638493537902832e-01,-1.673875004053115845e-01,8.804281800985336304e-02,-4.951421320438385010e-01,-1.376023441553115845e-01,-1.130999326705932617e-01,6.311364769935607910e-01,-1.608080267906188965e-01,-3.759352490305900574e-02
-1.212539034895598888e-03,-2.130350768566131592e-01,5.993524193763732910e-01,1.275174021720886230e-01,-4.217072576284408569e-02,-7.741017937660217285e-01,6.186496019363403320e-01,3.212324082851409912e-01,6.131051108241081238e-02,2.838264107704162598e-01,-9.184405803680419922e-01,6.793943047523498535e-01,-6.722548007965087891e-01,-1.923809409141540527e+00,1.267460227012634277e+00,1.303352117538452148e+00,1.317206025123596191e+00,-4.032966494560241699e-01,1.187404170632362366e-01,4.081258922815322876e-02,5.531877279281616211e-01,-1.683790385723114014e-01,7.371056824922561646e-02,-4.395503997802734375e-01,-1.395828127861022949e-01,-1.240994632244110107e-01,5.664642453193664551e-01,-1.602777391672134399e-01,-4.037347063422203064e-02
-2.698455005884170532e-03,-2.118487209081649780e-01,6.028466820716857910e-01,1.256744414567947388e-01,-4.547270387411117554e-02,-7.569994330406188965e-01,6.396014094352722168e-01,2.595321834087371826e-01,6.369817256927490234e-02,3.025103509426116943e-01,-8.831226825714111328e-01,6.647813916206359863e-01,-7.094241976737976074e-01,-1.916126012802124023e+00,1.308920502662658691e+00,1.340463876724243164e+00,1.323678612709045410e+00,-3.833358585834503174e-01,1.244761720299720764e-01,6.511649489402770996e-02,4.290323257446289062e-01,-1.675719022750854492e-01,5.988370254635810852e-02,-3.813587427139282227e-01,-1.534660458564758301e-01,-1.499425172805786133e-01,5.296388268470764160e-01,-1.568906158208847046e-01,-4.049119725823402405e-02
-4.187734797596931458e-03,-2.104365229606628418e-01,6.042194962501525879e-01,1.180365309119224548e-01,-5.048251524567604065e-02,-7.481703758239746094e-01,6.509684920310974121e-01,2.117080837488174438e-01,7.065370678901672363e-02,3.301461935043334961e-01,-8.674224615097045898e-01,6.409479975700378418e-01,-7.163577079772949219e-01,-1.861027836799621582e+00,1.375372052192687988e+00,1.381235480308532715e+00,1.315831780433654785e+00,-3.764828741550445557e-01,1.337210386991500854e-01,7.438095659017562866e-02,3.493620157241821289e-01,-1.614773720502853394e-01,5.258292332291603088e-02,-3.403853476047515869e-01,-1.731664985418319702e-01,-1.684280931949615479e-01,5.309051871299743652e-01,-1.533243954181671143e-01,-4.108792170882225037e-02
-4.783738404512405396e-03,-2.078512758016586304e-01,6.037465333938598633e-01,1.173603162169456482e-01,-4.916466027498245239e-02,-7.380197644233703613e-01,6.626735925674438477e-01,1.266972571611404419e-01,8.688054978847503662e-02,3.211774826049804688e-01,-8.794397711753845215e-01,5.870365500450134277e-01,-6.966187357902526855e-01,-1.819036841392517090e+00,1.442134261131286621e+00,1.415461421012878418e+00,1.279530644416809082e+00,-3.770127296447753906e-01,1.435340940952301025e-01,9.306199103593826294e-02,2.922868132591247559e-01,-1.549982875585556030e-01,4.630327969789505005e-02,-2.979957461357116699e-01,-1.899402737617492676e-01,-1.893238723278045654e-01,5.363187193870544434e-01,-1.484673321247100830e-01,-3.896338120102882385e-02
-5.010136403143405914e-03,-2.057913988828659058e-01,6.027439236640930176e-01,1.139120012521743774e-01,-5.101174116134643555e-02,-7.274938821792602539e-01,6.746662259101867676e-01,8.977209031581878662e-02,9.319914877414703369e-02,3.090974092483520508e-01,-9.288330078125000000e-01,4.959135651588439941e-01,-6.142233014106750488e-01,-1.760297894477844238e+00,1.505416870117187500e+00,1.486970305442810059e+00,1.239001035690307617e+00,-3.800218403339385986e-01,1.428412050008773804e-01,8.000612258911132812e-02,2.538696825504302979e-01,-1.476743072271347046e-01,4.876824095845222473e-02,-2.608045935630798340e-01,-2.041293382644653320e-01,-2.218329906463623047e-01,5.434486269950866699e-01,-1.469183862209320068e-01,-3.615573421120643616e-02
-4.973371978849172592e-03,-2.034560590982437134e-01,6.006841063499450684e-01,1.109426319599151611e-01,-5.524459108710289001e-02,-7.151029706001281738e-01,6.879444122314453125e-01,4.435404762625694275e-02,9.621570259332656860e-02,2.883923947811126709e-01,-9.673622846603393555e-01,3.889133036136627197e-01,-5.605329871177673340e-01,-1.720069646835327148e+00,1.559362530708312988e+00,1.572301149368286133e+00,1.164980292320251465e+00,-3.902609348297119141e-01,1.482100039720535278e-01,5.895883217453956604e-02,2.444730103015899658e-01,-1.388842165470123291e-01,4.703354835510253906e-02,-2.278847098350524902e-01,-1.950093060731887817e-01,-2.236787229776382446e-01,5.603910684585571289e-01,-1.406809389591217041e-01,-4.238399490714073181e-02
-4.995970986783504486e-03,-2.013991177082061768e-01,5.974525213241577148e-01,1.031455919146537781e-01,-5.304796248674392700e-02,-7.128939032554626465e-01,6.916134953498840332e-01,4.657472018152475357e-04,9.532813727855682373e-02,2.535155713558197021e-01,-9.996486306190490723e-01,3.195300400257110596e-01,-5.256762504577636719e-01,-1.660684943199157715e+00,1.616788029670715332e+00,1.627664566040039062e+00,1.101640820503234863e+00,-3.969186246395111084e-01,1.574676334857940674e-01,3.800889477133750916e-02,2.413079142570495605e-01,-1.318326741456985474e-01,4.584705829620361328e-02,-2.175588160753250122e-01,-1.901708394289016724e-01,-2.288135141134262085e-01,5.948078036308288574e-01,-1.345208436250686646e-01,-4.763366654515266418e-02
-5.114307161420583725e-03,-1.994354724884033203e-01,5.944581031799316406e-01,9.101323038339614868e-02,-4.852169007062911987e-02,-7.071712017059326172e-01,6.994792222976684570e-01,-3.883328055962920189e-03,1.019773259758949280e-01,2.573347389698028564e-01,-1.028998017311096191e+00,2.344204336404800415e-01,-5.566390156745910645e-01,-1.597658991813659668e+00,1.677395224571228027e+00,1.653358459472656250e+00,1.031800150871276855e+00,-4.100233614444732666e-01,1.728376001119613647e-01,3.686837479472160339e-02,2.586337029933929443e-01,-1.267308890819549561e-01,4.133889451622962952e-02,-1.905793696641921997e-01,-1.898065507411956787e-01,-2.648277580738067627e-01,6.113375425338745117e-01,-1.336965113878250122e-01,-4.851670935750007629e-02
-4.797870293259620667e-03,-1.977501809597015381e-01,5.946310758590698242e-01,8.189681172370910645e-02,-4.787925630807876587e-02,-6.936660408973693848e-01,7.140223383903503418e-01,-2.773501537740230560e-02,9.996130317449569702e-02,2.414073646068572998e-01,-1.027546644210815430e+00,2.600004971027374268e-01,-5.884512662887573242e-01,-1.522688508033752441e+00,1.684667825698852539e+00,1.686059832572937012e+00,9.933589696884155273e-01,-4.470684826374053955e-01,1.946246027946472168e-01,4.373470321297645569e-02,2.966810166835784912e-01,-1.221024245023727417e-01,3.121529147028923035e-02,-1.627640426158905029e-01,-1.644405126571655273e-01,-2.954319715499877930e-01,5.959349870681762695e-01,-1.312546879053115845e-01,-4.858786240220069885e-02
-6.068804301321506500e-03,-1.964134424924850464e-01,5.933294892311096191e-01,6.204212456941604614e-02,-3.848566859960556030e-02,-6.861584186553955078e-01,7.237791419029235840e-01,-2.804057300090789795e-02,1.059773266315460205e-01,2.837549448013305664e-01,-1.003873109817504883e+00,2.984976172447204590e-01,-7.067116498947143555e-01,-1.443336486816406250e+00,1.710070252418518066e+00,1.682811141014099121e+00,9.828376173973083496e-01,-4.688936173915863037e-01,2.109088897705078125e-01,1.980641670525074005e-02,3.116469681262969971e-01,-1.196923255920410156e-01,2.999723330140113831e-02,-1.262993365526199341e-01,-1.285241544246673584e-01,-3.115439116954803467e-01,5.780653953552246094e-01,-1.318233907222747803e-01,-5.747702717781066895e-02
-8.003143593668937683e-03,-1.958073973655700684e-01,5.955442190170288086e-01,4.917892813682556152e-02,-3.087596967816352844e-02,-6.849378943443298340e-01,7.262837886810302734e-01,-2.280473150312900543e-02,1.076717898249626160e-01,3.252702355384826660e-01,-9.220986962318420410e-01,3.843305706977844238e-01,-8.530023097991943359e-01,-1.373248577117919922e+00,1.727883696556091309e+00,1.681461334228515625e+00,9.711186885833740234e-01,-4.826807081699371338e-01,2.208740115165710449e-01,-1.915331557393074036e-02,3.129865527153015137e-01,-1.162062287330627441e-01,2.789468690752983093e-02,-9.595587104558944702e-02,-7.789395004510879517e-02,-3.093071877956390381e-01,5.193512439727783203e-01,-1.317003816366195679e-01,-6.977769732475280762e-02
-9.967644698917865753e-03,-1.945333331823348999e-01,5.962968468666076660e-01,3.654457628726959229e-02,-1.858970895409584045e-02,-6.712638735771179199e-01,7.400835752487182617e-01,-2.927268506027758121e-04,1.231181323528289795e-01,3.875587880611419678e-01,-8.670479655265808105e-01,3.531830012798309326e-01,-9.867560863494873047e-01,-1.262057542800903320e+00,1.729129076004028320e+00,1.613364577293395996e+00,9.357838034629821777e-01,-4.951807260513305664e-01,2.256498336791992188e-01,-6.324493139982223511e-02,2.903016805648803711e-01,-1.095751076936721802e-01,2.645060978829860687e-02,-6.836079061031341553e-02,-2.814678847789764404e-02,-3.161941766738891602e-01,4.684270620346069336e-01,-1.305154860019683838e-01,-7.929216325283050537e-02
-1.169738080352544785e-02,-1.934242099523544312e-01,5.965254902839660645e-01,1.686226204037666321e-02,-7.918342947959899902e-03,-6.582241058349609375e-01,7.525915503501892090e-01,3.377068787813186646e-02,1.603589206933975220e-01,4.149487912654876709e-01,-8.396218419075012207e-01,3.500698804855346680e-01,-1.073550581932067871e+00,-1.140213370323181152e+00,1.726736068725585938e+00,1.581569314002990723e+00,9.259434938430786133e-01,-5.042733550071716309e-01,2.375206202268600464e-01,-9.555353969335556030e-02,2.922961711883544922e-01,-1.054921299219131470e-01,2.590041793882846832e-02,-3.050658851861953735e-02,2.323953434824943542e-02,-3.239889442920684814e-01,4.180308878421783447e-01,-1.308809667825698853e-01,-8.738486468791961670e-02
-1.300588063895702362e-02,-1.924044489860534668e-01,5.947775244712829590e-01,5.719751352444291115e-04,8.216322748921811581e-05,-6.437218785285949707e-01,7.652593255043029785e-01,7.067185640335083008e-02,1.892086863517761230e-01,4.402224123477935791e-01,-8.231622576713562012e-01,3.404671251773834229e-01,-1.101888895034790039e+00,-1.030285239219665527e+00,1.733111143112182617e+00,1.556089520454406738e+00,8.674721121788024902e-01,-5.109348893165588379e-01,2.408579438924789429e-01,-1.270406097173690796e-01,3.178707361221313477e-01,-1.026150807738304138e-01,2.330855093896389008e-02,1.595225650817155838e-03,6.066973879933357239e-02,-3.354646563529968262e-01,3.949877619743347168e-01,-1.319077014923095703e-01,-9.282728284597396851e-02
-1.380046084523200989e-02,-1.924915909767150879e-01,5.932647585868835449e-01,-8.943747729063034058e-03,7.532022893428802490e-03,-6.238611936569213867e-01,7.814476490020751953e-01,1.137341037392616272e-01,2.389567047357559204e-01,4.732393920421600342e-01,-8.421307206153869629e-01,3.141557574272155762e-01,-1.081204771995544434e+00,-9.081500768661499023e-01,1.708244919776916504e+00,1.525279879570007324e+00,8.103745579719543457e-01,-5.163627266883850098e-01,2.392970621585845947e-01,-1.276576519012451172e-01,3.418388366699218750e-01,-1.018875911831855774e-01,1.742589287459850311e-02,2.868041396141052246e-02,8.095248043537139893e-02,-3.364047110080718994e-01,3.688881099224090576e-01,-1.357940286397933960e-01,-9.680070728063583374e-02
-1.396740134805440903e-02,-1.923538744449615479e-01,5.898253917694091797e-01,-2.503029257059097290e-02,5.790945608168840408e-03,-6.007871627807617188e-01,7.989960908889770508e-01,1.547243148088455200e-01,2.684171199798583984e-01,5.482988357543945312e-01,-9.181779623031616211e-01,1.856331825256347656e-01,-9.622893333435058594e-01,-7.931597828865051270e-01,1.664815187454223633e+00,1.532443523406982422e+00,7.955835461616516113e-01,-5.432916879653930664e-01,2.246825248003005981e-01,-1.437606811523437500e-01,4.205168485641479492e-01,-9.859031438827514648e-02,1.054589357227087021e-02,6.404316425323486328e-02,1.046636030077934265e-01,-3.361007273197174072e-01,3.739996552467346191e-01,-1.371656358242034912e-01,-1.011162027716636658e-01
-1.358574721962213516e-02,-1.918399631977081299e-01,5.837427377700805664e-01,-3.599875792860984802e-02,-3.051547333598136902e-03,-5.739179253578186035e-01,8.181155323982238770e-01,2.472490072250366211e-01,3.276548385620117188e-01,5.707613825798034668e-01,-9.676278829574584961e-01,8.807865530252456665e-02,-8.605684638023376465e-01,-6.232125759124755859e-01,1.607822179794311523e+00,1.488187313079833984e+00,7.212628126144409180e-01,-5.449752211570739746e-01,2.106568813323974609e-01,-1.335774064064025879e-01,4.832981228828430176e-01,-1.011478602886199951e-01,1.067561190575361252e-02,9.892942011356353760e-02,1.040670126676559448e-01,-3.320279121398925781e-01,4.192358255386352539e-01,-1.347612738609313965e-01,-1.035763621330261230e-01
-1.271444093436002731e-02,-1.931086480617523193e-01,5.785443186759948730e-01,-4.187610000371932983e-02,-1.467660628259181976e-02,-5.478063821792602539e-01,8.354275226593017578e-01,3.017031252384185791e-01,3.854667544364929199e-01,5.759126543998718262e-01,-9.879516363143920898e-01,1.279015280306339264e-02,-7.808673977851867676e-01,-4.453580379486083984e-01,1.540428757667541504e+00,1.427419543266296387e+00,6.214889883995056152e-01,-5.476722121238708496e-01,1.838004887104034424e-01,-1.311611831188201904e-01,5.669453144073486328e-01,-1.059572622179985046e-01,1.676906831562519073e-02,1.164748966693878174e-01,1.006235256791114807e-01,-3.158378303050994873e-01,4.695931375026702881e-01,-1.341104209423065186e-01,-1.080825552344322205e-01
-1.151025854051113129e-02,-1.942389011383056641e-01,5.722680687904357910e-01,-3.765035793185234070e-02,-2.318430133163928986e-02,-5.214701890945434570e-01,8.521230816841125488e-01,3.797465860843658447e-01,4.232088029384613037e-01,5.891915559768676758e-01,-9.816156625747680664e-01,-4.892125725746154785e-02,-7.884262204170227051e-01,-2.863557636737823486e-01,1.490465760231018066e+00,1.305192947387695312e+00,4.963754415512084961e-01,-5.218034386634826660e-01,1.579998731613159180e-01,-1.263987869024276733e-01,5.943184494972229004e-01,-1.143481731414794922e-01,2.303484082221984863e-02,1.040416136384010315e-01,8.842808008193969727e-02,-2.966659963130950928e-01,5.483301281929016113e-01,-1.305908858776092529e-01,-1.122632920742034912e-01
-8.780403994023799896e-03,-1.969440728425979614e-01,5.668826103210449219e-01,-2.278172038495540619e-02,-3.350782766938209534e-02,-4.956899285316467285e-01,8.675538897514343262e-01,4.325486719608306885e-01,4.708941578865051270e-01,5.652535557746887207e-01,-9.946048855781555176e-01,-7.193493843078613281e-02,-8.556801080703735352e-01,-1.204318925738334656e-01,1.422402262687683105e+00,1.169877886772155762e+00,3.895233869552612305e-01,-4.891280531883239746e-01,1.181354150176048279e-01,-1.109077706933021545e-01,5.961342453956604004e-01,-1.211265623569488525e-01,3.161259740591049194e-02,5.592349916696548462e-02,5.216588452458381653e-02,-2.655337750911712646e-01,6.509447693824768066e-01,-1.277673393487930298e-01,-1.135283485054969788e-01
-5.997907835990190506e-03,-2.001674622297286987e-01,5.611237287521362305e-01,-1.551149040460586548e-02,-3.823533281683921814e-02,-4.775743484497070312e-01,8.776218891143798828e-01,4.312086701393127441e-01,4.830260574817657471e-01,5.442419648170471191e-01,-9.729802608489990234e-01,-1.079908162355422974e-01,-9.640702009201049805e-01,2.981087937951087952e-02,1.352253913879394531e+00,1.024650812149047852e+00,3.092472553253173828e-01,-4.652268886566162109e-01,9.273022413253784180e-02,-1.022426337003707886e-01,6.020356416702270508e-01,-1.283862143754959106e-01,4.216907545924186707e-02,-1.687881723046302795e-02,2.365215867757797241e-02,-2.203903198242187500e-01,7.640483975410461426e-01,-1.244911998510360718e-01,-1.204677000641822815e-01
-3.094484331086277962e-03,-2.028931379318237305e-01,5.622216463088989258e-01,-4.028135910630226135e-03,-4.066818952560424805e-02,-4.592157602310180664e-01,8.873842358589172363e-01,4.551161527633666992e-01,5.054922103881835938e-01,4.684161841869354248e-01,-9.510586261749267578e-01,-6.980998069047927856e-02,-1.130457520484924316e+00,1.750220507383346558e-01,1.277960181236267090e+00,8.365053534507751465e-01,2.898770272731781006e-01,-4.395177662372589111e-01,6.530979275703430176e-02,-7.107802480459213257e-02,5.668706893920898438e-01,-1.326120495796203613e-01,5.231070891022682190e-02,-9.383845329284667969e-02,-2.051056176424026489e-02,-1.696982681751251221e-01,8.765444755554199219e-01,-1.232545301318168640e-01,-1.251060962677001953e-01
4.686709144152700901e-04,-2.067582011222839355e-01,5.666382908821105957e-01,4.783127922564744949e-03,-4.021362215280532837e-02,-4.569040238857269287e-01,8.885936737060546875e-01,4.401001334190368652e-01,5.121548175811767578e-01,3.814276158809661865e-01,-9.289414882659912109e-01,-3.662172332406044006e-02,-1.348862528800964355e+00,2.984166145324707031e-01,1.204601526260375977e+00,6.801431775093078613e-01,2.921921014785766602e-01,-4.055271148681640625e-01,3.744813054800033569e-02,-5.794516205787658691e-02,5.314933657646179199e-01,-1.386776119470596313e-01,6.474941223859786987e-02,-1.936595886945724487e-01,-5.595073848962783813e-02,-1.161384433507919312e-01,9.653491377830505371e-01,-1.241213008761405945e-01,-1.242805272340774536e-01
3.857954172417521477e-03,-2.101297378540039062e-01,5.718741416931152344e-01,7.907838560640811920e-03,-4.124470055103302002e-02,-4.540337622165679932e-01,8.899942040443420410e-01,3.976674973964691162e-01,5.185711979866027832e-01,2.560411989688873291e-01,-8.479397892951965332e-01,1.029482949525117874e-02,-1.534726142883300781e+00,4.168200492858886719e-01,1.157278776168823242e+00,5.820871591567993164e-01,2.931761741638183594e-01,-3.612504005432128906e-01,1.832171715795993805e-02,-3.563741222023963928e-02,4.513653218746185303e-01,-1.477712988853454590e-01,7.955887913703918457e-02,-2.889752388000488281e-01,-8.456517755985260010e-02,-6.306123733520507812e-02,1.023291707038879395e+00,-1.243486627936363220e-01,-1.240659952163696289e-01
5.817514378577470779e-03,-2.130965739488601685e-01,5.762827992439270020e-01,8.604913018643856049e-03,-4.229193553328514099e-02,-4.701815247535705566e-01,8.815138339996337891e-01,3.310609161853790283e-01,5.268526673316955566e-01,4.330316558480262756e-02,-7.337354421615600586e-01,1.272635757923126221e-01,-1.660202860832214355e+00,5.236911773681640625e-01,1.107475519180297852e+00,4.731119573116302490e-01,3.156633377075195312e-01,-3.202956020832061768e-01,-1.958224893314763904e-04,-4.588028881698846817e-03,3.884095251560211182e-01,-1.553961485624313354e-01,8.383492380380630493e-02,-3.755732476711273193e-01,-1.062562316656112671e-01,-1.351560279726982117e-02,1.054758906364440918e+00,-1.285787224769592285e-01,-1.185080334544181824e-01
8.227732963860034943e-03,-2.159548997879028320e-01,5.787713527679443359e-01,7.738381624221801758e-03,-4.987341910600662231e-02,-4.881483018398284912e-01,8.713001608848571777e-01,2.479506134986877441e-01,5.423923730850219727e-01,-1.974085718393325806e-01,-6.410670876502990723e-01,2.075546383857727051e-01,-1.732890248298645020e+00,6.070808768272399902e-01,1.061107039451599121e+00,3.996138274669647217e-01,3.171375989913940430e-01,-2.833507359027862549e-01,-1.906632818281650543e-02,1.605144701898097992e-02,3.592745959758758545e-01,-1.654423922300338745e-01,9.367536753416061401e-02,-4.515157341957092285e-01,-1.144026666879653931e-01,5.363715067505836487e-02,1.081071376800537109e+00,-1.318109631538391113e-01,-1.167616918683052063e-01
1.027623657137155533e-02,-2.179068177938461304e-01,5.802496075630187988e-01,1.061389409005641937e-02,-5.745987594127655029e-02,-5.084080100059509277e-01,8.591315150260925293e-01,1.458365768194198608e-01,5.577751994132995605e-01,-5.090851783752441406e-01,-6.225208640098571777e-01,3.360554873943328857e-01,-1.764412879943847656e+00,6.826587915420532227e-01,9.927236437797546387e-01,3.277196586132049561e-01,3.445644080638885498e-01,-2.490218728780746460e-01,-4.201159253716468811e-02,3.038175776600837708e-02,3.342838883399963379e-01,-1.725542694330215454e-01,1.046846657991409302e-01,-5.077509880065917969e-01,-1.146425753831863403e-01,1.077480688691139221e-01,1.087187409400939941e+00,-1.382192820310592651e-01,-1.089042276144027710e-01
1.273006107658147812e-02,-2.199121564626693726e-01,5.806931257247924805e-01,1.239153556525707245e-02,-6.860958039760589600e-02,-5.232896208763122559e-01,8.492980003356933594e-01,4.338257759809494019e-02,5.572517514228820801e-01,-8.480831980705261230e-01,-6.188617348670959473e-01,4.815646111965179443e-01,-1.798265218734741211e+00,7.674270868301391602e-01,9.472188949584960938e-01,2.869308292865753174e-01,3.442550599575042725e-01,-2.171962261199951172e-01,-6.325954943895339966e-02,3.564110025763511658e-02,3.238038718700408936e-01,-1.796812713146209717e-01,1.153102889657020569e-01,-5.484326481819152832e-01,-1.055593192577362061e-01,1.543753147125244141e-01,1.085055470466613770e+00,-1.446647644042968750e-01,-1.040937975049018860e-01
1.387389842420816422e-02,-2.207093983888626099e-01,5.806798934936523438e-01,1.055060606449842453e-02,-7.418348640203475952e-02,-5.388768315315246582e-01,8.390454649925231934e-01,-7.222371548414230347e-02,5.501734614372253418e-01,-1.200817465782165527e+00,-6.735951900482177734e-01,6.718009710311889648e-01,-1.768021941184997559e+00,8.241459131240844727e-01,9.182475209236145020e-01,2.135409563779830933e-01,3.485990166664123535e-01,-2.078580856323242188e-01,-7.026870548725128174e-02,5.494097992777824402e-02,3.539144396781921387e-01,-1.833038628101348877e-01,1.155456602573394775e-01,-5.672898292541503906e-01,-8.645042032003402710e-02,1.736181676387786865e-01,1.091169834136962891e+00,-1.484345942735671997e-01,-1.035229712724685669e-01
1.487824041396379471e-02,-2.214949131011962891e-01,5.795810222625732422e-01,5.963687319308519363e-03,-7.733494788408279419e-02,-5.564362406730651855e-01,8.272620439529418945e-01,-1.690677851438522339e-01,5.359393358230590820e-01,-1.501376032829284668e+00,-7.328134775161743164e-01,8.421667814254760742e-01,-1.767458319664001465e+00,8.756989240646362305e-01,9.039037227630615234e-01,1.177263706922531128e-01,3.593159914016723633e-01,-2.182046324014663696e-01,-6.978631019592285156e-02,8.661223948001861572e-02,4.208805561065673828e-01,-1.858232170343399048e-01,1.097510159015655518e-01,-5.840495228767395020e-01,-5.896985530853271484e-02,1.838264167308807373e-01,1.112349390983581543e+00,-1.509544700384140015e-01,-1.074242740869522095e-01
1.468197442591190338e-02,-2.218557149171829224e-01,5.785730481147766113e-01,2.955257194116711617e-03,-7.501996308565139771e-02,-5.763298869132995605e-01,8.137611150741577148e-01,-2.498303800821304321e-01,5.148701071739196777e-01,-1.702948808670043945e+00,-7.964351177215576172e-01,9.727925658226013184e-01,-1.747251868247985840e+00,8.670762181282043457e-01,9.053187370300292969e-01,6.471034139394760132e-02,3.379996716976165771e-01,-2.231860607862472534e-01,-5.085201561450958252e-02,1.107726171612739563e-01,4.704168140888214111e-01,-1.881411522626876831e-01,1.015565469861030579e-01,-5.922761559486389160e-01,-3.786886483430862427e-02,1.744924336671829224e-01,1.116004586219787598e+00,-1.498702317476272583e-01,-1.104106828570365906e-01
1.400581654161214828e-02,-2.218414843082427979e-01,5.758869647979736328e-01,3.153459401801228523e-03,-7.246751338243484497e-02,-5.967050790786743164e-01,7.991755604743957520e-01,-3.024702370166778564e-01,4.969056844711303711e-01,-1.830112695693969727e+00,-8.479146957397460938e-01,1.040977358818054199e+00,-1.754229068756103516e+00,8.398869633674621582e-01,8.995736241340637207e-01,6.102403625845909119e-02,3.429967463016510010e-01,-2.370955497026443481e-01,-3.459778800606727600e-02,1.137680187821388245e-01,5.311108827590942383e-01,-1.864899545907974243e-01,9.776685386896133423e-02,-6.079909801483154297e-01,-1.495956722646951675e-02,1.571570038795471191e-01,1.136803030967712402e+00,-1.461796909570693970e-01,-1.139832809567451477e-01
1.261512748897075653e-02,-2.218536287546157837e-01,5.736174583435058594e-01,6.872193422168493271e-03,-6.335934251546859741e-02,-6.135189533233642578e-01,7.871040701866149902e-01,-3.218246996402740479e-01,4.572567641735076904e-01,-1.908896923065185547e+00,-8.617768883705139160e-01,1.094684600830078125e+00,-1.788092732429504395e+00,7.916801571846008301e-01,8.984072208404541016e-01,1.020465567708015442e-01,3.649745583534240723e-01,-2.533750534057617188e-01,-1.805682852864265442e-02,1.042123734951019287e-01,5.795915722846984863e-01,-1.864984631538391113e-01,9.428633004426956177e-02,-6.259803771972656250e-01,-7.043005432933568954e-03,1.306913197040557861e-01,1.129207015037536621e+00,-1.468716412782669067e-01,-1.181364730000495911e-01
1.160605531185865402e-02,-2.201981395483016968e-01,5.731139183044433594e-01,1.058633718639612198e-02,-5.099830031394958496e-02,-6.302292346954345703e-01,7.746600508689880371e-01,-3.242401778697967529e-01,4.220555126667022705e-01,-1.920397996902465820e+00,-8.815740346908569336e-01,1.100451827049255371e+00,-1.800227403640747070e+00,7.134252190589904785e-01,9.127382636070251465e-01,1.057462915778160095e-01,3.748467266559600830e-01,-2.582027316093444824e-01,3.633645595982670784e-03,1.254193782806396484e-01,5.945236086845397949e-01,-1.888375282287597656e-01,8.619698137044906616e-02,-6.276217699050903320e-01,-2.725116442888975143e-03,1.009302288293838501e-01,1.110871911048889160e+00,-1.418918967247009277e-01,-1.160059794783592224e-01
9.733286686241626740e-03,-2.186138778924942017e-01,5.740156769752502441e-01,1.529428642243146896e-02,-3.956197947263717651e-02,-6.459220647811889648e-01,7.622241377830505371e-01,-3.298534154891967773e-01,3.874545097351074219e-01,-1.907806992530822754e+00,-8.806017637252807617e-01,1.092051148414611816e+00,-1.822808861732482910e+00,6.400772333145141602e-01,9.327062368392944336e-01,1.346920132637023926e-01,3.821268677711486816e-01,-2.547727227210998535e-01,1.987568661570549011e-02,1.385533511638641357e-01,5.834304094314575195e-01,-1.912750303745269775e-01,7.916973531246185303e-02,-6.270208954811096191e-01,-2.358308993279933929e-02,6.703617423772811890e-02,1.084223628044128418e+00,-1.413798183202743530e-01,-1.036972105503082275e-01
8.056648075580596924e-03,-2.168548256158828735e-01,5.755833387374877930e-01,1.993762142956256866e-02,-3.113704919815063477e-02,-6.587793231010437012e-01,7.514271736145019531e-01,-3.231337964534759521e-01,3.661141693592071533e-01,-1.866100907325744629e+00,-8.611879348754882812e-01,1.103277921676635742e+00,-1.813752293586730957e+00,5.537588596343994141e-01,9.674291014671325684e-01,1.764784306287765503e-01,4.252512454986572266e-01,-2.419184744358062744e-01,3.391928970813751221e-02,1.425386369228363037e-01,5.502966046333312988e-01,-1.907418966293334961e-01,7.443843781948089600e-02,-6.226912736892700195e-01,-5.525730922818183899e-02,2.574904263019561768e-02,1.054470300674438477e+00,-1.398963928222656250e-01,-8.954804390668869019e-02
6.350842304527759552e-03,-2.155748158693313599e-01,5.780712962150573730e-01,2.483111247420310974e-02,-2.325863577425479889e-02,-6.708645820617675781e-01,7.407990097999572754e-01,-3.045831620693206787e-01,3.419043719768524170e-01,-1.843005299568176270e+00,-8.438114523887634277e-01,1.120039582252502441e+00,-1.794952750205993652e+00,4.827223420143127441e-01,9.975051879882812500e-01,2.031832635402679443e-01,4.763503670692443848e-01,-2.176277488470077515e-01,4.581273347139358521e-02,1.477448195219039917e-01,4.930459558963775635e-01,-1.913821697235107422e-01,7.014492899179458618e-02,-5.969876646995544434e-01,-7.894276827573776245e-02,-7.798682898283004761e-03,9.756568670272827148e-01,-1.406400948762893677e-01,-7.931099086999893188e-02
3.935646265745162964e-03,-2.145006060600280762e-01,5.831257104873657227e-01,2.523027919232845306e-02,-1.030831132084131241e-02,-6.858292818069458008e-01,7.272519469261169434e-01,-2.818409800529479980e-01,3.241125941276550293e-01,-1.794579386711120605e+00,-8.207511305809020996e-01,1.117176055908203125e+00,-1.765193939208984375e+00,4.275410473346710205e-01,1.037078857421875000e+00,2.288633286952972412e-01,5.492159128189086914e-01,-1.961978822946548462e-01,5.453889071941375732e-02,1.523724347352981567e-01,4.125267565250396729e-01,-1.913806349039077759e-01,6.789176166057586670e-02,-5.671401619911193848e-01,-1.037838086485862732e-01,-4.638800024986267090e-02,8.995180130004882812e-01,-1.394231617450714111e-01,-6.868068128824234009e-02
2.499806694686412811e-03,-2.135929167270660400e-01,5.841687321662902832e-01,3.212819993495941162e-02,-6.093928590416908264e-03,-6.956828832626342773e-01,7.176043391227722168e-01,-2.549785971641540527e-01,3.184201121330261230e-01,-1.766446232795715332e+00,-8.156563639640808105e-01,1.135357499122619629e+00,-1.697254538536071777e+00,3.908367753028869629e-01,1.062436938285827637e+00,2.510454654693603516e-01,6.391399502754211426e-01,-1.759184449911117554e-01,6.349264085292816162e-02,1.625323593616485596e-01,3.633042275905609131e-01,-1.886309087276458740e-01,6.739414483308792114e-02,-5.253043174743652344e-01,-1.173174232244491577e-01,-7.114399224519729614e-02,8.028724193572998047e-01,-1.418472975492477417e-01,-5.814185738563537598e-02
9.889916982501745224e-04,-2.128238528966903687e-01,5.871844887733459473e-01,2.839158289134502411e-02,-2.487828256562352180e-03,-7.111555337905883789e-01,7.024567723274230957e-01,-2.185205519199371338e-01,3.285827636718750000e-01,-1.739886164665222168e+00,-8.242097496986389160e-01,1.176621198654174805e+00,-1.622351408004760742e+00,3.473660349845886230e-01,1.063140034675598145e+00,2.766963243484497070e-01,7.393282055854797363e-01,-1.685632467269897461e-01,7.127652317285537720e-02,1.793100535869598389e-01,3.231562972068786621e-01,-1.866705268621444702e-01,6.093169748783111572e-02,-4.884926378726959229e-01,-1.334188878536224365e-01,-9.660111367702484131e-02,7.289230227470397949e-01,-1.428957879543304443e-01,-4.976203665137290955e-02
-2.347829140489920974e-04,-2.125456929206848145e-01,5.881904959678649902e-01,2.244195342063903809e-02,-2.462866250425577164e-03,-7.176681160926818848e-01,6.960192322731018066e-01,-1.860273629426956177e-01,3.513691425323486328e-01,-1.680523395538330078e+00,-8.319241404533386230e-01,1.228355050086975098e+00,-1.538317441940307617e+00,3.263355493545532227e-01,1.080145359039306641e+00,2.813221514225006104e-01,8.523492813110351562e-01,-1.860360950231552124e-01,8.800480514764785767e-02,1.846542060375213623e-01,3.304425776004791260e-01,-1.830537915229797363e-01,5.767530202865600586e-02,-4.385658204555511475e-01,-1.326087415218353271e-01,-1.019896790385246277e-01,6.406806707382202148e-01,-1.448319256305694580e-01,-5.086253583431243896e-02
1.062991650542244315e-04,-2.124420702457427979e-01,5.890267491340637207e-01,2.270178496837615967e-02,-1.517630089074373245e-02,-7.227399349212646484e-01,6.905804276466369629e-01,-1.494865268468856812e-01,3.689991533756256104e-01,-1.598573684692382812e+00,-8.989543318748474121e-01,1.267902135848999023e+00,-1.373659253120422363e+00,3.206809759140014648e-01,1.043185710906982422e+00,2.870965003967285156e-01,9.881717562675476074e-01,-1.989030539989471436e-01,1.051606759428977966e-01,2.002932280302047729e-01,3.507094979286193848e-01,-1.839892119169235229e-01,5.424876138567924500e-02,-4.055287837982177734e-01,-1.350941658020019531e-01,-1.061298251152038574e-01,5.969226956367492676e-01,-1.454530805349349976e-01,-4.922332987189292908e-02
6.289841840043663979e-04,-2.119732946157455444e-01,5.882386565208435059e-01,1.589111238718032837e-02,-1.817269250750541687e-02,-7.265617251396179199e-01,6.866770386695861816e-01,-1.102700009942054749e-01,3.871563076972961426e-01,-1.538319468498229980e+00,-9.585996270179748535e-01,1.312384843826293945e+00,-1.191601634025573730e+00,3.101406991481781006e-01,1.002710342407226562e+00,2.638975977897644043e-01,1.135793805122375488e+00,-2.239364832639694214e-01,1.283910423517227173e-01,2.335934042930603027e-01,4.031064510345458984e-01,-1.845865696668624878e-01,4.594234004616737366e-02,-3.936337530612945557e-01,-1.608467847108840942e-01,-1.502104997634887695e-01,5.878067612648010254e-01,-1.499523818492889404e-01,-3.197923302650451660e-02
3.641665971372276545e-04,-2.120599150657653809e-01,5.892515778541564941e-01,1.270639803260564804e-02,-2.711582556366920471e-02,-7.415881752967834473e-01,6.701866984367370605e-01,-8.268734067678451538e-02,4.197205007076263428e-01,-1.436669349670410156e+00,-1.027961015701293945e+00,1.350114583969116211e+00,-1.017606735229492188e+00,2.974589169025421143e-01,9.596508145332336426e-01,2.245739251375198364e-01,1.275517940521240234e+00,-2.769826948642730713e-01,1.686866134405136108e-01,2.486473023891448975e-01,5.053794384002685547e-01,-1.846558004617691040e-01,3.865384310483932495e-02,-3.845113515853881836e-01,-1.643346399068832397e-01,-1.776351779699325562e-01,5.799738764762878418e-01,-1.544468551874160767e-01,-2.606346644461154938e-02
2.989064378198236227e-04,-2.123342305421829224e-01,5.879879593849182129e-01,1.367628294974565506e-02,-2.600999176502227783e-02,-7.607437372207641602e-01,6.483867168426513672e-01,-5.811166763305664062e-02,4.194332361221313477e-01,-1.389208436012268066e+00,-1.063375711441040039e+00,1.399145841598510742e+00,-8.548219799995422363e-01,2.583107352256774902e-01,8.582527041435241699e-01,2.135636359453201294e-01,1.431613802909851074e+00,-3.266291618347167969e-01,2.002407759428024292e-01,2.541039884090423584e-01,6.029131412506103516e-01,-1.869304031133651733e-01,3.418592363595962524e-02,-3.977654874324798584e-01,-1.588521003723144531e-01,-1.807831227779388428e-01,6.067176461219787598e-01,-1.561594456434249878e-01,-2.237425558269023895e-02
5.130773643031716347e-04,-2.122951596975326538e-01,5.876366496086120605e-01,1.614599488675594330e-02,-3.280926868319511414e-02,-7.795586585998535156e-01,6.252608895301818848e-01,2.065234002657234669e-05,4.301948845386505127e-01,-1.269194722175598145e+00,-1.063050627708435059e+00,1.393200755119323730e+00,-7.013710141181945801e-01,1.975079178810119629e-01,7.499364614486694336e-01,2.004110664129257202e-01,1.537027239799499512e+00,-3.761832118034362793e-01,2.348040193319320679e-01,2.520155906677246094e-01,6.972592473030090332e-01,-1.879663169384002686e-01,3.358360752463340759e-02,-4.108539521694183350e-01,-1.645190119743347168e-01,-1.939805001020431519e-01,6.307044625282287598e-01,-1.574883311986923218e-01,-1.700774580240249634e-02
2.510893100406974554e-04,-2.128444463014602661e-01,5.882292389869689941e-01,1.763338409364223480e-02,-3.509119525551795959e-02,-8.017939925193786621e-01,5.963087081909179688e-01,2.644950523972511292e-02,4.380151033401489258e-01,-1.125290989875793457e+00,-1.083546638488769531e+00,1.339636802673339844e+00,-5.513916015625000000e-01,1.581776887178421021e-01,7.139805555343627930e-01,1.297965794801712036e-01,1.655146598815917969e+00,-4.122533500194549561e-01,2.586096227169036865e-01,2.259323000907897949e-01,7.798894047737121582e-01,-1.893757134675979614e-01,3.655054047703742981e-02,-4.197928011417388916e-01,-1.391204148530960083e-01,-1.680877208709716797e-01,6.238118410110473633e-01,-1.555611789226531982e-01,-2.205791510641574860e-02
-1.855411246651783586e-04,-2.134479433298110962e-01,5.887636542320251465e-01,1.660972833633422852e-02,-3.479649499058723450e-02,-8.197722434997558594e-01,5.713902711868286133e-01,4.363083839416503906e-02,4.479674696922302246e-01,-9.842196106910705566e-01,-1.072264552116394043e+00,1.316815614700317383e+00,-4.179841578006744385e-01,1.424456387758255005e-01,6.758269071578979492e-01,8.342288434505462646e-02,1.749573469161987305e+00,-4.484592676162719727e-01,2.778692245483398438e-01,1.863990426063537598e-01,8.618637323379516602e-01,-1.905061155557632446e-01,4.436942189931869507e-02,-4.150786697864532471e-01,-1.077547147870063782e-01,-1.500852853059768677e-01,6.163731217384338379e-01,-1.543681770563125610e-01,-2.961064316332340240e-02
-6.518337177112698555e-04,-2.134899497032165527e-01,5.903179049491882324e-01,2.137160860002040863e-02,-3.145446628332138062e-02,-8.406835794448852539e-01,5.401897430419921875e-01,6.027720496058464050e-02,4.383882880210876465e-01,-8.319513797760009766e-01,-1.045312404632568359e+00,1.252235054969787598e+00,-2.932828664779663086e-01,1.119812875986099243e-01,5.869139432907104492e-01,5.361378192901611328e-02,1.830999970436096191e+00,-4.652707278728485107e-01,2.815920412540435791e-01,1.516049951314926147e-01,9.149662852287292480e-01,-1.899701952934265137e-01,5.762842670083045959e-02,-4.073055684566497803e-01,-8.161806315183639526e-02,-1.380565911531448364e-01,5.862824320793151855e-01,-1.545685827732086182e-01,-3.431056439876556396e-02
-1.742648892104625702e-03,-2.139113098382949829e-01,5.924487709999084473e-01,2.331627532839775085e-02,-3.183929622173309326e-02,-8.632343411445617676e-01,5.032584667205810547e-01,1.109877899289131165e-01,4.423486888408660889e-01,-6.486223340034484863e-01,-1.008967995643615723e+00,1.145883202552795410e+00,-2.204407453536987305e-01,6.243868544697761536e-02,5.438411831855773926e-01,4.465028643608093262e-02,1.903091788291931152e+00,-4.672577679157257080e-01,2.549116313457489014e-01,9.936959296464920044e-02,9.450306296348571777e-01,-1.860653012990951538e-01,7.917585223913192749e-02,-3.848890662193298340e-01,-5.370309576392173767e-02,-1.183795109391212463e-01,5.456798672676086426e-01,-1.552494764328002930e-01,-4.424456879496574402e-02
-3.052847227081656456e-03,-2.141634970903396606e-01,5.948106050491333008e-01,2.316749282181262970e-02,-3.075211495161056519e-02,-8.815736174583435059e-01,4.704737365245819092e-01,1.326576769351959229e-01,4.512098133563995361e-01,-4.665083289146423340e-01,-9.979261159896850586e-01,1.046779751777648926e+00,-1.594164669513702393e-01,-3.048124909400939941e-02,5.076301097869873047e-01,6.740354746580123901e-02,1.958799839019775391e+00,-4.730529487133026123e-01,2.346071749925613403e-01,4.590736702084541321e-02,9.801394939422607422e-01,-1.813230067491531372e-01,1.001903638243675232e-01,-3.502961397171020508e-01,-2.007992565631866455e-02,-1.016414314508438110e-01,4.831436276435852051e-01,-1.575607508420944214e-01,-5.166442319750785828e-02
-5.361963994801044464e-03,-2.137320786714553833e-01,5.965616106986999512e-01,2.110915631055831909e-02,-2.913631126284599304e-02,-9.041640162467956543e-01,4.256676435470581055e-01,1.515067070722579956e-01,4.524442255496978760e-01,-2.582594752311706543e-01,-9.824309349060058594e-01,9.393962621688842773e-01,-1.630182415246963501e-01,-1.536005437374114990e-01,5.023279786109924316e-01,1.324281692504882812e-01,2.023192644119262695e+00,-4.607655405998229980e-01,1.955846399068832397e-01,9.130844846367835999e-03,9.911900162696838379e-01,-1.760983914136886597e-01,1.154942885041236877e-01,-3.065777420997619629e-01,9.326509200036525726e-03,-8.340946584939956665e-02,4.198077917098999023e-01,-1.590715795755386353e-01,-5.937896296381950378e-02
-8.002697490155696869e-03,-2.116958945989608765e-01,5.975757837295532227e-01,2.049366198480129242e-02,-2.348515950143337250e-02,-9.275457262992858887e-01,3.724075853824615479e-01,1.872447431087493896e-01,4.436323046684265137e-01,-8.531931787729263306e-02,-1.017555236816406250e+00,7.893770337104797363e-01,-1.356252431869506836e-01,-2.704794406890869141e-01,5.433471202850341797e-01,1.969657689332962036e-01,2.091159820556640625e+00,-4.551255404949188232e-01,1.612267941236495972e-01,-4.067173693329095840e-03,9.996526241302490234e-01,-1.688185185194015503e-01,1.254709661006927490e-01,-2.699465751647949219e-01,1.811020448803901672e-02,-8.687406778335571289e-02,3.636950850486755371e-01,-1.611641347408294678e-01,-6.028449162840843201e-02
-1.086942292749881744e-02,-2.090829461812973022e-01,5.968782901763916016e-01,1.405654381960630417e-02,-1.771029084920883179e-02,-9.484925866127014160e-01,3.159913718700408936e-01,2.163563668727874756e-01,4.530799686908721924e-01,8.382227271795272827e-02,-1.054443120956420898e+00,6.554914712905883789e-01,-1.370363980531692505e-01,-4.036926627159118652e-01,6.037434339523315430e-01,2.959653437137603760e-01,2.138026714324951172e+00,-4.457192718982696533e-01,1.227390170097351074e-01,-2.798679471015930176e-02,1.009520530700683594e+00,-1.618969738483428955e-01,1.362086087465286255e-01,-2.436435818672180176e-01,2.651300653815269470e-02,-1.071643009781837463e-01,3.381940424442291260e-01,-1.642481684684753418e-01,-5.646917968988418579e-02
-1.318101864308118820e-02,-2.059749811887741089e-01,5.957511067390441895e-01,9.016942232847213745e-03,-1.162015926092863083e-02,-9.682888984680175781e-01,2.493999451398849487e-01,2.270477414131164551e-01,4.664326906204223633e-01,2.197476774454116821e-01,-1.120447158813476562e+00,5.668763518333435059e-01,-1.516683250665664673e-01,-5.002602934837341309e-01,6.816239356994628906e-01,3.862218260765075684e-01,2.175748348236083984e+00,-4.494928419589996338e-01,9.558576345443725586e-02,-2.554460614919662476e-02,1.018721818923950195e+00,-1.579611599445343018e-01,1.450803130865097046e-01,-2.278148829936981201e-01,2.483811415731906891e-02,-1.240566819906234741e-01,3.356633484363555908e-01,-1.657219827175140381e-01,-5.265934392809867859e-02
-1.508136000484228134e-02,-2.021036297082901001e-01,5.943108797073364258e-01,-2.035821788012981415e-03,-1.208195742219686508e-02,-9.804347157478332520e-01,1.964627951383590698e-01,2.296199053525924683e-01,5.052714347839355469e-01,3.144423663616180420e-01,-1.214861273765563965e+00,5.192387104034423828e-01,-1.441330313682556152e-01,-5.831174850463867188e-01,8.377227783203125000e-01,4.684931039810180664e-01,2.241230010986328125e+00,-4.619533121585845947e-01,6.101052835583686829e-02,-3.075675666332244873e-02,1.062113165855407715e+00,-1.513151973485946655e-01,1.594617366790771484e-01,-2.108208686113357544e-01,2.190366946160793304e-02,-1.354912668466567993e-01,3.601049780845642090e-01,-1.668289601802825928e-01,-5.323054641485214233e-02
-1.467221044003963470e-02,-2.020953148603439331e-01,5.944843292236328125e-01,-2.037633908912539482e-03,-1.172252185642719269e-02,-9.807029962539672852e-01,1.951411962509155273e-01,2.397897839546203613e-01,5.054777264595031738e-01,3.189427554607391357e-01,-1.217036843299865723e+00,5.085566043853759766e-01,-1.448624730110168457e-01,-5.930528044700622559e-01,8.446767330169677734e-01,4.810369908809661865e-01,2.238510131835937500e+00,-4.578177928924560547e-01,6.517203897237777710e-02,-2.198469638824462891e-02,1.056054472923278809e+00,-1.493982523679733276e-01,1.597593277692794800e-01,-2.122178673744201660e-01,2.411823160946369171e-02,-1.267736852169036865e-01,3.577744066715240479e-01,-1.635987907648086548e-01,-5.405198782682418823e-02
-1.589289121329784393e-02,-1.990856230258941650e-01,5.932521224021911621e-01,-6.347054615616798401e-03,-1.496902760118246078e-02,-9.838449954986572266e-01,1.782825589179992676e-01,2.229498177766799927e-01,5.431006550788879395e-01,3.600355088710784912e-01,-1.272491812705993652e+00,4.786668419837951660e-01,-1.628069281578063965e-01,-6.205537915229797363e-01,9.495264291763305664e-01,5.277330875396728516e-01,2.275709867477416992e+00,-4.929463565349578857e-01,3.433542326092720032e-02,-3.530100733041763306e-02,1.120841264724731445e+00,-1.434566527605056763e-01,1.728415191173553467e-01,-1.970895826816558838e-01,1.669113710522651672e-02,-1.383404731750488281e-01,3.964083790779113770e-01,-1.666621416807174683e-01,-5.230361968278884888e-02
-1.617655530571937561e-02,-1.961279213428497314e-01,5.907297730445861816e-01,-1.397896651178598404e-02,-9.542316198348999023e-03,-9.869254827499389648e-01,1.602859199047088623e-01,2.093030810356140137e-01,5.708581209182739258e-01,3.708639442920684814e-01,-1.300658583641052246e+00,4.417591691017150879e-01,-1.726130098104476929e-01,-6.272383928298950195e-01,1.019627690315246582e+00,5.534445047378540039e-01,2.297519207000732422e+00,-5.132455825805664062e-01,2.437408082187175751e-02,-2.057141251862049103e-02,1.177012324333190918e+00,-1.421584337949752808e-01,1.723796576261520386e-01,-1.796210408210754395e-01,1.795069500803947449e-02,-1.470139175653457642e-01,4.300699532032012939e-01,-1.670954823493957520e-01,-5.474177747964859009e-02
-1.673778705298900604e-02,-1.940336972475051880e-01,5.893557071685791016e-01,-2.155866473913192749e-02,-7.592347450554370880e-03,-9.875868558883666992e-01,1.554018259048461914e-01,1.997525990009307861e-01,5.919882059097290039e-01,3.612560331821441650e-01,-1.322086095809936523e+00,4.339537918567657471e-01,-1.796682626008987427e-01,-6.260071992874145508e-01,1.095516681671142578e+00,5.617377758026123047e-01,2.321131944656372070e+00,-5.373014807701110840e-01,9.236834011971950531e-03,-5.711206700652837753e-03,1.208634614944458008e+00,-1.402294188737869263e-01,1.713386327028274536e-01,-1.538752317428588867e-01,2.431851439177989960e-02,-1.329269558191299438e-01,4.432525634765625000e-01,-1.673820018768310547e-01,-6.002806499600410461e-02
-1.711102947592735291e-02,-1.918480545282363892e-01,5.883942246437072754e-01,-2.848186157643795013e-02,-5.600799806416034698e-03,-9.886075258255004883e-01,1.476907879114151001e-01,1.806959360837936401e-01,6.082147955894470215e-01,3.493024408817291260e-01,-1.319231986999511719e+00,4.284001290798187256e-01,-2.263599932193756104e-01,-6.279346346855163574e-01,1.151490211486816406e+00,5.957751274108886719e-01,2.330831050872802734e+00,-5.536813735961914062e-01,5.599609576165676117e-03,1.475965511053800583e-02,1.223180294036865234e+00,-1.392553746700286865e-01,1.654423773288726807e-01,-1.232849434018135071e-01,2.263944782316684723e-02,-1.381262987852096558e-01,4.453016221523284912e-01,-1.697562187910079956e-01,-6.378661841154098511e-02
-1.746043004095554352e-02,-1.911449879407882690e-01,5.886070132255554199e-01,-3.980006650090217590e-02,-7.315025199204683304e-03,-9.886445999145507812e-01,1.447216272354125977e-01,1.615957021713256836e-01,6.091318130493164062e-01,3.300540745258331299e-01,-1.314094066619873047e+00,4.287193715572357178e-01,-2.694346904754638672e-01,-6.425695419311523438e-01,1.166104912757873535e+00,6.045238971710205078e-01,2.310094594955444336e+00,-5.576230287551879883e-01,1.034512743353843689e-02,4.197998717427253723e-02,1.210855484008789062e+00,-1.399967223405838013e-01,1.610741168260574341e-01,-9.971041232347488403e-02,2.252438850700855255e-02,-1.280399262905120850e-01,4.406891167163848877e-01,-1.700062006711959839e-01,-6.784142553806304932e-02
-1.775385998189449310e-02,-1.906364113092422485e-01,5.890116095542907715e-01,-4.483341798186302185e-02,-9.703938849270343781e-03,-9.893618822097778320e-01,1.380536407232284546e-01,1.399272680282592773e-01,5.915365815162658691e-01,3.134670853614807129e-01,-1.295957446098327637e+00,4.357400834560394287e-01,-3.422265648841857910e-01,-6.675589680671691895e-01,1.205999493598937988e+00,6.231245994567871094e-01,2.273990392684936523e+00,-5.610616803169250488e-01,6.999521516263484955e-03,5.552310124039649963e-02,1.185618638992309570e+00,-1.397421211004257202e-01,1.572853922843933105e-01,-6.692928075790405273e-02,2.257032506167888641e-02,-1.263812780380249023e-01,4.278294444084167480e-01,-1.716758459806442261e-01,-6.804299354553222656e-02
-1.825407519936561584e-02,-1.915495097637176514e-01,5.915614962577819824e-01,-4.778711125254631042e-02,-2.117110975086688995e-02,-9.880913496017456055e-01,1.447192579507827759e-01,1.606444567441940308e-01,5.721575021743774414e-01,2.990736067295074463e-01,-1.278822183609008789e+00,4.403012990951538086e-01,-4.274172484874725342e-01,-6.912850737571716309e-01,1.201819300651550293e+00,6.258028745651245117e-01,2.243306636810302734e+00,-5.733316540718078613e-01,5.277809221297502518e-03,6.765300780534744263e-02,1.147219777107238770e+00,-1.397596448659896851e-01,1.551743149757385254e-01,-3.202730044722557068e-02,2.676282264292240143e-02,-1.137768402695655823e-01,3.924387693405151367e-01,-1.736043393611907959e-01,-6.908386200666427612e-02
-1.873977854847908020e-02,-1.933378726243972778e-01,5.938180685043334961e-01,-5.041938647627830505e-02,-3.289822116494178772e-02,-9.852517843246459961e-01,1.601701378822326660e-01,1.726417988538742065e-01,5.523616671562194824e-01,2.808731198310852051e-01,-1.248559951782226562e+00,4.569355845451354980e-01,-5.117892622947692871e-01,-7.273801565170288086e-01,1.200960874557495117e+00,6.406812071800231934e-01,2.203393220901489258e+00,-5.713013410568237305e-01,-2.508975798264145851e-03,8.557750284671783447e-02,1.066769123077392578e+00,-1.404315233230590820e-01,1.461039334535598755e-01,-3.901292802765965462e-03,2.333479002118110657e-02,-9.885398298501968384e-02,3.671942949295043945e-01,-1.731570810079574585e-01,-7.041712850332260132e-02
-1.904678903520107269e-02,-1.949226558208465576e-01,5.954567193984985352e-01,-5.556942895054817200e-02,-3.929738700389862061e-02,-9.832245111465454102e-01,1.692255437374114990e-01,1.812609732151031494e-01,5.279050469398498535e-01,2.613463401794433594e-01,-1.209421038627624512e+00,4.708917438983917236e-01,-6.128365993499755859e-01,-7.842537760734558105e-01,1.189465284347534180e+00,6.483850479125976562e-01,2.162151336669921875e+00,-5.467070341110229492e-01,-1.633412763476371765e-02,1.114831715822219849e-01,9.448143839836120605e-01,-1.425252705812454224e-01,1.375668495893478394e-01,8.832494728267192841e-03,1.317568682134151459e-02,-9.553849697113037109e-02,3.527221977710723877e-01,-1.712193191051483154e-01,-6.638815999031066895e-02
-1.870396360754966736e-02,-1.956243366003036499e-01,5.957325696945190430e-01,-5.184324458241462708e-02,-4.436512291431427002e-02,-9.833242297172546387e-01,1.685747355222702026e-01,1.853552460670471191e-01,5.125863552093505859e-01,2.485464215278625488e-01,-1.163306117057800293e+00,4.795605838298797607e-01,-7.074178457260131836e-01,-8.378407955169677734e-01,1.172053575515747070e+00,6.705476641654968262e-01,2.092354536056518555e+00,-5.232967734336853027e-01,-4.224994406104087830e-02,1.282860785722732544e-01,8.072908520698547363e-01,-1.440832614898681641e-01,1.326096951961517334e-01,2.141231857240200043e-02,-7.767298375256359577e-04,-9.278251975774765015e-02,3.609893918037414551e-01,-1.703159809112548828e-01,-6.307501345872879028e-02
-1.722875237464904785e-02,-1.955439746379852295e-01,5.957981944084167480e-01,-4.688798263669013977e-02,-4.269529506564140320e-02,-9.843141436576843262e-01,1.646337658166885376e-01,2.134189307689666748e-01,5.057470798492431641e-01,2.412838190793991089e-01,-1.109424114227294922e+00,4.917961359024047852e-01,-7.981380224227905273e-01,-9.040505886077880859e-01,1.152903556823730469e+00,6.957768201828002930e-01,2.027224779129028320e+00,-4.881643652915954590e-01,-4.908306524157524109e-02,1.562688648700714111e-01,6.342742443084716797e-01,-1.489953100681304932e-01,1.203403547406196594e-01,3.525100275874137878e-02,-1.847816258668899536e-02,-1.087326481938362122e-01,3.620167076587677002e-01,-1.692828536033630371e-01,-5.816575512290000916e-02
-1.575460098683834076e-02,-1.948068886995315552e-01,5.958966612815856934e-01,-5.019424483180046082e-02,-4.776763543486595154e-02,-9.831263422966003418e-01,1.692967265844345093e-01,2.524116337299346924e-01,5.048494935035705566e-01,2.685370147228240967e-01,-1.057662725448608398e+00,4.887334108352661133e-01,-9.121702909469604492e-01,-9.925311207771301270e-01,1.160003781318664551e+00,7.266833186149597168e-01,1.938377618789672852e+00,-4.340151250362396240e-01,-8.011250942945480347e-02,1.690255254507064819e-01,4.203065931797027588e-01,-1.488407403230667114e-01,1.130608320236206055e-01,2.910043671727180481e-02,-6.251370906829833984e-02,-1.348316371440887451e-01,4.027499556541442871e-01,-1.658346205949783325e-01,-5.119029060006141663e-02
-1.459535025060176849e-02,-1.947659254074096680e-01,5.949313044548034668e-01,-5.660472437739372253e-02,-5.238008126616477966e-02,-9.791882634162902832e-01,1.877302080392837524e-01,2.568535506725311279e-01,5.138993263244628906e-01,2.897431850433349609e-01,-1.002232193946838379e+00,4.905018806457519531e-01,-9.986795783042907715e-01,-1.071070194244384766e+00,1.163785576820373535e+00,7.642449736595153809e-01,1.843415737152099609e+00,-4.088712632656097412e-01,-1.005409434437751770e-01,2.009089738130569458e-01,3.002070486545562744e-01,-1.503648608922958374e-01,1.059664189815521240e-01,1.983602344989776611e-02,-9.153597056865692139e-02,-1.577360779047012329e-01,4.481956064701080322e-01,-1.615750044584274292e-01,-4.488166421651840210e-02
-1.441812515258789062e-02,-1.958202123641967773e-01,5.927053093910217285e-01,-5.468511953949928284e-02,-5.815666541457176208e-02,-9.713404178619384766e-01,2.238865345716476440e-01,2.817192375659942627e-01,5.309805274009704590e-01,3.022872209548950195e-01,-9.572489261627197266e-01,5.012022256851196289e-01,-1.098702192306518555e+00,-1.132262587547302246e+00,1.164426922798156738e+00,7.978584170341491699e-01,1.734984159469604492e+00,-3.923592865467071533e-01,-1.399423480033874512e-01,2.510898411273956299e-01,1.982239186763763428e-01,-1.543733775615692139e-01,9.908741712570190430e-02,1.289229746907949448e-02,-1.251289397478103638e-01,-1.788513064384460449e-01,4.886916875839233398e-01,-1.638204157352447510e-01,-3.760288655757904053e-02
-1.565227471292018890e-02,-1.964311003684997559e-01,5.897858738899230957e-01,-4.902458563446998596e-02,-6.300736963748931885e-02,-9.635801315307617188e-01,2.552253901958465576e-01,3.072688877582550049e-01,5.369949936866760254e-01,3.571104109287261963e-01,-9.149334430694580078e-01,4.870325326919555664e-01,-1.208403468132019043e+00,-1.198730468750000000e+00,1.226189494132995605e+00,8.246366977691650391e-01,1.619309306144714355e+00,-3.959175050258636475e-01,-1.732210814952850342e-01,2.466285228729248047e-01,1.652158945798873901e-01,-1.507745236158370972e-01,1.010897159576416016e-01,8.188790641725063324e-03,-1.462647467851638794e-01,-1.965887397527694702e-01,5.241653323173522949e-01,-1.699688732624053955e-01,-3.226767480373382568e-02
-1.862170919775962830e-02,-1.974751353263854980e-01,5.893197059631347656e-01,-3.916405513882637024e-02,-6.795983761548995972e-02,-9.559460282325744629e-01,2.828688621520996094e-01,3.490353524684906006e-01,5.374802350997924805e-01,4.218904972076416016e-01,-8.912483453750610352e-01,4.507854878902435303e-01,-1.302325725555419922e+00,-1.240212202072143555e+00,1.270710110664367676e+00,8.456233143806457520e-01,1.515174508094787598e+00,-4.197151958942413330e-01,-1.955557614564895630e-01,2.287573367357254028e-01,1.813313812017440796e-01,-1.467654258012771606e-01,1.043884381651878357e-01,6.313858553767204285e-03,-1.599910408258438110e-01,-2.034033238887786865e-01,5.213875174522399902e-01,-1.787858903408050537e-01,-2.660865336656570435e-02
-2.236321941018104553e-02,-1.999310404062271118e-01,5.890222191810607910e-01,-2.646300196647644043e-02,-7.383827865123748779e-02,-9.451019167900085449e-01,3.172222971916198730e-01,3.878082931041717529e-01,5.390107631683349609e-01,4.946253299713134766e-01,-8.804648518562316895e-01,3.829799890518188477e-01,-1.391882777214050293e+00,-1.241409063339233398e+00,1.325194835662841797e+00,8.536555171012878418e-01,1.450885295867919922e+00,-4.610959291458129883e-01,-2.287512421607971191e-01,2.304648458957672119e-01,2.080143094062805176e-01,-1.453703939914703369e-01,1.056734025478363037e-01,-2.672838512808084488e-03,-1.702192276716232300e-01,-2.028378695249557495e-01,5.194727778434753418e-01,-1.878974288702011108e-01,-2.170525304973125458e-02
-2.623081766068935394e-02,-2.019196003675460815e-01,5.916807651519775391e-01,-1.478521805256605148e-02,-8.086001873016357422e-02,-9.366521835327148438e-01,3.404787480831146240e-01,4.072836935520172119e-01,5.422780513763427734e-01,5.904589295387268066e-01,-8.672416806221008301e-01,3.302817046642303467e-01,-1.476109147071838379e+00,-1.231847405433654785e+00,1.390899658203125000e+00,8.755288124084472656e-01,1.350603222846984863e+00,-4.872952997684478760e-01,-2.554036974906921387e-01,2.112296074628829956e-01,2.395669966936111450e-01,-1.444086879491806030e-01,1.085497140884399414e-01,-1.255495566874742508e-02,-1.655744612216949463e-01,-2.034370303153991699e-01,4.905650317668914795e-01,-1.956048011779785156e-01,-2.188716828823089600e-02
-2.901557832956314087e-02,-2.048491090536117554e-01,5.941472649574279785e-01,-2.913830569013953209e-03,-8.710469305515289307e-02,-9.242632389068603516e-01,3.716741800308227539e-01,4.275397360324859619e-01,5.440984368324279785e-01,7.088260054588317871e-01,-8.717027902603149414e-01,2.299522161483764648e-01,-1.549292683601379395e+00,-1.213287949562072754e+00,1.430499076843261719e+00,9.102956652641296387e-01,1.259106278419494629e+00,-5.239727497100830078e-01,-2.543294131755828857e-01,1.846231371164321899e-01,3.434135913848876953e-01,-1.409624516963958740e-01,1.113602370023727417e-01,-1.901971548795700073e-02,-1.532822549343109131e-01,-2.151732295751571655e-01,4.544399082660675049e-01,-2.025629281997680664e-01,-2.099768817424774170e-02
-3.066696226596832275e-02,-2.069774419069290161e-01,5.955539941787719727e-01,8.340281434357166290e-03,-9.257122874259948730e-02,-9.131473898887634277e-01,3.968914151191711426e-01,4.627138078212738037e-01,5.347941517829895020e-01,8.149008750915527344e-01,-8.927710652351379395e-01,1.609111577272415161e-01,-1.595708131790161133e+00,-1.188705682754516602e+00,1.513202428817749023e+00,9.224805235862731934e-01,1.139515519142150879e+00,-5.731040835380554199e-01,-2.459121346473693848e-01,1.481095254421234131e-01,4.926538467407226562e-01,-1.312387436628341675e-01,1.195882260799407959e-01,-3.948822245001792908e-02,-1.363441497087478638e-01,-2.234641313552856445e-01,4.365831613540649414e-01,-2.068257182836532593e-01,-2.336294390261173248e-02
-3.054671362042427063e-02,-2.100686728954315186e-01,5.972804427146911621e-01,1.415022648870944977e-02,-9.293827414512634277e-02,-8.897475600242614746e-01,4.466671049594879150e-01,4.824160635471343994e-01,5.141052007675170898e-01,8.934519290924072266e-01,-9.032136797904968262e-01,9.784486144781112671e-02,-1.622039794921875000e+00,-1.170534133911132812e+00,1.569282531738281250e+00,9.202329516410827637e-01,1.012009620666503906e+00,-6.091455221176147461e-01,-2.364711165428161621e-01,1.095563694834709167e-01,6.270833611488342285e-01,-1.235495507717132568e-01,1.291344016790390015e-01,-5.011416226625442505e-02,-1.115710884332656860e-01,-2.183359712362289429e-01,4.018385112285614014e-01,-2.073815315961837769e-01,-3.181729093194007874e-02
-2.919784002006053925e-02,-2.111200243234634399e-01,5.979301929473876953e-01,1.907023787498474121e-02,-8.887001127004623413e-02,-8.689969778060913086e-01,4.863977134227752686e-01,4.871263802051544189e-01,4.973557293415069580e-01,9.061848521232604980e-01,-9.033021926879882812e-01,6.798464059829711914e-02,-1.631759762763977051e+00,-1.133608341217041016e+00,1.565392851829528809e+00,9.495285153388977051e-01,9.152237772941589355e-01,-6.127855777740478516e-01,-2.195578962564468384e-01,9.149283170700073242e-02,7.708185315132141113e-01,-1.118042767047882080e-01,1.361199468374252319e-01,-8.320511132478713989e-02,-9.005073457956314087e-02,-2.125448435544967651e-01,3.781220912933349609e-01,-2.020083069801330566e-01,-3.677582368254661560e-02
-2.706818655133247375e-02,-2.096471935510635376e-01,5.977796912193298340e-01,2.336525171995162964e-02,-8.439411967992782593e-02,-8.577033877372741699e-01,5.066326260566711426e-01,4.838064908981323242e-01,4.810847342014312744e-01,9.122061133384704590e-01,-9.146831035614013672e-01,6.122042611241340637e-02,-1.640022873878479004e+00,-1.126075029373168945e+00,1.616289496421813965e+00,1.024767637252807617e+00,7.831278443336486816e-01,-6.084148287773132324e-01,-1.930459588766098022e-01,4.148878902196884155e-02,9.018374085426330566e-01,-1.051226109266281128e-01,1.332274675369262695e-01,-1.249712482094764709e-01,-7.852574437856674194e-02,-2.290780544281005859e-01,3.752415776252746582e-01,-1.951266527175903320e-01,-3.982590511441230774e-02
-2.336081862449645996e-02,-2.095944285392761230e-01,5.973075628280639648e-01,2.341925352811813354e-02,-8.570358157157897949e-02,-8.436846733093261719e-01,5.294361114501953125e-01,4.741663038730621338e-01,4.599335193634033203e-01,8.852434754371643066e-01,-9.120879173278808594e-01,9.298780560493469238e-02,-1.620762348175048828e+00,-1.057531714439392090e+00,1.666125655174255371e+00,9.961537122726440430e-01,6.792874932289123535e-01,-5.820188522338867188e-01,-1.533604562282562256e-01,3.537231823429465294e-03,9.825462102890014648e-01,-1.044690907001495361e-01,1.298086345195770264e-01,-1.741709858179092407e-01,-7.074417918920516968e-02,-2.177283912897109985e-01,3.886043727397918701e-01,-1.862154453992843628e-01,-4.177638515830039978e-02
-1.902583613991737366e-02,-2.085493355989456177e-01,5.958337783813476562e-01,2.107343450188636780e-02,-8.736357092857360840e-02,-8.295608162879943848e-01,5.511373877525329590e-01,4.594324827194213867e-01,4.418115019798278809e-01,8.245264887809753418e-01,-9.117498397827148438e-01,1.190198659896850586e-01,-1.593175649642944336e+00,-9.982983469963073730e-01,1.662842512130737305e+00,1.020316243171691895e+00,6.089808344841003418e-01,-5.298346877098083496e-01,-9.448505938053131104e-02,-2.038874663412570953e-02,1.012625932693481445e+00,-1.081652641296386719e-01,1.277673989534378052e-01,-2.224298566579818726e-01,-9.121984988451004028e-02,-2.657114863395690918e-01,4.159785211086273193e-01,-1.811967194080352783e-01,-2.963269315659999847e-02
-1.429794449359178543e-02,-2.072365731000900269e-01,5.933787822723388672e-01,1.953855343163013458e-02,-8.753408491611480713e-02,-8.179714083671569824e-01,5.682242512702941895e-01,4.536844789981842041e-01,4.368068277835845947e-01,7.391571998596191406e-01,-9.230855107307434082e-01,1.771644353866577148e-01,-1.555026650428771973e+00,-9.754168987274169922e-01,1.683943271636962891e+00,1.079063534736633301e+00,4.951441884040832520e-01,-4.616182148456573486e-01,-2.722561731934547424e-02,-3.738379850983619690e-02,1.007542729377746582e+00,-1.159902438521385193e-01,1.207317933440208435e-01,-2.778097987174987793e-01,-1.208097115159034729e-01,-3.078011572360992432e-01,4.701004028320312500e-01,-1.757095754146575928e-01,-1.823238283395767212e-02
-1.000919844955205917e-02,-2.077433615922927856e-01,5.924043655395507812e-01,1.650511100888252258e-02,-8.849927783012390137e-02,-7.971899509429931641e-01,5.969787836074829102e-01,4.298095405101776123e-01,4.396058917045593262e-01,6.537191867828369141e-01,-9.211817383766174316e-01,2.135829031467437744e-01,-1.531056761741638184e+00,-8.990929126739501953e-01,1.671014428138732910e+00,1.108791589736938477e+00,4.276400506496429443e-01,-4.141888320446014404e-01,3.562226146459579468e-02,-5.640878900885581970e-02,9.699429273605346680e-01,-1.223041564226150513e-01,1.186500340700149536e-01,-3.077502846717834473e-01,-1.469556093215942383e-01,-3.227807283401489258e-01,4.902219474315643311e-01,-1.697380393743515015e-01,-7.796528283506631851e-03
-6.773936096578836441e-03,-2.081878036260604858e-01,5.898381471633911133e-01,1.279230322688817978e-02,-8.631125837564468384e-02,-7.848317027091979980e-01,6.135356426239013672e-01,4.022521078586578369e-01,4.291868209838867188e-01,6.011544466018676758e-01,-9.484913945198059082e-01,2.390165776014328003e-01,-1.531060695648193359e+00,-8.428449630737304688e-01,1.673441529273986816e+00,1.107068061828613281e+00,3.488411307334899902e-01,-3.509271442890167236e-01,8.755715191364288330e-02,-7.284702360630035400e-02,8.944978117942810059e-01,-1.307299882173538208e-01,1.171262785792350769e-01,-3.495936691761016846e-01,-1.771712601184844971e-01,-3.397542536258697510e-01,5.306821465492248535e-01,-1.645928919315338135e-01,6.302136927843093872e-03
-4.806085489690303802e-03,-2.080438733100891113e-01,5.891556143760681152e-01,1.144487224519252777e-02,-8.117230236530303955e-02,-7.683279514312744141e-01,6.347852349281311035e-01,3.806170523166656494e-01,4.163653552532196045e-01,5.278371572494506836e-01,-9.480308890342712402e-01,2.626513838768005371e-01,-1.543926358222961426e+00,-7.837229371070861816e-01,1.646566390991210938e+00,1.137498736381530762e+00,2.768671214580535889e-01,-3.090662062168121338e-01,1.334717571735382080e-01,-6.532302498817443848e-02,8.056145906448364258e-01,-1.369998902082443237e-01,1.080681458115577698e-01,-3.656215369701385498e-01,-2.181404829025268555e-01,-3.659619688987731934e-01,5.483010411262512207e-01,-1.615484952926635742e-01,1.994483172893524170e-02
-4.197872243821620941e-03,-2.085525691509246826e-01,5.885215401649475098e-01,9.380247443914413452e-03,-7.270770519971847534e-02,-7.478761076927185059e-01,6.597779989242553711e-01,3.520753979682922363e-01,4.201341569423675537e-01,4.717765450477600098e-01,-9.383516311645507812e-01,2.931202352046966553e-01,-1.584745764732360840e+00,-6.918819546699523926e-01,1.619051933288574219e+00,1.139260411262512207e+00,2.281022965908050537e-01,-2.751169800758361816e-01,1.549104154109954834e-01,-6.547325849533081055e-02,7.156652212142944336e-01,-1.426629722118377686e-01,1.002004221081733704e-01,-3.733749389648437500e-01,-2.412908077239990234e-01,-3.619940280914306641e-01,5.524759292602539062e-01,-1.619533896446228027e-01,2.153082378208637238e-02
-3.975579980760812759e-03,-2.082041054964065552e-01,5.897743701934814453e-01,1.059752330183982849e-02,-6.567446142435073853e-02,-7.194460034370422363e-01,6.913551688194274902e-01,3.170566558837890625e-01,4.236539006233215332e-01,3.954211771488189697e-01,-8.754906058311462402e-01,3.365207016468048096e-01,-1.659523367881774902e+00,-6.025707125663757324e-01,1.554871916770935059e+00,1.123274922370910645e+00,2.018620520830154419e-01,-2.552529573440551758e-01,1.688321679830551147e-01,-4.370570555329322815e-02,6.352291107177734375e-01,-1.444714069366455078e-01,8.393639326095581055e-02,-3.523985743522644043e-01,-2.715372443199157715e-01,-3.648146092891693115e-01,5.397900938987731934e-01,-1.639752686023712158e-01,2.234414406120777130e-02
-4.266378469765186310e-03,-2.092665582895278931e-01,5.902493596076965332e-01,7.994039915502071381e-03,-5.677948892116546631e-02,-6.935144662857055664e-01,7.181572914123535156e-01,2.602240443229675293e-01,4.242970347404479980e-01,3.754266202449798584e-01,-8.406278491020202637e-01,3.389301896095275879e-01,-1.773157119750976562e+00,-4.933883547782897949e-01,1.483654260635375977e+00,1.090455174446105957e+00,1.885067373514175415e-01,-2.410254627466201782e-01,1.754451096057891846e-01,-3.416931629180908203e-02,5.612613558769226074e-01,-1.475833505392074585e-01,7.412623614072799683e-02,-3.279125690460205078e-01,-2.759041786193847656e-01,-3.462225794792175293e-01,5.237805247306823730e-01,-1.672324389219284058e-01,1.340464130043983459e-02
-4.480126313865184784e-03,-2.096575498580932617e-01,5.919100046157836914e-01,1.064487267285585403e-02,-4.991209506988525391e-02,-6.744981408119201660e-01,7.365104556083679199e-01,2.290723621845245361e-01,4.285636544227600098e-01,2.998102605342864990e-01,-8.131937384605407715e-01,3.573361933231353760e-01,-1.859271168708801270e+00,-3.928785920143127441e-01,1.412628531455993652e+00,1.047606348991394043e+00,1.939483284950256348e-01,-2.323383837938308716e-01,1.698635369539260864e-01,-1.957902871072292328e-02,5.003418922424316406e-01,-1.472816318273544312e-01,6.736113131046295166e-02,-2.923638820648193359e-01,-2.829218208789825439e-01,-3.263087272644042969e-01,4.910260736942291260e-01,-1.696874797344207764e-01,4.816455766558647156e-03
-4.772355314344167709e-03,-2.102764397859573364e-01,5.937212705612182617e-01,1.383217424154281616e-02,-4.358236119151115417e-02,-6.549545526504516602e-01,7.542836070060729980e-01,1.919599771499633789e-01,4.400709271430969238e-01,1.443183273077011108e-01,-7.362276315689086914e-01,3.980137407779693604e-01,-1.945964097976684570e+00,-2.977883219718933105e-01,1.354612708091735840e+00,1.019212722778320312e+00,1.876209676265716553e-01,-2.323393970727920532e-01,1.541568785905838013e-01,-1.972134783864021301e-02,4.373564124107360840e-01,-1.467753499746322632e-01,6.477681547403335571e-02,-2.546430230140686035e-01,-2.756910920143127441e-01,-2.838429808616638184e-01,4.500727653503417969e-01,-1.704644113779067993e-01,-1.346606668084859848e-02
-4.936799407005310059e-03,-2.115000635385513306e-01,5.912897586822509766e-01,1.336095202714204788e-02,-3.802864626049995422e-02,-6.314679384231567383e-01,7.743536233901977539e-01,1.749416142702102661e-01,4.327392876148223877e-01,2.321344986557960510e-02,-7.175014019012451172e-01,4.306494295597076416e-01,-1.999217510223388672e+00,-1.861652135848999023e-01,1.305883526802062988e+00,9.816909432411193848e-01,1.961669921875000000e-01,-2.377170920372009277e-01,1.417409777641296387e-01,-1.491057593375444412e-02,3.936273753643035889e-01,-1.481941342353820801e-01,6.179391592741012573e-02,-2.407417595386505127e-01,-2.902174890041351318e-01,-2.436656802892684937e-01,4.726406037807464600e-01,-1.719412952661514282e-01,-2.689884975552558899e-02
-5.621495656669139862e-03,-2.130460888147354126e-01,5.895578265190124512e-01,1.392270624637603760e-02,-3.473050892353057861e-02,-6.203618645668029785e-01,7.834227085113525391e-01,1.729041785001754761e-01,4.290471971035003662e-01,-1.110812947154045105e-01,-7.413832545280456543e-01,4.612051844596862793e-01,-2.016963243484497070e+00,-8.066598325967788696e-02,1.276569128036499023e+00,9.295152425765991211e-01,2.006073296070098877e-01,-2.570382952690124512e-01,1.154628172516822815e-01,-1.973579823970794678e-02,3.796510398387908936e-01,-1.491691023111343384e-01,6.115387752652168274e-02,-2.310790568590164185e-01,-2.840614914894104004e-01,-2.014061957597732544e-01,5.043874979019165039e-01,-1.730202734470367432e-01,-4.293159767985343933e-02
-5.860176403075456619e-03,-2.143502086400985718e-01,5.860981941223144531e-01,1.655661873519420624e-02,-3.173625469207763672e-02,-6.132139563560485840e-01,7.891054153442382812e-01,1.564423143863677979e-01,4.268975853919982910e-01,-2.205409705638885498e-01,-7.955663204193115234e-01,4.869706630706787109e-01,-2.028247594833374023e+00,1.969658769667148590e-02,1.246447205543518066e+00,9.184373617172241211e-01,2.272521257400512695e-01,-2.770171761512756348e-01,9.412465989589691162e-02,-2.217295952141284943e-02,3.899437487125396729e-01,-1.505649238824844360e-01,6.035705655813217163e-02,-2.484352886676788330e-01,-2.785266339778900146e-01,-1.544348448514938354e-01,5.701692700386047363e-01,-1.724100261926651001e-01,-5.831414088606834412e-02
-5.516069009900093079e-03,-2.159288823604583740e-01,5.808262825012207031e-01,1.811383292078971863e-02,-2.841464243829250336e-02,-6.013771891593933105e-01,7.982543706893920898e-01,1.615575850009918213e-01,4.102606475353240967e-01,-3.272889554500579834e-01,-8.667097687721252441e-01,5.229260325431823730e-01,-2.018624067306518555e+00,1.190587654709815979e-01,1.235166311264038086e+00,8.813728690147399902e-01,2.518042027950286865e-01,-2.970799505710601807e-01,7.788009941577911377e-02,-1.545314211398363113e-02,4.095525443553924561e-01,-1.557024270296096802e-01,5.976685881614685059e-02,-2.912897765636444092e-01,-2.647522091865539551e-01,-1.155885010957717896e-01,6.655927300453186035e-01,-1.702833920717239380e-01,-7.346212863922119141e-02
-4.586586263030767441e-03,-2.173057794570922852e-01,5.779619812965393066e-01,2.093625441193580627e-02,-2.776253409683704376e-02,-5.904092788696289062e-01,8.063546419143676758e-01,1.717886924743652344e-01,3.880962729454040527e-01,-4.059011042118072510e-01,-9.370160102844238281e-01,5.517187118530273438e-01,-2.008548736572265625e+00,1.997319310903549194e-01,1.219536781311035156e+00,8.547252416610717773e-01,2.908232808113098145e-01,-3.253235220909118652e-01,5.938826501369476318e-02,-1.433654502034187317e-02,4.311305880546569824e-01,-1.588682085275650024e-01,5.961369723081588745e-02,-3.498282134532928467e-01,-2.468216717243194580e-01,-7.331740111112594604e-02,7.739157676696777344e-01,-1.664132922887802124e-01,-9.136524796485900879e-02
-2.908500144258141518e-03,-2.177921682596206665e-01,5.757888555526733398e-01,2.172794379293918610e-02,-2.965690568089485168e-02,-5.863684415817260742e-01,8.092097640037536621e-01,1.822222322225570679e-01,3.621218800544738770e-01,-4.573777914047241211e-01,-1.013878703117370605e+00,5.545695424079895020e-01,-1.995549201965332031e+00,2.741366326808929443e-01,1.204039573669433594e+00,8.251766562461853027e-01,3.196046650409698486e-01,-3.536001443862915039e-01,3.777504339814186096e-02,-7.143321447074413300e-03,4.568939805030822754e-01,-1.612553894519805908e-01,6.261220574378967285e-02,-4.213066697120666504e-01,-2.287452071905136108e-01,-5.366192385554313660e-02,9.065083861351013184e-01,-1.615089476108551025e-01,-1.004883274435997009e-01
-3.558456664904952049e-04,-2.172422558069229126e-01,5.736653208732604980e-01,2.018339373171329498e-02,-2.885601110756397247e-02,-5.846223831176757812e-01,8.105409741401672363e-01,1.904519051313400269e-01,3.508590459823608398e-01,-5.172522664070129395e-01,-1.069837331771850586e+00,5.633531212806701660e-01,-1.958604931831359863e+00,3.236286640167236328e-01,1.202771306037902832e+00,8.056870102882385254e-01,3.550097942352294922e-01,-3.813101351261138916e-01,2.937988005578517914e-02,1.167691592127084732e-02,4.830627143383026123e-01,-1.657416522502899170e-01,6.335096806287765503e-02,-4.933364689350128174e-01,-1.932160407304763794e-01,-4.863481968641281128e-02,1.034475564956665039e+00,-1.546322405338287354e-01,-1.094096824526786804e-01
3.251977497711777687e-03,-2.154380828142166138e-01,5.722702145576477051e-01,2.142811007797718048e-02,-2.487532421946525574e-02,-5.932492613792419434e-01,8.043490052223205566e-01,1.855546832084655762e-01,3.242281377315521240e-01,-5.427872538566589355e-01,-1.113827943801879883e+00,5.537340044975280762e-01,-1.938989281654357910e+00,3.632336854934692383e-01,1.176727890968322754e+00,7.883104085922241211e-01,4.154376089572906494e-01,-3.994196653366088867e-01,2.483464218676090240e-02,2.202435210347175598e-02,4.903703331947326660e-01,-1.689736992120742798e-01,7.216542214155197144e-02,-5.591619014739990234e-01,-1.556552648544311523e-01,-7.064686715602874756e-02,1.159169435501098633e+00,-1.458116322755813599e-01,-1.062276065349578857e-01
7.229450624436140060e-03,-2.130899280309677124e-01,5.714651942253112793e-01,2.351173385977745056e-02,-2.173624746501445770e-02,-6.056116819381713867e-01,7.951158285140991211e-01,2.083014249801635742e-01,3.153488934040069580e-01,-5.788950920104980469e-01,-1.132946014404296875e+00,5.397515892982482910e-01,-1.931119918823242188e+00,3.995524346828460693e-01,1.151624679565429688e+00,7.397331595420837402e-01,5.010779500007629395e-01,-4.143022596836090088e-01,1.404928229749202728e-02,3.657574951648712158e-02,4.950999915599822998e-01,-1.702392995357513428e-01,8.407206088304519653e-02,-6.108379364013671875e-01,-1.306163370609283447e-01,-1.035059839487075806e-01,1.271523118019104004e+00,-1.403823643922805786e-01,-9.439964592456817627e-02
1.141175162047147751e-02,-2.105981707572937012e-01,5.710907578468322754e-01,2.411228604614734650e-02,-1.832051575183868408e-02,-6.163302063941955566e-01,7.869053483009338379e-01,2.192860245704650879e-01,2.902004122734069824e-01,-5.997623801231384277e-01,-1.120285391807556152e+00,5.439555644989013672e-01,-1.910651564598083496e+00,4.263966381549835205e-01,1.129736423492431641e+00,7.210511565208435059e-01,5.900868177413940430e-01,-4.239101707935333252e-01,7.585241924971342087e-03,5.602173507213592529e-02,4.818484485149383545e-01,-1.724207699298858643e-01,9.118594229221343994e-02,-6.386041045188903809e-01,-9.115599095821380615e-02,-1.401171237230300903e-01,1.340088129043579102e+00,-1.334527283906936646e-01,-8.501002937555313110e-02
1.643267832696437836e-02,-2.073684781789779663e-01,5.709778070449829102e-01,2.071154862642288208e-02,-1.565612480044364929e-02,-6.320862770080566406e-01,7.744629383087158203e-01,2.266362309455871582e-01,2.536689341068267822e-01,-6.311596035957336426e-01,-1.091416954994201660e+00,5.482851266860961914e-01,-1.884829044342041016e+00,4.939856529235839844e-01,1.092352032661437988e+00,6.545255780220031738e-01,7.608478069305419922e-01,-4.267559945583343506e-01,-2.004140522330999374e-03,7.030503451824188232e-02,4.437597393989562988e-01,-1.711506247520446777e-01,1.047573089599609375e-01,-6.464800238609313965e-01,-4.749379679560661316e-02,-1.846475005149841309e-01,1.407190084457397461e+00,-1.252924203872680664e-01,-6.675980240106582642e-02
1.637887768447399139e-02,-2.074930667877197266e-01,5.710245966911315918e-01,1.869967393577098846e-02,-1.663897186517715454e-02,-6.375862360000610352e-01,7.699722647666931152e-01,2.243938148021697998e-01,2.533887028694152832e-01,-6.347061991691589355e-01,-1.096066594123840332e+00,5.509539842605590820e-01,-1.881702423095703125e+00,4.992942214012145996e-01,1.087668895721435547e+00,6.484041810035705566e-01,7.694497108459472656e-01,-4.272306263446807861e-01,-5.535966716706752777e-03,6.804822385311126709e-02,4.433169066905975342e-01,-1.700055897235870361e-01,1.064089238643646240e-01,-6.460296511650085449e-01,-5.010285973548889160e-02,-1.857188791036605835e-01,1.405168175697326660e+00,-1.239994913339614868e-01,-6.585144251585006714e-02
1.976306363940238953e-02,-2.049274444580078125e-01,5.720478892326354980e-01,2.381021901965141296e-02,-9.731893427670001984e-03,-6.498053073883056641e-01,7.596653103828430176e-01,2.331518679857254028e-01,2.250712960958480835e-01,-6.322617530822753906e-01,-1.064061641693115234e+00,5.471045970916748047e-01,-1.863317012786865234e+00,5.138309597969055176e-01,1.058248162269592285e+00,6.097141504287719727e-01,9.069160819053649902e-01,-4.292261004447937012e-01,-1.822907105088233948e-02,7.480405271053314209e-02,4.147756099700927734e-01,-1.674652099609375000e-01,1.169619709253311157e-01,-6.108684539794921875e-01,-1.080173067748546600e-02,-2.264375090599060059e-01,1.384554862976074219e+00,-1.164728179574012756e-01,-5.126990750432014465e-02
2.125300467014312744e-02,-2.035945355892181396e-01,5.723510384559631348e-01,2.773699536919593811e-02,-2.399815013632178307e-03,-6.669699549674987793e-01,7.445642948150634766e-01,2.495719790458679199e-01,2.065277099609375000e-01,-6.126790046691894531e-01,-1.025395393371582031e+00,5.497719645500183105e-01,-1.852626681327819824e+00,5.402026772499084473e-01,1.035060048103332520e+00,5.519024133682250977e-01,1.055747270584106445e+00,-4.368940293788909912e-01,-1.947158761322498322e-02,8.160252869129180908e-02,3.913656473159790039e-01,-1.649793535470962524e-01,1.209277659654617310e-01,-5.753955245018005371e-01,8.234878070652484894e-03,-2.518312633037567139e-01,1.340499043464660645e+00,-1.120807006955146790e-01,-4.403920099139213562e-02
2.103085815906524658e-02,-2.030763477087020874e-01,5.706899762153625488e-01,3.455808013677597046e-02,-4.180716350674629211e-04,-6.873591542243957520e-01,7.254949808120727539e-01,2.621906697750091553e-01,1.787923276424407959e-01,-5.596725940704345703e-01,-9.881685376167297363e-01,5.500578880310058594e-01,-1.818119525909423828e+00,5.400803685188293457e-01,1.012453794479370117e+00,5.383771657943725586e-01,1.188243865966796875e+00,-4.556303024291992188e-01,-2.292369306087493896e-02,7.984022796154022217e-02,3.866452872753143311e-01,-1.597803086042404175e-01,1.211616098880767822e-01,-5.285406708717346191e-01,2.428201213479042053e-02,-2.619094848632812500e-01,1.272426724433898926e+00,-1.116134747862815857e-01,-4.246510937809944153e-02
2.066458947956562042e-02,-2.021874934434890747e-01,5.686782002449035645e-01,3.579431399703025818e-02,2.943512750789523125e-03,-6.967003345489501953e-01,7.164626717567443848e-01,2.899799048900604248e-01,1.337180882692337036e-01,-4.867607057094573975e-01,-9.452148079872131348e-01,5.549739003181457520e-01,-1.768029928207397461e+00,5.641148090362548828e-01,1.015424966812133789e+00,5.000500082969665527e-01,1.309871792793273926e+00,-4.817160367965698242e-01,-1.567641645669937134e-02,9.672689437866210938e-02,3.899329304695129395e-01,-1.578304469585418701e-01,1.166808605194091797e-01,-4.770549237728118896e-01,3.605444356799125671e-02,-2.712331414222717285e-01,1.191910505294799805e+00,-1.113237515091896057e-01,-4.291163757443428040e-02
1.806750893592834473e-02,-2.022143006324768066e-01,5.653820037841796875e-01,3.068690560758113861e-02,2.532488433644175529e-03,-7.171126604080200195e-01,6.962767839431762695e-01,3.098247647285461426e-01,9.891591221094131470e-02,-3.976724445819854736e-01,-9.314286112785339355e-01,5.526500344276428223e-01,-1.691801786422729492e+00,5.533992648124694824e-01,1.020701408386230469e+00,4.777818620204925537e-01,1.434575080871582031e+00,-5.090199112892150879e-01,2.476075896993279457e-03,1.029470786452293396e-01,3.944679796695709229e-01,-1.556182354688644409e-01,1.112549901008605957e-01,-4.239480793476104736e-01,4.029033705592155457e-02,-2.684565484523773193e-01,1.099514245986938477e+00,-1.131637245416641235e-01,-5.001836642622947693e-02
1.409378554672002792e-02,-2.022412270307540894e-01,5.625504255294799805e-01,3.766693547368049622e-02,3.386590164154767990e-03,-7.380524873733520508e-01,6.736826300621032715e-01,3.309543430805206299e-01,6.284036487340927124e-02,-3.329350352287292480e-01,-9.118026494979858398e-01,5.742163658142089844e-01,-1.570994973182678223e+00,5.252605676651000977e-01,1.018350362777709961e+00,4.847437441349029541e-01,1.543493986129760742e+00,-5.394669175148010254e-01,2.014108002185821533e-02,1.139017641544342041e-01,4.155640900135040283e-01,-1.543460935354232788e-01,1.021649166941642761e-01,-3.641628921031951904e-01,4.806420952081680298e-02,-2.530755102634429932e-01,9.770196080207824707e-01,-1.195249855518341064e-01,-6.111271306872367859e-02
9.830617345869541168e-03,-2.025950849056243896e-01,5.629885792732238770e-01,4.496804997324943542e-02,4.106854554265737534e-03,-7.575253248214721680e-01,6.512421965599060059e-01,3.373652696609497070e-01,3.173162043094635010e-02,-2.800744473934173584e-01,-9.349375963211059570e-01,5.950234532356262207e-01,-1.396905899047851562e+00,5.252752304077148438e-01,1.052732825279235840e+00,4.862619936466217041e-01,1.662149906158447266e+00,-5.931242108345031738e-01,5.003198981285095215e-02,1.436859518289566040e-01,4.640612006187438965e-01,-1.556651890277862549e-01,8.876519650220870972e-02,-2.932959198951721191e-01,5.544710904359817505e-02,-2.494546324014663696e-01,8.341805934906005859e-01,-1.288926303386688232e-01,-6.649632751941680908e-02
6.193253211677074432e-03,-2.020861953496932983e-01,5.690511465072631836e-01,6.037724018096923828e-02,9.861019439995288849e-03,-7.727547883987426758e-01,6.317494511604309082e-01,3.515199720859527588e-01,1.472331304103136063e-02,-2.872603535652160645e-01,-9.919896125793457031e-01,6.622425913810729980e-01,-1.175486326217651367e+00,5.052934288978576660e-01,1.062961578369140625e+00,4.999408125877380371e-01,1.753393292427062988e+00,-6.456346511840820312e-01,7.611031830310821533e-02,1.557085067033767700e-01,5.248064994812011719e-01,-1.581055670976638794e-01,7.860893756151199341e-02,-2.219756245613098145e-01,7.480268180370330811e-02,-2.247597873210906982e-01,7.039434313774108887e-01,-1.357403695583343506e-01,-7.215140014886856079e-02
3.341124393045902252e-03,-2.016446739435195923e-01,5.726264119148254395e-01,7.552614063024520874e-02,2.157507464289665222e-02,-7.854860424995422363e-01,6.138746142387390137e-01,3.308005034923553467e-01,-2.043875306844711304e-02,-2.936773598194122314e-01,-1.055946230888366699e+00,7.615815997123718262e-01,-9.441955089569091797e-01,4.580845534801483154e-01,1.074237585067749023e+00,5.201333761215209961e-01,1.840134143829345703e+00,-6.858092546463012695e-01,9.203916788101196289e-02,1.467599868774414062e-01,5.474815368652343750e-01,-1.575190722942352295e-01,7.333587110042572021e-02,-1.809137463569641113e-01,8.488315343856811523e-02,-2.197613418102264404e-01,5.992804765701293945e-01,-1.408106982707977295e-01,-7.408422976732254028e-02
9.201522334478795528e-04,-2.015419453382492065e-01,5.762373208999633789e-01,8.620622009038925171e-02,3.021048940718173981e-02,-7.932200431823730469e-01,6.020446419715881348e-01,3.219739496707916260e-01,-5.462445691227912903e-02,-2.681955695152282715e-01,-1.107292294502258301e+00,8.506439328193664551e-01,-7.319220900535583496e-01,4.095090627670288086e-01,1.097566485404968262e+00,5.444608330726623535e-01,1.919013738632202148e+00,-7.220227122306823730e-01,1.134799122810363770e-01,1.520868688821792603e-01,5.704517364501953125e-01,-1.579147577285766602e-01,6.273631006479263306e-02,-1.450127810239791870e-01,9.215749055147171021e-02,-2.223883271217346191e-01,5.016596317291259766e-01,-1.494774669408798218e-01,-7.672035694122314453e-02
-1.499485370004549623e-04,-2.015915215015411377e-01,5.777731537818908691e-01,9.614484757184982300e-02,3.325053676962852478e-02,-7.964712977409362793e-01,5.960570573806762695e-01,3.076973259449005127e-01,-4.244798421859741211e-02,-2.565264403820037842e-01,-1.173567771911621094e+00,9.052213430404663086e-01,-5.134019255638122559e-01,3.260678350925445557e-01,1.107830882072448730e+00,5.739498138427734375e-01,1.987766385078430176e+00,-7.363532781600952148e-01,1.158590018749237061e-01,1.617183834314346313e-01,5.587671399116516113e-01,-1.579909771680831909e-01,6.352064758539199829e-02,-1.189301833510398865e-01,8.960814028978347778e-02,-2.114447057247161865e-01,4.388163387775421143e-01,-1.535233706235885620e-01,-7.920671254396438599e-02
-1.739276223815977573e-03,-2.022005170583724976e-01,5.800171494483947754e-01,1.018806993961334229e-01,3.459214419126510620e-02,-8.044007420539855957e-01,5.842629671096801758e-01,3.174726963043212891e-01,-3.497872874140739441e-02,-1.827366650104522705e-01,-1.210268020629882812e+00,8.789709806442260742e-01,-3.630831837654113770e-01,2.406150400638580322e-01,1.122695684432983398e+00,6.051543354988098145e-01,2.047743558883666992e+00,-7.423127293586730957e-01,1.059398055076599121e-01,1.465410590171813965e-01,5.349097847938537598e-01,-1.565936803817749023e-01,6.719983369112014771e-02,-1.027880460023880005e-01,8.332405984401702881e-02,-2.056149542331695557e-01,3.892126083374023438e-01,-1.570037752389907837e-01,-7.977383583784103394e-02
-2.570523181930184364e-03,-2.033556997776031494e-01,5.817952156066894531e-01,1.072033792734146118e-01,3.472219035029411316e-02,-8.089144229888916016e-01,5.770261883735656738e-01,3.262491822242736816e-01,-3.864825516939163208e-02,-1.056056395173072815e-01,-1.225386977195739746e+00,8.219581246376037598e-01,-2.805722653865814209e-01,1.516658514738082886e-01,1.143016219139099121e+00,6.258913278579711914e-01,2.098840236663818359e+00,-7.533134222030639648e-01,9.446510672569274902e-02,1.420961022377014160e-01,5.343304276466369629e-01,-1.581042706966400146e-01,7.294593751430511475e-02,-1.022524833679199219e-01,8.062176406383514404e-02,-2.014590352773666382e-01,3.597311079502105713e-01,-1.608510613441467285e-01,-7.992095500230789185e-02
-3.710566088557243347e-03,-2.033019214868545532e-01,5.832590460777282715e-01,1.071429252624511719e-01,3.792520612478256226e-02,-8.195757865905761719e-01,5.615848898887634277e-01,3.380558788776397705e-01,-2.992083132266998291e-02,3.580600954592227936e-03,-1.211629867553710938e+00,7.842957377433776855e-01,-2.480177879333496094e-01,2.681656740605831146e-02,1.169936060905456543e+00,6.636620163917541504e-01,2.132066726684570312e+00,-7.584492564201354980e-01,8.201986551284790039e-02,1.215968504548072815e-01,5.200526714324951172e-01,-1.553835421800613403e-01,7.245305925607681274e-02,-9.636373072862625122e-02,8.493167161941528320e-02,-1.933222860097885132e-01,3.297690749168395996e-01,-1.609869301319122314e-01,-8.252290636301040649e-02
-4.562716931104660034e-03,-2.034667879343032837e-01,5.826287865638732910e-01,1.100911498069763184e-01,3.801352530717849731e-02,-8.268663883209228516e-01,5.502061843872070312e-01,3.517222106456756592e-01,-2.446420863270759583e-02,1.134787797927856445e-01,-1.201496124267578125e+00,7.175779938697814941e-01,-2.621932327747344971e-01,-1.051052436232566833e-01,1.199665665626525879e+00,6.956897974014282227e-01,2.146228075027465820e+00,-7.580811381340026855e-01,6.060021743178367615e-02,9.814865887165069580e-02,5.209330916404724121e-01,-1.541251242160797119e-01,7.993952929973602295e-02,-8.771028369665145874e-02,8.812954276800155640e-02,-1.866918057203292847e-01,3.122128844261169434e-01,-1.629263460636138916e-01,-8.413796871900558472e-02
-5.264203064143657684e-03,-2.037936747074127197e-01,5.817526578903198242e-01,1.060438975691795349e-01,3.725905343890190125e-02,-8.292669057846069336e-01,5.474329590797424316e-01,3.509394228458404541e-01,-2.039106190204620361e-02,2.497180998325347900e-01,-1.180075764656066895e+00,6.305586695671081543e-01,-3.136520385742187500e-01,-2.069796770811080933e-01,1.239782333374023438e+00,7.271183133125305176e-01,2.139529705047607422e+00,-7.599929571151733398e-01,4.176994040608406067e-02,9.393762797117233276e-02,5.382601022720336914e-01,-1.528785079717636108e-01,8.244741708040237427e-02,-8.533798903226852417e-02,8.712918311357498169e-02,-1.928291767835617065e-01,3.236469030380249023e-01,-1.651284843683242798e-01,-8.272725343704223633e-02
-6.332354620099067688e-03,-2.045418024063110352e-01,5.801770091056823730e-01,1.072559803724288940e-01,3.334153816103935242e-02,-8.308546543121337891e-01,5.450367331504821777e-01,3.647613823413848877e-01,-1.729195937514305115e-02,3.701723814010620117e-01,-1.158147573471069336e+00,5.930092334747314453e-01,-4.173755049705505371e-01,-2.952504754066467285e-01,1.264428377151489258e+00,7.554201483726501465e-01,2.108686447143554688e+00,-7.559760808944702148e-01,1.963260583579540253e-02,8.064295351505279541e-02,5.652740001678466797e-01,-1.533543467521667480e-01,8.885876834392547607e-02,-8.472611755132675171e-02,7.922121137380599976e-02,-2.038777321577072144e-01,3.384978771209716797e-01,-1.695004254579544067e-01,-8.105630427598953247e-02
-5.657570902258157730e-03,-2.043954581022262573e-01,5.741314291954040527e-01,1.044630110263824463e-01,2.765900641679763794e-02,-8.275251388549804688e-01,5.509306788444519043e-01,3.737793266773223877e-01,6.686451844871044159e-03,4.890749752521514893e-01,-1.134193897247314453e+00,5.274826884269714355e-01,-5.123937129974365234e-01,-3.703411221504211426e-01,1.285239219665527344e+00,7.872380018234252930e-01,2.057178258895874023e+00,-7.586773633956909180e-01,-8.150949142873287201e-04,6.152677908539772034e-02,6.158788800239562988e-01,-1.511292010545730591e-01,9.789273142814636230e-02,-9.886749833822250366e-02,6.854029744863510132e-02,-2.306251674890518188e-01,4.228880107402801514e-01,-1.683258712291717529e-01,-7.698688656091690063e-02
-4.902317654341459274e-03,-2.053747624158859253e-01,5.675274133682250977e-01,9.756109863519668579e-02,1.958637684583663940e-02,-8.242209553718566895e-01,5.574567914009094238e-01,3.832038938999176025e-01,3.160997480154037476e-02,5.810464024543762207e-01,-1.124373555183410645e+00,4.624808430671691895e-01,-5.803612470626831055e-01,-3.804677724838256836e-01,1.270516872406005859e+00,7.997503876686096191e-01,1.976129412651062012e+00,-7.677739262580871582e-01,-2.017169632017612457e-02,5.263564363121986389e-02,6.891520023345947266e-01,-1.511553972959518433e-01,1.083448380231857300e-01,-1.322067826986312866e-01,5.111951753497123718e-02,-2.552101612091064453e-01,5.384901762008666992e-01,-1.686865240335464478e-01,-7.324318587779998779e-02
-3.639278700575232506e-03,-2.067811489105224609e-01,5.570878982543945312e-01,9.050694853067398071e-02,8.445712737739086151e-03,-8.165770173072814941e-01,5.700342655181884766e-01,4.112643599510192871e-01,7.551603019237518311e-02,6.173002719879150391e-01,-1.092087626457214355e+00,4.485413730144500732e-01,-6.607046127319335938e-01,-3.831228315830230713e-01,1.253985404968261719e+00,8.120658993721008301e-01,1.858926773071289062e+00,-7.649050354957580566e-01,-4.495053365826606750e-02,6.733279675245285034e-02,7.367959618568420410e-01,-1.516249477863311768e-01,1.156222894787788391e-01,-1.887510418891906738e-01,1.255539525300264359e-02,-2.637776434421539307e-01,7.052544355392456055e-01,-1.679986864328384399e-01,-6.888981908559799194e-02
-9.417037945240736008e-04,-2.087856233119964600e-01,5.472248196601867676e-01,8.163116127252578735e-02,-1.435094163753092289e-03,-8.104081153869628906e-01,5.801490545272827148e-01,4.387336373329162598e-01,8.485127240419387817e-02,6.551250815391540527e-01,-1.070980191230773926e+00,4.246980547904968262e-01,-7.193406820297241211e-01,-3.473242521286010742e-01,1.239325881004333496e+00,8.124756217002868652e-01,1.710231661796569824e+00,-7.528212666511535645e-01,-6.281311810016632080e-02,7.126241177320480347e-02,7.921702861785888672e-01,-1.530604660511016846e-01,1.284995973110198975e-01,-2.702153325080871582e-01,-3.617566823959350586e-02,-2.907508015632629395e-01,9.063293337821960449e-01,-1.670040339231491089e-01,-5.560040101408958435e-02
1.259728800505399704e-03,-2.117538899183273315e-01,5.451865792274475098e-01,7.679164409637451172e-02,-1.251663081347942352e-02,-8.000661730766296387e-01,5.948449373245239258e-01,4.938080906867980957e-01,1.235627159476280212e-01,6.490522027015686035e-01,-1.048332929611206055e+00,4.103783369064331055e-01,-7.935033440589904785e-01,-2.986232340335845947e-01,1.212283372879028320e+00,8.007835745811462402e-01,1.528496742248535156e+00,-7.308404445648193359e-01,-8.295553177595138550e-02,7.953261584043502808e-02,8.412263989448547363e-01,-1.552223414182662964e-01,1.395826190710067749e-01,-3.722558319568634033e-01,-8.461716771125793457e-02,-2.948917746543884277e-01,1.094827651977539062e+00,-1.701083481311798096e-01,-3.842093050479888916e-02
2.063187537714838982e-03,-2.139584273099899292e-01,5.450543761253356934e-01,7.591522485017776489e-02,-2.369779720902442932e-02,-7.915790081024169922e-01,6.058696508407592773e-01,5.461320281028747559e-01,1.391863524913787842e-01,6.055933237075805664e-01,-1.034145712852478027e+00,4.245056509971618652e-01,-8.697855472564697266e-01,-2.778151929378509521e-01,1.196279287338256836e+00,8.258016705513000488e-01,1.302927255630493164e+00,-7.009943723678588867e-01,-1.021669134497642517e-01,7.562237232923507690e-02,8.526158928871154785e-01,-1.556815952062606812e-01,1.467636972665786743e-01,-4.699602127075195312e-01,-1.376701295375823975e-01,-2.751916944980621338e-01,1.239769220352172852e+00,-1.771148294210433960e-01,-2.366564795374870300e-02
1.470315968617796898e-03,-2.150654941797256470e-01,5.461902618408203125e-01,7.332167029380798340e-02,-2.666824683547019958e-02,-7.857155799865722656e-01,6.136479377746582031e-01,5.817900300025939941e-01,1.383114755153656006e-01,5.517215132713317871e-01,-1.000934839248657227e+00,4.270710051059722900e-01,-9.825236201286315918e-01,-2.672603428363800049e-01,1.209731459617614746e+00,8.808729648590087891e-01,9.900066256523132324e-01,-6.771200895309448242e-01,-1.066404655575752258e-01,6.132712960243225098e-02,8.553106188774108887e-01,-1.558443158864974976e-01,1.460571289062500000e-01,-5.645155310630798340e-01,-1.902379244565963745e-01,-2.629747092723846436e-01,1.336023211479187012e+00,-1.851909011602401733e-01,-1.008562091737985611e-02
-4.541966063698055223e-06,-2.162248939275741577e-01,5.469096899032592773e-01,7.128706574440002441e-02,-2.878916822373867035e-02,-7.730870246887207031e-01,6.296235322952270508e-01,6.063967943191528320e-01,1.235003918409347534e-01,4.801827371120452881e-01,-9.766997098922729492e-01,4.381675124168395996e-01,-1.106620788574218750e+00,-2.322148233652114868e-01,1.225728988647460938e+00,9.102625846862792969e-01,7.167007923126220703e-01,-6.479305028915405273e-01,-8.988630026578903198e-02,4.854562506079673767e-02,8.597665429115295410e-01,-1.580680161714553833e-01,1.366959661245346069e-01,-6.357013583183288574e-01,-2.302722632884979248e-01,-2.322561740875244141e-01,1.362520813941955566e+00,-1.891126781702041626e-01,-7.711780257523059845e-03
-1.697302563115954399e-03,-2.167882770299911499e-01,5.497323870658874512e-01,7.082141190767288208e-02,-2.674485184252262115e-02,-7.608215212821960449e-01,6.445305943489074707e-01,6.043470501899719238e-01,1.123222932219505310e-01,3.490474522113800049e-01,-9.306408762931823730e-01,4.909079968929290771e-01,-1.206826210021972656e+00,-1.646674722433090210e-01,1.240351796150207520e+00,9.020717740058898926e-01,5.037322044372558594e-01,-6.119422316551208496e-01,-6.841062009334564209e-02,3.044144436717033386e-02,8.373391628265380859e-01,-1.599572002887725830e-01,1.301773041486740112e-01,-6.936714053153991699e-01,-2.714450359344482422e-01,-1.838691979646682739e-01,1.352254748344421387e+00,-1.887217462062835693e-01,-1.434810180217027664e-02
-2.688268898054957390e-03,-2.179001718759536743e-01,5.531596541404724121e-01,6.554853916168212891e-02,-2.116630971431732178e-02,-7.436116933822631836e-01,6.650541424751281738e-01,5.864298939704895020e-01,7.850774377584457397e-02,2.798786759376525879e-01,-9.186142683029174805e-01,5.145413279533386230e-01,-1.397195816040039062e+00,-7.450678199529647827e-02,1.252564191818237305e+00,7.945661544799804688e-01,3.947606980800628662e-01,-5.712975263595581055e-01,-2.131390385329723358e-02,7.196167949587106705e-03,8.009973764419555664e-01,-1.643944382667541504e-01,1.210716515779495239e-01,-7.168720960617065430e-01,-2.884070873260498047e-01,-1.698937565088272095e-01,1.283044934272766113e+00,-1.870290189981460571e-01,-1.292758435010910034e-02
-3.742285305634140968e-03,-2.189186215400695801e-01,5.583543181419372559e-01,6.226236373186111450e-02,-1.446511875838041306e-02,-7.250535488128662109e-01,6.857197284698486328e-01,5.625913143157958984e-01,2.179976925253868103e-02,1.881761848926544189e-01,-9.319129586219787598e-01,5.452430844306945801e-01,-1.558185219764709473e+00,1.743576303124427795e-02,1.240874886512756348e+00,7.803611755371093750e-01,3.111679553985595703e-01,-5.249779820442199707e-01,1.265460997819900513e-02,-2.762817405164241791e-02,7.337720990180969238e-01,-1.659407019615173340e-01,1.120044365525245667e-01,-7.009462714195251465e-01,-2.978103458881378174e-01,-1.424302309751510620e-01,1.161733508110046387e+00,-1.840154975652694702e-01,-2.682676911354064941e-02
-5.275884643197059631e-03,-2.198992371559143066e-01,5.662575960159301758e-01,4.893624037504196167e-02,-3.559521632269024849e-03,-7.147074937820434570e-01,6.977003216743469238e-01,5.050711035728454590e-01,-9.580843150615692139e-03,5.080947652459144592e-02,-9.357888698577880859e-01,6.064246892929077148e-01,-1.708604574203491211e+00,1.079140007495880127e-01,1.217616200447082520e+00,7.843089699745178223e-01,3.054004907608032227e-01,-4.807582199573516846e-01,5.503368377685546875e-02,-5.218331888318061829e-02,6.627180576324462891e-01,-1.676312685012817383e-01,1.034970730543136597e-01,-6.489267945289611816e-01,-2.884432375431060791e-01,-1.170933619141578674e-01,9.658043980598449707e-01,-1.820617914199829102e-01,-4.141239449381828308e-02
-5.059457384049892426e-03,-2.201127260923385620e-01,5.696094036102294922e-01,4.466119036078453064e-02,-3.707458032295107841e-03,-7.150452136993408203e-01,6.976402997970581055e-01,4.500786960124969482e-01,-2.135262824594974518e-02,-9.651619195938110352e-02,-9.755876660346984863e-01,6.671935915946960449e-01,-1.830455541610717773e+00,1.995668560266494751e-01,1.181218266487121582e+00,7.766288518905639648e-01,3.269006311893463135e-01,-4.429939091205596924e-01,8.767797797918319702e-02,-7.180929183959960938e-02,6.082778573036193848e-01,-1.654731333255767822e-01,1.042305082082748413e-01,-5.918256640434265137e-01,-2.769709229469299316e-01,-8.079914748668670654e-02,7.937871217727661133e-01,-1.791256517171859741e-01,-5.059558525681495667e-02
-3.437172621488571167e-03,-2.200920283794403076e-01,5.775793194770812988e-01,4.000735655426979065e-02,-2.226365264505147934e-03,-7.025919556617736816e-01,7.104638814926147461e-01,3.895921409130096436e-01,-5.146684870123863220e-02,-2.787521183490753174e-01,-9.910873174667358398e-01,7.251232266426086426e-01,-1.907079577445983887e+00,2.976298928260803223e-01,1.154926657676696777e+00,7.656518220901489258e-01,3.692698478698730469e-01,-4.039656221866607666e-01,1.303588300943374634e-01,-9.004313498735427856e-02,5.468824505805969238e-01,-1.652314513921737671e-01,1.019649580121040344e-01,-5.270764231681823730e-01,-2.584428191184997559e-01,-4.621915146708488464e-02,6.339300274848937988e-01,-1.748401522636413574e-01,-6.038876250386238098e-02
-1.123527064919471741e-03,-2.195125222206115723e-01,5.814440250396728516e-01,4.142561927437782288e-02,-4.377085715532302856e-03,-6.919559836387634277e-01,7.207368612289428711e-01,3.365915417671203613e-01,-5.351062119007110596e-02,-4.617215096950531006e-01,-1.039175033569335938e+00,7.732664346694946289e-01,-1.951285600662231445e+00,3.794963359832763672e-01,1.139568209648132324e+00,7.047776579856872559e-01,3.892205357551574707e-01,-3.778552711009979248e-01,1.628178060054779053e-01,-8.707633614540100098e-02,5.227280855178833008e-01,-1.650255024433135986e-01,1.018220111727714539e-01,-4.998591840267181396e-01,-2.537373304367065430e-01,-2.478696592152118683e-02,5.507021546363830566e-01,-1.699199527502059937e-01,-6.375623494386672974e-02
8.008431177586317062e-05,-2.186017185449600220e-01,5.840001702308654785e-01,4.729253798723220825e-02,-2.427874132990837097e-03,-6.936152577400207520e-01,7.187874317169189453e-01,2.853054106235504150e-01,-6.288091093301773071e-02,-5.828844308853149414e-01,-1.067644476890563965e+00,7.671011686325073242e-01,-1.968862295150756836e+00,4.364490211009979248e-01,1.120454072952270508e+00,6.629780530929565430e-01,4.325723946094512939e-01,-3.663373291492462158e-01,1.951202899217605591e-01,-8.915427327156066895e-02,5.217196941375732422e-01,-1.648581475019454956e-01,9.901350736618041992e-02,-4.928671419620513916e-01,-2.526530921459197998e-01,-2.052815444767475128e-02,5.016961693763732910e-01,-1.663987040519714355e-01,-6.278052926063537598e-02
1.334269763901829720e-03,-2.185167521238327026e-01,5.838646888732910156e-01,4.913850501179695129e-02,-6.150388624519109726e-03,-6.888445615768432617e-01,7.232155799865722656e-01,2.436061501502990723e-01,-6.652467697858810425e-02,-6.917904019355773926e-01,-1.105605244636535645e+00,7.611737847328186035e-01,-1.963443040847778320e+00,4.864377975463867188e-01,1.100119233131408691e+00,6.296049356460571289e-01,4.740502834320068359e-01,-3.491397202014923096e-01,2.200926244258880615e-01,-9.698003530502319336e-02,5.342492461204528809e-01,-1.685757488012313843e-01,1.004019975662231445e-01,-5.223223567008972168e-01,-2.378107011318206787e-01,-8.999359793961048126e-03,5.263845324516296387e-01,-1.612322479486465454e-01,-6.308829039335250854e-02
1.395588042214512825e-03,-2.184614837169647217e-01,5.801244974136352539e-01,4.616136476397514343e-02,-8.465973660349845886e-03,-7.039963603019714355e-01,7.086512446403503418e-01,2.216179817914962769e-01,-6.325255334377288818e-02,-7.791805267333984375e-01,-1.094883322715759277e+00,7.431930899620056152e-01,-1.917657017707824707e+00,4.919015765190124512e-01,1.072860240936279297e+00,6.084934473037719727e-01,5.271873474121093750e-01,-3.311021924018859863e-01,2.454861551523208618e-01,-9.665782004594802856e-02,5.631814599037170410e-01,-1.734555661678314209e-01,1.013459712266921997e-01,-5.730285644531250000e-01,-2.203735262155532837e-01,-1.154602598398923874e-02,5.820763707160949707e-01,-1.574310958385467529e-01,-6.136947497725486755e-02
1.382859773002564907e-03,-2.182811945676803589e-01,5.786752104759216309e-01,4.605231806635856628e-02,-1.298433355987071991e-02,-7.167539596557617188e-01,6.956826448440551758e-01,2.052263468503952026e-01,-5.640157312154769897e-02,-8.090708851814270020e-01,-1.087316036224365234e+00,7.246671915054321289e-01,-1.859610557556152344e+00,4.865166544914245605e-01,1.054055571556091309e+00,5.811343789100646973e-01,5.802149176597595215e-01,-3.153386414051055908e-01,2.700255811214447021e-01,-9.424131363630294800e-02,5.851061940193176270e-01,-1.759828031063079834e-01,1.000211462378501892e-01,-6.052551269531250000e-01,-2.037925273180007935e-01,-2.755352854728698730e-02,6.216729879379272461e-01,-1.520187109708786011e-01,-5.846766009926795959e-02
2.186244353652000427e-03,-2.187762707471847534e-01,5.748922228813171387e-01,4.362205788493156433e-02,-1.965971477329730988e-02,-7.243669033050537109e-01,6.877523064613342285e-01,1.862605214118957520e-01,-4.843879863619804382e-02,-8.171352148056030273e-01,-1.071396827697753906e+00,7.310861349105834961e-01,-1.767152547836303711e+00,4.703467786312103271e-01,1.040245532989501953e+00,5.684648156166076660e-01,6.133443713188171387e-01,-3.029962480068206787e-01,2.950730621814727783e-01,-7.622783631086349487e-02,6.263480186462402344e-01,-1.853468567132949829e-01,9.714235365390777588e-02,-6.458095908164978027e-01,-1.879391223192214966e-01,-3.215594962239265442e-02,6.890232563018798828e-01,-1.520825773477554321e-01,-5.478836968541145325e-02
2.092287875711917877e-03,-2.194117307662963867e-01,5.711545944213867188e-01,3.841680660843849182e-02,-2.197467721998691559e-02,-7.367816567420959473e-01,6.746807098388671875e-01,1.724673956632614136e-01,-2.874178625643253326e-02,-7.890489697456359863e-01,-1.057712793350219727e+00,7.435652017593383789e-01,-1.655369758605957031e+00,4.284524321556091309e-01,1.030499339103698730e+00,5.649873614311218262e-01,6.794533729553222656e-01,-2.850921154022216797e-01,3.120897114276885986e-01,-7.638370990753173828e-02,6.429871916770935059e-01,-1.913419365882873535e-01,9.573303908109664917e-02,-6.756566166877746582e-01,-1.569109559059143066e-01,-3.761500120162963867e-02,7.417112588882446289e-01,-1.471006572246551514e-01,-5.714533850550651550e-02
2.137181581929326057e-03,-2.199967354536056519e-01,5.706138014793395996e-01,3.641283884644508362e-02,-2.761952020227909088e-02,-7.427636981010437012e-01,6.679919958114624023e-01,1.835619807243347168e-01,-5.187415517866611481e-03,-7.536011934280395508e-01,-1.050212621688842773e+00,7.751625776290893555e-01,-1.482462644577026367e+00,3.944742977619171143e-01,1.041659355163574219e+00,5.386847257614135742e-01,7.362111210823059082e-01,-2.778235673904418945e-01,3.212180137634277344e-01,-7.473447918891906738e-02,6.507208347320556641e-01,-1.956235468387603760e-01,9.437099844217300415e-02,-6.809402108192443848e-01,-1.324573755264282227e-01,-4.237148910760879517e-02,7.603888511657714844e-01,-1.445329189300537109e-01,-6.003502383828163147e-02
2.717863535508513451e-03,-2.207327336072921753e-01,5.704509019851684570e-01,3.189357370138168335e-02,-3.644594922661781311e-02,-7.450922131538391113e-01,6.652007699012756348e-01,2.060931026935577393e-01,7.650095038115978241e-03,-7.090362310409545898e-01,-1.032984733581542969e+00,8.311859965324401855e-01,-1.318811774253845215e+00,3.727401196956634521e-01,1.057870507240295410e+00,5.388010740280151367e-01,7.903816103935241699e-01,-2.750962376594543457e-01,3.273558318614959717e-01,-6.833991408348083496e-02,6.724720001220703125e-01,-1.995414048433303833e-01,9.306941926479339600e-02,-6.725664734840393066e-01,-1.062254160642623901e-01,-4.300584271550178528e-02,7.630308270454406738e-01,-1.436452418565750122e-01,-6.464397162199020386e-02
2.541058929637074471e-03,-2.213945388793945312e-01,5.719819068908691406e-01,3.037196397781372070e-02,-4.026878252625465393e-02,-7.530782818794250488e-01,6.559947133064270020e-01,2.092353552579879761e-01,2.079143002629280090e-02,-6.654626131057739258e-01,-1.068923830986022949e+00,8.473101854324340820e-01,-1.039029359817504883e+00,3.607950210571289062e-01,1.056633830070495605e+00,5.157935619354248047e-01,9.067038893699645996e-01,-2.780036628246307373e-01,3.289857506752014160e-01,-5.765190720558166504e-02,6.777679920196533203e-01,-2.031307220458984375e-01,9.255123883485794067e-02,-6.570183038711547852e-01,-8.416907489299774170e-02,-4.229310154914855957e-02,7.473728656768798828e-01,-1.425001472234725952e-01,-6.878103315830230713e-02
3.341375151649117470e-03,-2.223210632801055908e-01,5.736169219017028809e-01,2.830608189105987549e-02,-4.697129130363464355e-02,-7.509828209877014160e-01,6.580404639244079590e-01,2.159723490476608276e-01,5.318230018019676208e-02,-6.145945191383361816e-01,-1.138377070426940918e+00,9.391815066337585449e-01,-7.872345447540283203e-01,3.501726090908050537e-01,1.067925214767456055e+00,5.220280885696411133e-01,1.004516959190368652e+00,-3.008896708488464355e-01,3.305234611034393311e-01,-5.986230820417404175e-02,7.068706154823303223e-01,-2.052768468856811523e-01,9.414359927177429199e-02,-6.358729004859924316e-01,-6.500820070505142212e-02,-4.159870371222496033e-02,7.197850942611694336e-01,-1.428025960922241211e-01,-7.090004533529281616e-02
3.891145111992955208e-03,-2.241192460060119629e-01,5.740726590156555176e-01,2.910007908940315247e-02,-5.034370720386505127e-02,-7.530257701873779297e-01,6.554165482521057129e-01,2.261716723442077637e-01,7.661596685647964478e-02,-4.817639291286468506e-01,-1.231274724006652832e+00,9.295049905776977539e-01,-5.388824343681335449e-01,3.427287042140960693e-01,1.063980102539062500e+00,5.177706480026245117e-01,1.172027587890625000e+00,-3.127919137477874756e-01,3.219760656356811523e-01,-5.887552723288536072e-02,7.143313288688659668e-01,-2.102940827608108521e-01,9.649005532264709473e-02,-6.297683715820312500e-01,-4.976617917418479919e-02,-4.535258933901786804e-02,7.173365354537963867e-01,-1.445473432540893555e-01,-7.217638194561004639e-02
3.744333283975720406e-03,-2.252215594053268433e-01,5.752373933792114258e-01,3.105149418115615845e-02,-4.800964146852493286e-02,-7.572606801986694336e-01,6.506052017211914062e-01,2.781563997268676758e-01,1.102778837084770203e-01,-3.748871088027954102e-01,-1.257735371589660645e+00,9.082205891609191895e-01,-3.881409764289855957e-01,3.215422928333282471e-01,1.071956992149353027e+00,5.341452360153198242e-01,1.294207096099853516e+00,-3.263629972934722900e-01,3.303355574607849121e-01,-6.223288178443908691e-02,7.353484630584716797e-01,-2.153627574443817139e-01,9.631685912609100342e-02,-6.209079623222351074e-01,-4.106817767024040222e-02,-6.275432556867599487e-02,7.147369980812072754e-01,-1.494089961051940918e-01,-7.607212662696838379e-02
4.639137536287307739e-03,-2.264487594366073608e-01,5.755530595779418945e-01,3.241843730211257935e-02,-4.490525275468826294e-02,-7.554137110710144043e-01,6.529032588005065918e-01,3.065949976444244385e-01,1.371767669916152954e-01,-2.444215118885040283e-01,-1.268912792205810547e+00,9.025472402572631836e-01,-2.881691753864288330e-01,2.755455672740936279e-01,1.065438508987426758e+00,5.850892663002014160e-01,1.478500008583068848e+00,-3.342974483966827393e-01,3.354693651199340820e-01,-6.638014316558837891e-02,7.608733773231506348e-01,-2.197146266698837280e-01,9.984502941370010376e-02,-6.158327460289001465e-01,-2.778030373156070709e-02,-6.852734088897705078e-02,7.217954397201538086e-01,-1.517638266086578369e-01,-8.104994893074035645e-02
4.274896346032619476e-03,-2.277686893939971924e-01,5.745722055435180664e-01,3.356041759252548218e-02,-4.475744813680648804e-02,-7.611583471298217773e-01,6.461489796638488770e-01,3.550265133380889893e-01,1.607825905084609985e-01,-7.943350821733474731e-02,-1.273823142051696777e+00,8.736331462860107422e-01,-2.173290997743606567e-01,2.376886457204818726e-01,1.096312999725341797e+00,6.200569868087768555e-01,1.637518167495727539e+00,-3.519421517848968506e-01,3.378377258777618408e-01,-7.795268297195434570e-02,7.846666574478149414e-01,-2.230835556983947754e-01,1.006165966391563416e-01,-6.181048750877380371e-01,-2.450385503470897675e-02,-9.192933142185211182e-02,7.478539943695068359e-01,-1.547855585813522339e-01,-8.022628724575042725e-02
4.908608272671699524e-03,-2.287978082895278931e-01,5.712080001831054688e-01,3.156619518995285034e-02,-4.845077544450759888e-02,-7.614181637763977051e-01,6.456767916679382324e-01,3.969527184963226318e-01,1.775980740785598755e-01,9.468271583318710327e-02,-1.284293174743652344e+00,8.114504814147949219e-01,-1.849178671836853027e-01,1.541593819856643677e-01,1.105612993240356445e+00,6.641682386398315430e-01,1.791484951972961426e+00,-3.825233876705169678e-01,3.441337049007415771e-01,-9.709169715642929077e-02,8.351339101791381836e-01,-2.260271161794662476e-01,1.030901372432708740e-01,-6.299402117729187012e-01,-2.011169865727424622e-02,-9.630701690912246704e-02,8.023159503936767578e-01,-1.564636379480361938e-01,-8.554074913263320923e-02
4.922312684357166290e-03,-2.291100770235061646e-01,5.713213086128234863e-01,3.410065174102783203e-02,-4.897083714604377747e-02,-7.613835930824279785e-01,6.455493569374084473e-01,4.382798671722412109e-01,1.987484395503997803e-01,2.351896315813064575e-01,-1.310135602951049805e+00,6.999881267547607422e-01,-1.424305289983749390e-01,2.051619067788124084e-02,1.112457990646362305e+00,7.132583260536193848e-01,1.923838734626770020e+00,-3.974550962448120117e-01,3.324297368526458740e-01,-1.333525180816650391e-01,8.510842323303222656e-01,-2.247785329818725586e-01,1.119157299399375916e-01,-6.220339536666870117e-01,-2.242294698953628540e-02,-1.106436550617218018e-01,8.180837631225585938e-01,-1.584635376930236816e-01,-8.524335920810699463e-02
4.114358685910701752e-03,-2.288727760314941406e-01,5.714075565338134766e-01,3.447933495044708252e-02,-4.700698330998420715e-02,-7.624442577362060547e-01,6.444224119186401367e-01,4.588121473789215088e-01,2.218808978796005249e-01,3.698513507843017578e-01,-1.336749792098999023e+00,5.695583224296569824e-01,-1.076573207974433899e-01,-1.388048529624938965e-01,1.138228416442871094e+00,7.533333897590637207e-01,2.008087158203125000e+00,-4.135480821132659912e-01,3.140629827976226807e-01,-1.690243333578109741e-01,8.485241532325744629e-01,-2.202404141426086426e-01,1.211255714297294617e-01,-6.109002828598022461e-01,-3.009534440934658051e-02,-1.273855566978454590e-01,8.374421596527099609e-01,-1.588373780250549316e-01,-8.170838654041290283e-02
4.290351644158363342e-03,-2.281432002782821655e-01,5.733022093772888184e-01,4.161178693175315857e-02,-4.771905764937400818e-02,-7.547110915184020996e-01,6.529950499534606934e-01,4.890053868293762207e-01,2.417517006397247314e-01,4.997348487377166748e-01,-1.355155706405639648e+00,4.597119390964508057e-01,-1.272160261869430542e-01,-2.856234312057495117e-01,1.190330505371093750e+00,7.641317844390869141e-01,2.045496463775634766e+00,-4.389787614345550537e-01,2.913757264614105225e-01,-1.845316737890243530e-01,8.502051234245300293e-01,-2.138905525207519531e-01,1.218645870685577393e-01,-5.982667207717895508e-01,-3.643799200654029846e-02,-1.312005370855331421e-01,8.322440981864929199e-01,-1.590836346149444580e-01,-8.023268729448318481e-02
3.486059606075286865e-03,-2.272985577583312988e-01,5.764901041984558105e-01,4.493282735347747803e-02,-4.607941955327987671e-02,-7.411971688270568848e-01,6.681949496269226074e-01,4.996588826179504395e-01,2.488708198070526123e-01,6.031936407089233398e-01,-1.349364995956420898e+00,3.694435656070709229e-01,-1.441804915666580200e-01,-4.353237450122833252e-01,1.245023488998413086e+00,7.683361172676086426e-01,2.067899703979492188e+00,-4.687665402889251709e-01,2.787899076938629150e-01,-2.134039402008056641e-01,8.337436318397521973e-01,-2.085894495248794556e-01,1.193012818694114685e-01,-5.672028660774230957e-01,-3.582298383116722107e-02,-1.500743478536605835e-01,8.057554364204406738e-01,-1.598313301801681519e-01,-7.850922644138336182e-02
3.461978631094098091e-03,-2.261530905961990356e-01,5.796741247177124023e-01,4.690276086330413818e-02,-4.487992823123931885e-02,-7.180442214012145996e-01,6.929634809494018555e-01,5.076568126678466797e-01,2.592404484748840332e-01,6.836100816726684570e-01,-1.329601287841796875e+00,3.116552233695983887e-01,-1.825766116380691528e-01,-5.412464141845703125e-01,1.270110011100769043e+00,7.417935132980346680e-01,2.046992063522338867e+00,-5.019108653068542480e-01,2.689630687236785889e-01,-2.124420851469039917e-01,8.172204494476318359e-01,-2.033976912498474121e-01,1.091504767537117004e-01,-5.378979444503784180e-01,-3.864826261997222900e-02,-1.666844040155410767e-01,7.734722495079040527e-01,-1.610146611928939819e-01,-7.752648741006851196e-02
4.267417360097169876e-03,-2.252728939056396484e-01,5.824721455574035645e-01,4.708532243967056274e-02,-4.576753079891204834e-02,-6.890636086463928223e-01,7.217199206352233887e-01,4.966615140438079834e-01,2.543091773986816406e-01,7.379921078681945801e-01,-1.299843668937683105e+00,2.602579891681671143e-01,-1.991375088691711426e-01,-6.211507320404052734e-01,1.271768331527709961e+00,7.217243313789367676e-01,2.021517038345336914e+00,-5.328038334846496582e-01,2.520022392272949219e-01,-1.806869804859161377e-01,8.100999593734741211e-01,-1.987015753984451294e-01,9.338890016078948975e-02,-5.114928483963012695e-01,-4.698564857244491577e-02,-2.021811157464981079e-01,7.271476387977600098e-01,-1.660115718841552734e-01,-6.920967996120452881e-02
4.924510139971971512e-03,-2.243050038814544678e-01,5.859565734863281250e-01,5.186187475919723511e-02,-4.160925373435020447e-02,-6.607195138931274414e-01,7.476822733879089355e-01,4.828314483165740967e-01,2.525871992111206055e-01,7.576560378074645996e-01,-1.267749071121215820e+00,2.043449580669403076e-01,-2.155334800481796265e-01,-6.950482130050659180e-01,1.263174414634704590e+00,7.066298127174377441e-01,2.003677606582641602e+00,-5.684729218482971191e-01,2.237758934497833252e-01,-1.446401029825210571e-01,8.197183609008789062e-01,-1.919307261705398560e-01,8.088825643062591553e-02,-4.805263280868530273e-01,-5.117787793278694153e-02,-2.420330941677093506e-01,6.683027148246765137e-01,-1.720673441886901855e-01,-5.916133150458335876e-02
6.766978185623884201e-03,-2.231291383504867554e-01,5.875434875488281250e-01,5.689529329538345337e-02,-3.519173711538314819e-02,-6.206219196319580078e-01,7.812508344650268555e-01,4.520744681358337402e-01,2.498757392168045044e-01,7.607085108757019043e-01,-1.221285223960876465e+00,1.498505920171737671e-01,-2.705996036529541016e-01,-7.399594783782958984e-01,1.245111227035522461e+00,7.268942594528198242e-01,1.973672032356262207e+00,-5.824798941612243652e-01,1.993294060230255127e-01,-8.483935892581939697e-02,8.360125422477722168e-01,-1.867382228374481201e-01,6.329827010631561279e-02,-4.617717266082763672e-01,-5.077787861227989197e-02,-2.620621919631958008e-01,6.363577842712402344e-01,-1.743577122688293457e-01,-5.397696793079376221e-02
8.053806610405445099e-03,-2.221516221761703491e-01,5.879600644111633301e-01,6.162407249212265015e-02,-2.482934668660163879e-02,-5.868838429450988770e-01,8.069407343864440918e-01,4.379748106002807617e-01,2.262198925018310547e-01,7.525321841239929199e-01,-1.180877327919006348e+00,1.602880358695983887e-01,-3.032544851303100586e-01,-7.801598310470581055e-01,1.192107796669006348e+00,7.541767954826354980e-01,1.930678725242614746e+00,-5.792610645294189453e-01,1.709949821233749390e-01,1.539811678230762482e-02,8.694435954093933105e-01,-1.827340722084045410e-01,4.147842153906822205e-02,-4.629487693309783936e-01,-5.871432647109031677e-02,-2.961254715919494629e-01,6.003865599632263184e-01,-1.807716339826583862e-01,-4.436998814344406128e-02
8.340214379131793976e-03,-2.213062793016433716e-01,5.868827700614929199e-01,6.709908694028854370e-02,-1.488899253308773041e-02,-5.512905120849609375e-01,8.314774632453918457e-01,4.375143647193908691e-01,2.151419818401336670e-01,7.260547876358032227e-01,-1.143058657646179199e+00,1.981423348188400269e-01,-3.606132268905639648e-01,-8.289682269096374512e-01,1.156578063964843750e+00,7.956607341766357422e-01,1.853535413742065430e+00,-5.741306543350219727e-01,1.299957334995269775e-01,8.428974449634552002e-02,9.156916737556457520e-01,-1.760390251874923706e-01,2.676184102892875671e-02,-4.761119484901428223e-01,-5.988837406039237976e-02,-3.113561570644378662e-01,5.872794985771179199e-01,-1.833479553461074829e-01,-4.295759275555610657e-02
6.407737731933593750e-03,-2.199472188949584961e-01,5.846856236457824707e-01,7.080298662185668945e-02,-4.719236399978399277e-03,-5.229640007019042969e-01,8.493958711624145508e-01,4.502900540828704834e-01,2.241297513246536255e-01,6.850548982620239258e-01,-1.097536683082580566e+00,2.993092834949493408e-01,-4.251621961593627930e-01,-8.524090051651000977e-01,1.177503228187561035e+00,8.316947817802429199e-01,1.756855487823486328e+00,-5.499265789985656738e-01,7.766611874103546143e-02,1.194138899445533752e-01,9.925200939178466797e-01,-1.664633303880691528e-01,2.069281972944736481e-02,-4.974057376384735107e-01,-4.933102056384086609e-02,-3.034559786319732666e-01,5.871473550796508789e-01,-1.803677231073379517e-01,-5.310541391372680664e-02
3.626874648034572601e-03,-2.192738652229309082e-01,5.817602276802062988e-01,7.411447167396545410e-02,5.613930523395538330e-03,-5.021811127662658691e-01,8.615623116493225098e-01,4.618684351444244385e-01,2.220679372549057007e-01,6.660845279693603516e-01,-1.059406161308288574e+00,3.546446263790130615e-01,-5.022829771041870117e-01,-9.044325947761535645e-01,1.180286169052124023e+00,9.200524091720581055e-01,1.622488617897033691e+00,-5.078857541084289551e-01,2.892844006419181824e-02,1.721106171607971191e-01,1.017401814460754395e+00,-1.603096425533294678e-01,7.520603947341442108e-03,-5.282208323478698730e-01,-4.737478122115135193e-02,-3.085671365261077881e-01,6.062933206558227539e-01,-1.785341501235961914e-01,-6.356612592935562134e-02
1.015703659504652023e-03,-2.184094339609146118e-01,5.780516266822814941e-01,7.373175024986267090e-02,1.870810240507125854e-02,-4.753337800502777100e-01,8.765109181404113770e-01,4.650650024414062500e-01,2.086371332406997681e-01,6.332781314849853516e-01,-1.041721940040588379e+00,3.464620411396026611e-01,-5.613877177238464355e-01,-9.254427552223205566e-01,1.216823458671569824e+00,9.531024098396301270e-01,1.471462488174438477e+00,-4.654868543148040771e-01,-2.119182795286178589e-02,2.028818875551223755e-01,1.028968691825866699e+00,-1.548434793949127197e-01,7.272984366863965988e-03,-5.573794245719909668e-01,-4.090321063995361328e-02,-3.388963639736175537e-01,6.266359686851501465e-01,-1.757499873638153076e-01,-6.467003375291824341e-02
-1.482232240960001945e-03,-2.183457762002944946e-01,5.742782354354858398e-01,6.484970450401306152e-02,1.913239806890487671e-02,-4.521612226963043213e-01,8.893698453903198242e-01,4.594616293907165527e-01,1.993998140096664429e-01,5.785839557647705078e-01,-1.039368748664855957e+00,3.384196460247039795e-01,-5.832242965698242188e-01,-9.714441299438476562e-01,1.228033304214477539e+00,9.738115668296813965e-01,1.291641235351562500e+00,-4.231841564178466797e-01,-6.551170349121093750e-02,2.201613932847976685e-01,1.014661669731140137e+00,-1.492310613393783569e-01,1.192304119467735291e-02,-5.835694074630737305e-01,-4.572089388966560364e-02,-3.542782366275787354e-01,6.462774872779846191e-01,-1.711565256118774414e-01,-6.839883327484130859e-02
-2.493626438081264496e-03,-2.178332805633544922e-01,5.719489455223083496e-01,6.149369478225708008e-02,2.230840735137462616e-02,-4.303597509860992432e-01,9.002840518951416016e-01,4.684248864650726318e-01,1.731101721525192261e-01,5.347818732261657715e-01,-1.036583542823791504e+00,3.456275761127471924e-01,-6.182239651679992676e-01,-1.022844791412353516e+00,1.244942784309387207e+00,1.027470111846923828e+00,1.100755333900451660e+00,-3.665041923522949219e-01,-1.007324531674385071e-01,2.282261997461318970e-01,9.552503228187561035e-01,-1.476392298936843872e-01,1.478610932826995850e-02,-6.040974259376525879e-01,-4.079199582338333130e-02,-3.609416186809539795e-01,6.473781466484069824e-01,-1.660563498735427856e-01,-6.954003125429153442e-02
-2.573136473074555397e-03,-2.176120430231094360e-01,5.715036392211914062e-01,5.920743942260742188e-02,2.606627158820629120e-02,-4.174122810363769531e-01,9.064116477966308594e-01,4.412048459053039551e-01,1.474068611860275269e-01,5.119778513908386230e-01,-1.043089032173156738e+00,3.411196768283843994e-01,-6.290583610534667969e-01,-1.052232503890991211e+00,1.261833190917968750e+00,1.074125885963439941e+00,9.338620901107788086e-01,-3.391935825347900391e-01,-1.113078519701957703e-01,2.309582382440567017e-01,9.190412163734436035e-01,-1.481107920408248901e-01,1.643828488886356354e-02,-6.069871187210083008e-01,-3.771551325917243958e-02,-3.715870976448059082e-01,6.434431672096252441e-01,-1.648202091455459595e-01,-6.787302345037460327e-02
-1.943301758728921413e-03,-2.172025889158248901e-01,5.740262866020202637e-01,6.067602708935737610e-02,3.265873342752456665e-02,-4.098851978778839111e-01,9.095306396484375000e-01,4.675632715225219727e-01,1.187780499458312988e-01,4.998138248920440674e-01,-1.038427352905273438e+00,3.413186073303222656e-01,-6.717256307601928711e-01,-1.050787806510925293e+00,1.275797128677368164e+00,1.102332592010498047e+00,8.283083438873291016e-01,-3.310471773147583008e-01,-1.103226467967033386e-01,2.189049273729324341e-01,8.778921365737915039e-01,-1.486825346946716309e-01,1.866642199456691742e-02,-5.897506475448608398e-01,-2.804029174149036407e-02,-3.785379230976104736e-01,6.086288094520568848e-01,-1.655710339546203613e-01,-6.520365178585052490e-02
-2.082284074276685715e-03,-2.171394228935241699e-01,5.745562911033630371e-01,6.200939789414405823e-02,3.676768764853477478e-02,-4.111594855785369873e-01,9.087083339691162109e-01,4.679401516914367676e-01,1.167786940932273865e-01,4.997360408306121826e-01,-1.037294626235961914e+00,3.398147523403167725e-01,-6.722476482391357422e-01,-1.052533268928527832e+00,1.278682827949523926e+00,1.101403713226318359e+00,8.252802491188049316e-01,-3.302043676376342773e-01,-1.097500622272491455e-01,2.189885675907135010e-01,8.745820522308349609e-01,-1.476564854383468628e-01,1.896906644105911255e-02,-5.901890993118286133e-01,-2.608991786837577820e-02,-3.790225088596343994e-01,6.070353984832763672e-01,-1.653471887111663818e-01,-6.597898155450820923e-02
-1.640206901356577873e-03,-2.167678028345108032e-01,5.780708789825439453e-01,6.269943714141845703e-02,3.807744756340980530e-02,-4.085874855518341064e-01,9.097665548324584961e-01,4.708406925201416016e-01,1.102221533656120300e-01,4.999264776706695557e-01,-1.029662489891052246e+00,3.450065851211547852e-01,-7.028862833976745605e-01,-1.035760164260864258e+00,1.278906583786010742e+00,1.112195134162902832e+00,7.855145931243896484e-01,-3.327759206295013428e-01,-8.823413401842117310e-02,2.129008322954177856e-01,8.620273470878601074e-01,-1.474859863519668579e-01,1.545862946659326553e-02,-5.597928166389465332e-01,-1.976485177874565125e-02,-3.880695402622222900e-01,5.516601800918579102e-01,-1.685614287853240967e-01,-6.258365511894226074e-02
-2.230050740763545036e-04,-2.167346775531768799e-01,5.814802646636962891e-01,6.187529489398002625e-02,3.899921476840972900e-02,-4.080378115177154541e-01,9.100306034088134766e-01,4.661494195461273193e-01,1.180934607982635498e-01,5.152094960212707520e-01,-1.020038247108459473e+00,3.368097841739654541e-01,-7.031294703483581543e-01,-9.977393746376037598e-01,1.275980591773986816e+00,1.108428001403808594e+00,7.487511634826660156e-01,-3.508134484291076660e-01,-5.742295458912849426e-02,2.016918361186981201e-01,8.655351996421813965e-01,-1.483774632215499878e-01,1.311281789094209671e-02,-5.217803120613098145e-01,-1.219621859490871429e-02,-3.912129700183868408e-01,5.156502127647399902e-01,-1.715172380208969116e-01,-6.045188754796981812e-02
-5.784204040537588298e-05,-2.167423367500305176e-01,5.850492119789123535e-01,6.311605870723724365e-02,3.813821449875831604e-02,-4.167284667491912842e-01,9.060348868370056152e-01,4.874144792556762695e-01,1.548118889331817627e-01,5.340198874473571777e-01,-1.018123865127563477e+00,3.242056965827941895e-01,-6.948995590209960938e-01,-9.506279826164245605e-01,1.273425221443176270e+00,1.111047148704528809e+00,7.532175183296203613e-01,-3.862476646900177002e-01,-3.321287781000137329e-02,1.816984117031097412e-01,9.046946167945861816e-01,-1.477897763252258301e-01,9.060231037437915802e-03,-4.780526459217071533e-01,-4.860119894146919250e-03,-3.866727054119110107e-01,4.749840497970581055e-01,-1.736859381198883057e-01,-6.039523333311080933e-02
1.721401495160534978e-04,-2.165256887674331665e-01,5.879975557327270508e-01,6.899041682481765747e-02,3.822867199778556824e-02,-4.304580688476562500e-01,8.991578221321105957e-01,4.983685314655303955e-01,1.787341982126235962e-01,5.367784500122070312e-01,-1.043611168861389160e+00,3.055930733680725098e-01,-6.524476408958435059e-01,-8.992814421653747559e-01,1.280268430709838867e+00,1.123643994331359863e+00,7.444522380828857422e-01,-4.294069409370422363e-01,-1.077978033572435379e-02,1.590673327445983887e-01,9.514323472976684570e-01,-1.459279060363769531e-01,7.360227406024932861e-03,-4.447017014026641846e-01,-7.641920354217290878e-03,-3.857238292694091797e-01,4.551078379154205322e-01,-1.764580905437469482e-01,-5.779561027884483337e-02
2.691628178581595421e-04,-2.175094187259674072e-01,5.900909900665283203e-01,6.730318069458007812e-02,3.001515194773674011e-02,-4.409602582454681396e-01,8.944962024688720703e-01,5.068028569221496582e-01,1.981832534074783325e-01,5.512720942497253418e-01,-1.063869833946228027e+00,2.501291930675506592e-01,-6.232863664627075195e-01,-8.352387547492980957e-01,1.287530660629272461e+00,1.115551948547363281e+00,7.378444671630859375e-01,-4.724718034267425537e-01,-8.547291159629821777e-03,1.263642609119415283e-01,9.826999306678771973e-01,-1.408126056194305420e-01,1.214822567999362946e-02,-4.150303006172180176e-01,-1.366698276251554489e-02,-3.840922415256500244e-01,4.358445703983306885e-01,-1.803658455610275269e-01,-5.832540616393089294e-02
1.249364926479756832e-03,-2.187112718820571899e-01,5.910090804100036621e-01,5.971494689583778381e-02,1.291853096336126328e-02,-4.487443268299102783e-01,8.915692567825317383e-01,5.060685276985168457e-01,2.383473664522171021e-01,5.577461123466491699e-01,-1.079404592514038086e+00,2.088014185428619385e-01,-6.143489480018615723e-01,-7.623932957649230957e-01,1.276279926300048828e+00,1.116055130958557129e+00,7.363190054893493652e-01,-5.183357000350952148e-01,6.163237616419792175e-03,1.111574694514274597e-01,1.029203772544860840e+00,-1.426473408937454224e-01,9.384553879499435425e-03,-3.892011642456054688e-01,-2.112409844994544983e-02,-3.647310435771942139e-01,4.454513788223266602e-01,-1.832080483436584473e-01,-6.012675166130065918e-02
1.592861954122781754e-03,-2.194559276103973389e-01,5.924518108367919922e-01,5.396394431591033936e-02,2.413667971268296242e-03,-4.624780714511871338e-01,8.849836587905883789e-01,4.803174138069152832e-01,2.817568480968475342e-01,5.806156992912292480e-01,-1.075043320655822754e+00,2.146798074245452881e-01,-6.257907152175903320e-01,-6.683217287063598633e-01,1.281294226646423340e+00,1.087656497955322266e+00,7.073032259941101074e-01,-5.535877346992492676e-01,4.300963133573532104e-02,1.106154322624206543e-01,1.065561175346374512e+00,-1.462237089872360229e-01,7.286075502634048462e-03,-3.576640784740447998e-01,-3.546366095542907715e-02,-3.613659143447875977e-01,4.494601190090179443e-01,-1.870397478342056274e-01,-5.652248114347457886e-02
6.252218736335635185e-04,-2.200445085763931274e-01,5.938522219657897949e-01,5.581796914339065552e-02,-2.102305879816412926e-03,-4.718865454196929932e-01,8.798880577087402344e-01,4.420907795429229736e-01,3.484438955783843994e-01,6.027245521545410156e-01,-1.043958663940429688e+00,2.232142090797424316e-01,-6.909846663475036621e-01,-5.978518128395080566e-01,1.287258505821228027e+00,1.105370402336120605e+00,6.376533508300781250e-01,-5.866300463676452637e-01,5.187027156352996826e-02,1.007721051573753357e-01,1.118498086929321289e+00,-1.467989683151245117e-01,5.651517771184444427e-03,-3.276646435260772705e-01,-5.191631615161895752e-02,-3.480930030345916748e-01,4.598453342914581299e-01,-1.905198246240615845e-01,-5.876938998699188232e-02
4.869531258009374142e-04,-2.206044048070907593e-01,5.952389240264892578e-01,6.037591770291328430e-02,-4.153565503656864166e-03,-4.829699993133544922e-01,8.735430240631103516e-01,3.887186050415039062e-01,4.185255467891693115e-01,6.035833954811096191e-01,-1.012194275856018066e+00,2.480785846710205078e-01,-7.737785577774047852e-01,-4.788983464241027832e-01,1.319734692573547363e+00,1.044393539428710938e+00,5.389177203178405762e-01,-6.109083294868469238e-01,7.021848112344741821e-02,9.023012965917587280e-02,1.124850273132324219e+00,-1.517766714096069336e-01,6.130692549049854279e-03,-3.020305335521697998e-01,-6.055284664034843445e-02,-3.216762840747833252e-01,4.664763808250427246e-01,-1.948302388191223145e-01,-6.160265952348709106e-02
1.003276323899626732e-03,-2.205489873886108398e-01,5.976597666740417480e-01,6.647264212369918823e-02,-5.724796094000339508e-03,-4.879260361194610596e-01,8.703314065933227539e-01,3.080526888370513916e-01,4.581854343414306641e-01,5.976709723472595215e-01,-9.873098134994506836e-01,2.507483959197998047e-01,-8.755410909652709961e-01,-3.814548850059509277e-01,1.339695811271667480e+00,1.013213038444519043e+00,4.151839315891265869e-01,-6.165679097175598145e-01,9.887656569480895996e-02,7.471128553152084351e-02,1.099141478538513184e+00,-1.535046845674514771e-01,7.395208347588777542e-03,-2.698401212692260742e-01,-7.234859466552734375e-02,-2.879515290260314941e-01,4.472052752971649170e-01,-1.972413808107376099e-01,-6.368975341320037842e-02
2.649232337716966867e-04,-2.206935435533523560e-01,5.993280410766601562e-01,6.945621967315673828e-02,-8.204041980206966400e-03,-5.059198737144470215e-01,8.597404360771179199e-01,2.384652197360992432e-01,4.845116436481475830e-01,6.044781804084777832e-01,-9.285534620285034180e-01,2.499571293592453003e-01,-9.393551349639892578e-01,-2.972651422023773193e-01,1.348015427589416504e+00,9.774515628814697266e-01,3.068952858448028564e-01,-6.124693751335144043e-01,1.276241391897201538e-01,7.466106116771697998e-02,1.022684812545776367e+00,-1.559987962245941162e-01,4.447555635124444962e-03,-2.353483289480209351e-01,-8.872433751821517944e-02,-2.865304350852966309e-01,4.321326613426208496e-01,-2.008531093597412109e-01,-6.245509907603263855e-02
-7.442598871421068907e-05,-2.206531465053558350e-01,6.019592881202697754e-01,7.390361279249191284e-02,-1.456368714570999146e-02,-5.137753486633300781e-01,8.546116352081298828e-01,1.375441700220108032e-01,4.922169446945190430e-01,6.046197414398193359e-01,-8.281244039535522461e-01,2.367444932460784912e-01,-1.205168485641479492e+00,-1.981152594089508057e-01,1.303358554840087891e+00,9.659140706062316895e-01,2.617988884449005127e-01,-6.072485446929931641e-01,1.464849859476089478e-01,7.736013084650039673e-02,9.477456808090209961e-01,-1.536492258310317993e-01,5.201400723308324814e-03,-2.004597336053848267e-01,-1.147168204188346863e-01,-2.880469858646392822e-01,3.991123437881469727e-01,-2.031290829181671143e-01,-5.511824786663055420e-02
1.350107602775096893e-03,-2.198620140552520752e-01,6.046272516250610352e-01,7.739092409610748291e-02,-2.121039852499961853e-02,-5.080042481422424316e-01,8.576085567474365234e-01,6.257533282041549683e-02,4.925075173377990723e-01,4.642408788204193115e-01,-7.862309217453002930e-01,1.970205456018447876e-01,-1.689291834831237793e+00,-9.269145876169204712e-02,1.260048866271972656e+00,1.009183049201965332e+00,2.409034073352813721e-01,-5.716838836669921875e-01,1.540289372205734253e-01,7.669509202241897583e-02,8.111060261726379395e-01,-1.526339948177337646e-01,1.193672791123390198e-02,-1.663195341825485229e-01,-1.450646966695785522e-01,-2.920549809932708740e-01,3.710694015026092529e-01,-2.007635980844497681e-01,-4.535941407084465027e-02
1.010217936709523201e-03,-2.190749049186706543e-01,6.070137023925781250e-01,6.938446313142776489e-02,-3.363842517137527466e-02,-5.397010445594787598e-01,8.383179903030395508e-01,1.951480284333229065e-02,4.950318336486816406e-01,3.379479646682739258e-01,-8.074304461479187012e-01,1.968957483768463135e-01,-1.907237291336059570e+00,5.792414769530296326e-03,1.206117868423461914e+00,9.959918856620788574e-01,2.360899299383163452e-01,-5.465843081474304199e-01,1.711178421974182129e-01,5.640903860330581665e-02,6.981223225593566895e-01,-1.549964696168899536e-01,2.278952859342098236e-02,-1.344181001186370850e-01,-1.646791249513626099e-01,-2.668977081775665283e-01,3.459216654300689697e-01,-1.956616342067718506e-01,-4.410682618618011475e-02
2.242484624730423093e-04,-2.177656143903732300e-01,6.083117127418518066e-01,6.191037967801094055e-02,-3.937733545899391174e-02,-5.638144016265869141e-01,8.226358890533447266e-01,-2.673359587788581848e-02,4.860776066780090332e-01,2.481677979230880737e-01,-8.047848343849182129e-01,1.856272518634796143e-01,-2.016091823577880859e+00,1.250661462545394897e-01,1.131110906600952148e+00,9.465884566307067871e-01,3.259021043777465820e-01,-5.028298497200012207e-01,1.901385337114334106e-01,5.316028371453285217e-02,5.690345764160156250e-01,-1.579249799251556396e-01,2.939488925039768219e-02,-1.188442632555961609e-01,-1.894154250621795654e-01,-2.508005797863006592e-01,3.309064805507659912e-01,-1.903795450925827026e-01,-4.054408892989158630e-02
-1.424869056791067123e-03,-2.160525172948837280e-01,6.091373562812805176e-01,5.524880811572074890e-02,-4.674096405506134033e-02,-5.888226032257080078e-01,8.050160408020019531e-01,-1.378248166292905807e-02,4.640282094478607178e-01,8.987998962402343750e-02,-8.065648078918457031e-01,2.029704600572586060e-01,-2.057337045669555664e+00,2.248966991901397705e-01,1.052919268608093262e+00,9.503387808799743652e-01,4.121341407299041748e-01,-4.564414024353027344e-01,2.071996182203292847e-01,3.162305429577827454e-02,4.612433314323425293e-01,-1.601430922746658325e-01,3.802345693111419678e-02,-9.604205191135406494e-02,-2.123676687479019165e-01,-2.263463735580444336e-01,3.165752887725830078e-01,-1.836602389812469482e-01,-4.390589892864227295e-02
-3.487796755507588387e-03,-2.138120681047439575e-01,6.088729500770568848e-01,4.894361644983291626e-02,-5.040095001459121704e-02,-6.215296983718872070e-01,7.802339792251586914e-01,3.857261617667973042e-04,4.521796405315399170e-01,-1.634578853845596313e-01,-8.638438582420349121e-01,2.884406447410583496e-01,-2.027787446975708008e+00,3.025538623332977295e-01,9.426970481872558594e-01,9.380110502243041992e-01,5.178551077842712402e-01,-3.827490806579589844e-01,2.260826826095581055e-01,-9.490264579653739929e-03,3.460188210010528564e-01,-1.597863882780075073e-01,5.348028615117073059e-02,-8.802473545074462891e-02,-2.451617568731307983e-01,-2.119699716567993164e-01,3.055431544780731201e-01,-1.759159266948699951e-01,-4.298024624586105347e-02
-4.074858501553535461e-03,-2.116529345512390137e-01,6.070665121078491211e-01,4.509046301245689392e-02,-5.544152483344078064e-02,-6.340447068214416504e-01,7.699872851371765137e-01,5.726648028939962387e-03,4.520659744739532471e-01,-3.711908161640167236e-01,-8.801947236061096191e-01,3.874748647212982178e-01,-1.943693518638610840e+00,3.640941977500915527e-01,8.383723497390747070e-01,9.419008493423461914e-01,6.216111183166503906e-01,-3.468663990497589111e-01,2.293026149272918701e-01,-1.852678880095481873e-02,2.953813970088958740e-01,-1.563014984130859375e-01,6.247712299227714539e-02,-7.063414901494979858e-02,-2.797704339027404785e-01,-1.998812258243560791e-01,3.127654194831848145e-01,-1.714972406625747681e-01,-4.112239181995391846e-02
-4.323130473494529724e-03,-2.098391503095626831e-01,6.019084453582763672e-01,3.571992740035057068e-02,-5.176739394664764404e-02,-6.597478389739990234e-01,7.488504648208618164e-01,-9.283631108701229095e-03,4.508382976055145264e-01,-4.843346774578094482e-01,-8.786124587059020996e-01,4.542913734912872314e-01,-1.892230033874511719e+00,4.400415420532226562e-01,7.805507183074951172e-01,8.336291313171386719e-01,6.331800818443298340e-01,-3.192514479160308838e-01,2.443438023328781128e-01,-4.312806762754917145e-03,2.921005785465240479e-01,-1.566022187471389771e-01,6.580600887537002563e-02,-8.956301957368850708e-02,-3.089524805545806885e-01,-1.666399538516998291e-01,3.447412848472595215e-01,-1.633391231298446655e-01,-4.328547045588493347e-02
-2.889335388317704201e-03,-2.089963108301162720e-01,5.967410206794738770e-01,3.008539043366909027e-02,-5.583591014146804810e-02,-6.761180162429809570e-01,7.340583205223083496e-01,-3.063208237290382385e-02,4.550087749958038330e-01,-6.349964737892150879e-01,-8.606399297714233398e-01,5.557038187980651855e-01,-1.815786123275756836e+00,5.127155780792236328e-01,7.437658905982971191e-01,7.317330837249755859e-01,6.348455548286437988e-01,-3.101670145988464355e-01,2.402459233999252319e-01,2.544079534709453583e-02,3.337415158748626709e-01,-1.573028862476348877e-01,6.656097620725631714e-02,-9.129272401332855225e-02,-3.496488034725189209e-01,-1.303178071975708008e-01,3.659836351871490479e-01,-1.668191254138946533e-01,-4.338473081588745117e-02
-9.406782337464392185e-04,-2.080018669366836548e-01,5.918166041374206543e-01,2.747273817658424377e-02,-5.235675722360610962e-02,-6.800103783607482910e-01,7.308145761489868164e-01,-6.034058332443237305e-02,4.745337069034576416e-01,-6.967630386352539062e-01,-8.795559406280517578e-01,6.237890720367431641e-01,-1.777557492256164551e+00,5.703065395355224609e-01,7.405778765678405762e-01,5.761776566505432129e-01,5.952238440513610840e-01,-3.065297007560729980e-01,2.378192692995071411e-01,6.932410597801208496e-02,3.925242722034454346e-01,-1.566060036420822144e-01,6.134805828332901001e-02,-9.992238879203796387e-02,-3.614584505558013916e-01,-7.773747295141220093e-02,3.872329592704772949e-01,-1.625466197729110718e-01,-4.775909706950187683e-02
-1.100930894608609378e-04,-2.073110342025756836e-01,5.846368670463562012e-01,2.188321948051452637e-02,-5.046571791172027588e-02,-6.835287213325500488e-01,7.278480529785156250e-01,-9.684463590383529663e-02,5.032343268394470215e-01,-7.065549492835998535e-01,-9.311606287956237793e-01,6.770695447921752930e-01,-1.771531581878662109e+00,5.747348666191101074e-01,7.663229107856750488e-01,4.579809904098510742e-01,5.249122977256774902e-01,-3.006921410560607910e-01,2.356067895889282227e-01,9.952723234891891479e-02,4.587218463420867920e-01,-1.578509658575057983e-01,5.315282568335533142e-02,-1.330750286579132080e-01,-3.831376135349273682e-01,-5.192539468407630920e-02,4.487252235412597656e-01,-1.644264757633209229e-01,-4.785621538758277893e-02
3.129524120595306158e-04,-2.066354453563690186e-01,5.798690915107727051e-01,1.527237705886363983e-02,-5.460527166724205017e-02,-6.863096952438354492e-01,7.250958681106567383e-01,-1.393760144710540771e-01,5.315377712249755859e-01,-7.011362910270690918e-01,-9.630301594734191895e-01,7.212856411933898926e-01,-1.753215074539184570e+00,5.725396275520324707e-01,8.073071837425231934e-01,3.204323947429656982e-01,5.116028785705566406e-01,-2.952023744583129883e-01,2.313654720783233643e-01,1.470416337251663208e-01,5.102356076240539551e-01,-1.596436500549316406e-01,4.397357627749443054e-02,-1.674816906452178955e-01,-3.913368284702301025e-01,-1.724358089268207550e-02,5.044543743133544922e-01,-1.654893904924392700e-01,-5.263654887676239014e-02
-2.033270284300670028e-04,-2.064687907695770264e-01,5.745864510536193848e-01,-5.815544864162802696e-05,-5.328176543116569519e-02,-7.014113068580627441e-01,7.107623815536499023e-01,-1.306871920824050903e-01,5.466742515563964844e-01,-7.191042304039001465e-01,-1.005980849266052246e+00,7.712453007698059082e-01,-1.726194500923156738e+00,5.457278490066528320e-01,8.946781754493713379e-01,8.484414964914321899e-02,4.965538680553436279e-01,-2.795886695384979248e-01,2.161554843187332153e-01,1.624840795993804932e-01,5.347683429718017578e-01,-1.608552932739257812e-01,4.387733340263366699e-02,-1.986433267593383789e-01,-3.733841776847839355e-01,2.070236392319202423e-02,5.434749126434326172e-01,-1.645872145891189575e-01,-6.258252263069152832e-02
-1.026282669045031071e-03,-2.061820179224014282e-01,5.741820931434631348e-01,-8.795611560344696045e-03,-6.399882584810256958e-02,-7.107645273208618164e-01,7.004573941230773926e-01,-1.357347369194030762e-01,5.378752946853637695e-01,-7.425066828727722168e-01,-1.046653151512145996e+00,8.283421993255615234e-01,-1.689287900924682617e+00,5.262915492057800293e-01,9.766232371330261230e-01,-2.657307870686054230e-02,5.139850378036499023e-01,-2.580399215221405029e-01,2.014368325471878052e-01,1.735196411609649658e-01,5.339649319648742676e-01,-1.623066216707229614e-01,4.519815370440483093e-02,-2.468433678150177002e-01,-3.481692373752593994e-01,4.491537809371948242e-02,6.102762222290039062e-01,-1.599046140909194946e-01,-7.017591595649719238e-02
-2.844760660082101822e-03,-2.056662142276763916e-01,5.734974145889282227e-01,-1.462412159889936447e-02,-6.395658850669860840e-02,-7.201538681983947754e-01,6.907054781913757324e-01,-1.211231499910354614e-01,5.201413035392761230e-01,-7.902352809906005859e-01,-1.075833201408386230e+00,8.899307250976562500e-01,-1.612138867378234863e+00,5.255485773086547852e-01,1.059202790260314941e+00,-9.376392513513565063e-02,5.847784280776977539e-01,-2.262691110372543335e-01,1.815040260553359985e-01,1.907302141189575195e-01,5.103744268417358398e-01,-1.673131734132766724e-01,4.439079016447067261e-02,-3.117449581623077393e-01,-3.086993694305419922e-01,6.081517785787582397e-02,7.352458834648132324e-01,-1.538549363613128662e-01,-8.396537601947784424e-02
-3.574868896976113319e-03,-2.055594623088836670e-01,5.775089859962463379e-01,-1.768629625439643860e-02,-5.945751070976257324e-02,-7.336282730102539062e-01,6.767138242721557617e-01,-9.930673241615295410e-02,4.998898506164550781e-01,-8.232153654098510742e-01,-1.097690224647521973e+00,9.480679631233215332e-01,-1.508043766021728516e+00,5.130807757377624512e-01,1.150544524192810059e+00,-1.281279176473617554e-01,6.850934028625488281e-01,-1.901049464941024780e-01,1.498218923807144165e-01,1.935484856367111206e-01,4.836864471435546875e-01,-1.714511513710021973e-01,4.615615308284759521e-02,-3.783186078071594238e-01,-2.508358657360076904e-01,7.166430354118347168e-02,8.549993038177490234e-01,-1.427268534898757935e-01,-9.524019807577133179e-02
-2.548060612753033638e-03,-2.055030614137649536e-01,5.793555378913879395e-01,-1.801093108952045441e-02,-5.902625247836112976e-02,-7.425715327262878418e-01,6.669175624847412109e-01,-7.406293600797653198e-02,4.920872151851654053e-01,-8.383547067642211914e-01,-1.125345468521118164e+00,9.983332753181457520e-01,-1.381610870361328125e+00,4.954149127006530762e-01,1.197537899017333984e+00,-6.841430068016052246e-02,7.155653834342956543e-01,-1.598631292581558228e-01,1.225874349474906921e-01,2.133552730083465576e-01,4.442781209945678711e-01,-1.775285899639129639e-01,4.563396051526069641e-02,-4.291681945323944092e-01,-1.880121529102325439e-01,5.880709737539291382e-02,9.593384265899658203e-01,-1.308948397636413574e-01,-1.046654507517814636e-01
6.653417367488145828e-04,-2.056937068700790405e-01,5.793075561523437500e-01,-1.292122900485992432e-02,-6.134667247533798218e-02,-7.481399774551391602e-01,6.605726480484008789e-01,-3.220282122492790222e-02,4.653222858905792236e-01,-8.282599449157714844e-01,-1.170320987701416016e+00,1.040413856506347656e+00,-1.238345384597778320e+00,4.868729114532470703e-01,1.239341974258422852e+00,8.629675903648603708e-06,7.899021506309509277e-01,-1.335922330617904663e-01,8.781570196151733398e-02,2.179596871137619019e-01,4.159668982028961182e-01,-1.817682385444641113e-01,5.686700716614723206e-02,-4.691710770130157471e-01,-1.368535161018371582e-01,3.049567528069019318e-02,1.057686805725097656e+00,-1.211808547377586365e-01,-1.055296435952186584e-01
4.729265347123146057e-03,-2.054325342178344727e-01,5.803384780883789062e-01,-1.441296096891164780e-02,-6.487076729536056519e-02,-7.566040158271789551e-01,6.504878401756286621e-01,-9.785847505554556847e-04,4.473376274108886719e-01,-7.912780642509460449e-01,-1.237977623939514160e+00,1.044828772544860840e+00,-1.067250728607177734e+00,4.726231694221496582e-01,1.286289811134338379e+00,5.018856748938560486e-02,8.489875197410583496e-01,-1.006363108754158020e-01,5.248911306262016296e-02,2.261266261339187622e-01,3.635689318180084229e-01,-1.848645806312561035e-01,6.863947957754135132e-02,-4.668027460575103760e-01,-8.536203205585479736e-02,-1.022770162671804428e-02,1.115724086761474609e+00,-1.107480227947235107e-01,-1.023363545536994934e-01
9.571249596774578094e-03,-2.054455578327178955e-01,5.797796249389648438e-01,-1.596954837441444397e-02,-6.876035034656524658e-02,-7.612673044204711914e-01,6.445844173431396484e-01,2.519409358501434326e-02,4.192524850368499756e-01,-7.568177580833435059e-01,-1.285411357879638672e+00,1.064522027969360352e+00,-8.653542995452880859e-01,4.594845473766326904e-01,1.300849437713623047e+00,1.500320434570312500e-01,8.864502906799316406e-01,-9.199329465627670288e-02,2.326128445565700531e-02,2.221556454896926880e-01,3.408644199371337891e-01,-1.850247532129287720e-01,7.858368009328842163e-02,-4.447329938411712646e-01,-3.006147779524326324e-02,-6.428354978561401367e-02,1.133777618408203125e+00,-1.020221710205078125e-01,-9.339154511690139771e-02
1.398765109479427338e-02,-2.057262808084487915e-01,5.791776776313781738e-01,-2.140111662447452545e-02,-7.596192508935928345e-02,-7.664328217506408691e-01,6.374579071998596191e-01,6.983818113803863525e-02,3.879924118518829346e-01,-7.229299545288085938e-01,-1.304449796676635742e+00,1.100199580192565918e+00,-7.216650247573852539e-01,4.444957375526428223e-01,1.305885434150695801e+00,2.127869725227355957e-01,9.557559490203857422e-01,-7.936736196279525757e-02,-5.869372747838497162e-03,2.241906076669692993e-01,3.293153047561645508e-01,-1.843669712543487549e-01,8.718480914831161499e-02,-4.117687642574310303e-01,2.045290730893611908e-02,-9.266045689582824707e-02,1.131160497665405273e+00,-9.549565613269805908e-02,-8.439972996711730957e-02
1.748519018292427063e-02,-2.050685584545135498e-01,5.786012411117553711e-01,-2.858951129019260406e-02,-7.710482180118560791e-02,-7.749507427215576172e-01,6.266489028930664062e-01,1.308162361383438110e-01,3.589905798435211182e-01,-6.480153203010559082e-01,-1.318729639053344727e+00,1.063593268394470215e+00,-5.727151036262512207e-01,4.243857860565185547e-01,1.322655916213989258e+00,2.860037386417388916e-01,1.020134449005126953e+00,-7.442678511142730713e-02,-1.903488487005233765e-02,2.354659736156463623e-01,3.253763914108276367e-01,-1.842650622129440308e-01,8.723763376474380493e-02,-3.507106006145477295e-01,5.553770065307617188e-02,-1.334412842988967896e-01,1.096702218055725098e+00,-9.221905469894409180e-02,-7.778243720531463623e-02
1.972045190632343292e-02,-2.044924497604370117e-01,5.777289271354675293e-01,-3.553056344389915466e-02,-7.791958004236221313e-02,-7.793986201286315918e-01,6.206480264663696289e-01,2.091438621282577515e-01,3.533916473388671875e-01,-5.544359087944030762e-01,-1.318608999252319336e+00,1.041862726211547852e+00,-4.506251215934753418e-01,4.008069336414337158e-01,1.300137400627136230e+00,3.613917827606201172e-01,1.092622041702270508e+00,-7.732326537370681763e-02,-2.809981070458889008e-02,2.495974302291870117e-01,3.477782607078552246e-01,-1.846680641174316406e-01,8.555388450622558594e-02,-2.937550842761993408e-01,8.039650321006774902e-02,-1.538417190313339233e-01,1.059248447418212891e+00,-9.427173435688018799e-02,-7.671625167131423950e-02
2.077584341168403625e-02,-2.034733295440673828e-01,5.766620039939880371e-01,-3.857159987092018127e-02,-7.835593074560165405e-02,-7.867604494094848633e-01,6.110487580299377441e-01,2.937797009944915771e-01,3.484743237495422363e-01,-4.232479631900787354e-01,-1.305382251739501953e+00,9.613684415817260742e-01,-3.495000004768371582e-01,3.821372389793395996e-01,1.271936416625976562e+00,4.152655601501464844e-01,1.160264492034912109e+00,-8.394354581832885742e-02,-3.391474485397338867e-02,2.539497613906860352e-01,3.691762983798980713e-01,-1.831994503736495972e-01,8.519589155912399292e-02,-2.342564016580581665e-01,9.314518421888351440e-02,-1.701582372188568115e-01,1.022085666656494141e+00,-9.692419320344924927e-02,-7.722140848636627197e-02
2.117742784321308136e-02,-2.022639960050582886e-01,5.760523676872253418e-01,-4.289397597312927246e-02,-8.003646135330200195e-02,-7.891622185707092285e-01,6.074350476264953613e-01,3.948981463909149170e-01,3.604012131690979004e-01,-2.916824221611022949e-01,-1.287698745727539062e+00,8.772358298301696777e-01,-3.021384775638580322e-01,3.687800168991088867e-01,1.239346623420715332e+00,4.407044649124145508e-01,1.251150488853454590e+00,-7.628548890352249146e-02,-3.934069722890853882e-02,2.530072629451751709e-01,3.816750645637512207e-01,-1.819999814033508301e-01,8.452413976192474365e-02,-1.783178597688674927e-01,9.304537624120712280e-02,-1.832674890756607056e-01,9.923670887947082520e-01,-9.968972206115722656e-02,-7.790503650903701782e-02
1.990108564496040344e-02,-2.020029872655868530e-01,5.763004422187805176e-01,-3.877848759293556213e-02,-8.385751396417617798e-02,-7.940651774406433105e-01,6.007700562477111816e-01,5.013820528984069824e-01,3.496553003787994385e-01,-1.604722738265991211e-01,-1.272107839584350586e+00,7.744101285934448242e-01,-2.693944573402404785e-01,3.645842969417572021e-01,1.198971390724182129e+00,4.332681596279144287e-01,1.356857895851135254e+00,-5.755258351564407349e-02,-6.147122755646705627e-02,2.606420814990997314e-01,3.613131344318389893e-01,-1.816932559013366699e-01,8.126378804445266724e-02,-1.375621557235717773e-01,7.060572504997253418e-02,-1.941397637128829956e-01,9.550098776817321777e-01,-1.076506301760673523e-01,-7.490297406911849976e-02
1.766294613480567932e-02,-2.016417384147644043e-01,5.767759084701538086e-01,-3.272252157330513000e-02,-8.540593087673187256e-02,-8.039799332618713379e-01,5.875809192657470703e-01,5.764880776405334473e-01,3.371344506740570068e-01,-3.119513578712940216e-02,-1.270528674125671387e+00,6.911280155181884766e-01,-2.199621349573135376e-01,3.438089787960052490e-01,1.150045990943908691e+00,3.876313269138336182e-01,1.551141738891601562e+00,-5.663171783089637756e-02,-8.248290419578552246e-02,2.605125904083251953e-01,3.386364877223968506e-01,-1.779654473066329956e-01,8.179398626089096069e-02,-9.300493448972702026e-02,4.159506782889366150e-02,-2.126048505306243896e-01,9.070901274681091309e-01,-1.152075976133346558e-01,-6.846120953559875488e-02
1.816822029650211334e-02,-2.010684609413146973e-01,5.764462947845458984e-01,-3.151378035545349121e-02,-9.225858747959136963e-02,-7.858148217201232910e-01,6.107293367385864258e-01,5.878606438636779785e-01,3.461889326572418213e-01,-1.985631324350833893e-02,-1.275390625000000000e+00,6.809404492378234863e-01,-2.201372236013412476e-01,3.522657454013824463e-01,1.140232801437377930e+00,3.925512135028839111e-01,1.559813141822814941e+00,-4.642976820468902588e-02,-8.622279763221740723e-02,2.683026790618896484e-01,3.353449702262878418e-01,-1.795684099197387695e-01,8.198235183954238892e-02,-8.639989793300628662e-02,3.825088217854499817e-02,-2.043994516134262085e-01,9.081529378890991211e-01,-1.153328418731689453e-01,-6.780549138784408569e-02
1.465171389281749725e-02,-2.026369422674179077e-01,5.768406987190246582e-01,-2.289680577814579010e-02,-9.058926999568939209e-02,-7.997179031372070312e-01,5.930603146553039551e-01,6.016544103622436523e-01,2.698535919189453125e-01,1.124526932835578918e-01,-1.221849799156188965e+00,5.737820267677307129e-01,-3.064451813697814941e-01,3.052306771278381348e-01,1.122112989425659180e+00,3.521251082420349121e-01,1.682545900344848633e+00,-6.568894535303115845e-02,-1.109749674797058105e-01,2.281923294067382812e-01,3.233060538768768311e-01,-1.739674806594848633e-01,9.230023622512817383e-02,-9.001138806343078613e-02,3.577901981770992279e-03,-2.369804084300994873e-01,8.884762525558471680e-01,-1.266684383153915405e-01,-6.166655942797660828e-02
1.269458513706922531e-02,-2.035508751869201660e-01,5.766255259513854980e-01,-1.352587062865495682e-02,-9.200707823038101196e-02,-7.966390252113342285e-01,5.972587466239929199e-01,6.058806777000427246e-01,1.897086948156356812e-01,2.248734533786773682e-01,-1.173225045204162598e+00,4.632353186607360840e-01,-4.060858488082885742e-01,2.708832621574401855e-01,1.117231965065002441e+00,3.391132950782775879e-01,1.788080096244812012e+00,-8.722932636737823486e-02,-1.285610049962997437e-01,2.072750180959701538e-01,3.052619099617004395e-01,-1.704991906881332397e-01,9.543179720640182495e-02,-1.042051836848258972e-01,-1.584018580615520477e-02,-2.516749799251556396e-01,8.824468851089477539e-01,-1.330197900533676147e-01,-5.629108846187591553e-02
1.146670337766408920e-02,-2.043839246034622192e-01,5.774302482604980469e-01,-1.811836264096200466e-03,-8.671712875366210938e-02,-7.977090477943420410e-01,5.967722535133361816e-01,5.840968489646911621e-01,1.119349747896194458e-01,3.326686024665832520e-01,-1.122439384460449219e+00,4.119389355182647705e-01,-5.339302420616149902e-01,1.905359923839569092e-01,1.093597412109375000e+00,3.369085490703582764e-01,1.838060140609741211e+00,-1.021636202931404114e-01,-1.373938024044036865e-01,1.997273117303848267e-01,2.693327069282531738e-01,-1.690210849046707153e-01,9.642504900693893433e-02,-1.226431280374526978e-01,-2.401733770966529846e-02,-2.722538113594055176e-01,8.609552383422851562e-01,-1.359554231166839600e-01,-4.760585352778434753e-02
1.031366642564535141e-02,-2.060517966747283936e-01,5.765191316604614258e-01,1.112923584878444672e-02,-8.738361299037933350e-02,-7.930709123611450195e-01,6.027261018753051758e-01,5.319273471832275391e-01,3.038474917411804199e-02,4.351373612880706787e-01,-1.076505064964294434e+00,3.514486253261566162e-01,-6.686505675315856934e-01,1.058680713176727295e-01,1.077522039413452148e+00,3.265440165996551514e-01,1.864695787429809570e+00,-1.303049176931381226e-01,-1.449063569307327271e-01,1.792092323303222656e-01,2.719953060150146484e-01,-1.658842712640762329e-01,9.885802119970321655e-02,-1.510602831840515137e-01,-2.505428530275821686e-02,-2.849863469600677490e-01,8.450469970703125000e-01,-1.393835097551345825e-01,-3.994862735271453857e-02
9.104729630053043365e-03,-2.072947025299072266e-01,5.766628980636596680e-01,2.099581435322761536e-02,-8.311826735734939575e-02,-7.858178615570068359e-01,6.124874353408813477e-01,4.688146412372589111e-01,-3.977205976843833923e-02,5.114919543266296387e-01,-1.036128520965576172e+00,3.221645355224609375e-01,-7.948828935623168945e-01,6.724099162966012955e-03,1.054446578025817871e+00,3.582048714160919189e-01,1.860432863235473633e+00,-1.636090725660324097e-01,-1.593807488679885864e-01,1.508793681859970093e-01,2.776938974857330322e-01,-1.616058349609375000e-01,1.065970584750175476e-01,-1.785927265882492065e-01,-3.149542212486267090e-02,-2.977772653102874756e-01,8.437899351119995117e-01,-1.431741118431091309e-01,-3.256969898939132690e-02
8.450075984001159668e-03,-2.086967825889587402e-01,5.759968757629394531e-01,3.404863923788070679e-02,-7.918144017457962036e-02,-7.804788947105407715e-01,6.192121505737304688e-01,3.703688383102416992e-01,-1.113608404994010925e-01,5.788762569427490234e-01,-1.007742524147033691e+00,2.829531133174896240e-01,-9.097984433174133301e-01,-5.046457052230834961e-02,1.027092337608337402e+00,3.638312220573425293e-01,1.856185793876647949e+00,-2.035096138715744019e-01,-1.647743284702301025e-01,1.371420174837112427e-01,3.026708662509918213e-01,-1.594484448432922363e-01,1.121886000037193298e-01,-2.056128233671188354e-01,-3.093324974179267883e-02,-3.057285249233245850e-01,8.421106338500976562e-01,-1.466081291437149048e-01,-2.456741780042648315e-02
7.918408140540122986e-03,-2.091185003519058228e-01,5.751698613166809082e-01,4.930899664759635925e-02,-7.780825346708297729e-02,-7.768540382385253906e-01,6.229063272476196289e-01,2.925443053245544434e-01,-1.363245099782943726e-01,6.080262660980224609e-01,-9.873654246330261230e-01,2.789572179317474365e-01,-1.008989930152893066e+00,-1.190447732806205750e-01,9.965888857841491699e-01,3.935627639293670654e-01,1.833646535873413086e+00,-2.270080447196960449e-01,-1.752984225749969482e-01,1.305933594703674316e-01,3.192201256752014160e-01,-1.572936773300170898e-01,1.146313697099685669e-01,-2.190820723772048950e-01,-4.511103779077529907e-02,-3.066088855266571045e-01,8.504596352577209473e-01,-1.510996669530868530e-01,-1.906457915902137756e-02
8.046040311455726624e-03,-2.097944319248199463e-01,5.738834142684936523e-01,5.322520062327384949e-02,-7.798572629690170288e-02,-7.711574435234069824e-01,6.296042203903198242e-01,2.080724984407424927e-01,-1.439419984817504883e-01,6.380010843276977539e-01,-9.650534987449645996e-01,2.666935920715332031e-01,-1.091786384582519531e+00,-1.581711173057556152e-01,9.744346141815185547e-01,4.165142774581909180e-01,1.806326627731323242e+00,-2.515136599540710449e-01,-1.700769811868667603e-01,1.351523548364639282e-01,3.620058596134185791e-01,-1.572618633508682251e-01,1.156614422798156738e-01,-2.315539270639419556e-01,-5.198599770665168762e-02,-3.073756098747253418e-01,8.604808449745178223e-01,-1.544174402952194214e-01,-1.469247695058584213e-02
9.881244972348213196e-03,-2.100768834352493286e-01,5.719215273857116699e-01,5.786637589335441589e-02,-7.900767028331756592e-02,-7.634701728820800781e-01,6.383749246597290039e-01,1.009596586227416992e-01,-1.341424137353897095e-01,6.348458528518676758e-01,-9.354501962661743164e-01,2.972816228866577148e-01,-1.133635163307189941e+00,-1.935569643974304199e-01,9.319077730178833008e-01,4.507274925708770752e-01,1.733744502067565918e+00,-2.715204358100891113e-01,-1.678091436624526978e-01,1.549280583858489990e-01,4.149006307125091553e-01,-1.582925468683242798e-01,1.146026849746704102e-01,-2.564593851566314697e-01,-6.719744950532913208e-02,-3.197430372238159180e-01,9.227944612503051758e-01,-1.560620814561843872e-01,-4.908695351332426071e-03
1.132517494261264801e-02,-2.104041129350662231e-01,5.706976652145385742e-01,5.237175524234771729e-02,-8.029836416244506836e-02,-7.566835284233093262e-01,6.467143297195434570e-01,-8.897307328879833221e-03,-9.351043403148651123e-02,5.911833047866821289e-01,-9.253349900245666504e-01,3.186656534671783447e-01,-1.163665533065795898e+00,-1.895818859338760376e-01,8.944134116172790527e-01,4.762570559978485107e-01,1.674845695495605469e+00,-2.776566445827484131e-01,-1.497812420129776001e-01,1.680443286895751953e-01,4.583168029785156250e-01,-1.617259383201599121e-01,1.146493777632713318e-01,-2.821056544780731201e-01,-7.410017400979995728e-02,-3.194696903228759766e-01,9.599378108978271484e-01,-1.558132618665695190e-01,1.094623468816280365e-03
1.358923781663179398e-02,-2.103303968906402588e-01,5.679341554641723633e-01,4.211286455392837524e-02,-8.707911521196365356e-02,-7.498536705970764160e-01,6.544945836067199707e-01,-1.118813827633857727e-01,-4.346146062016487122e-02,5.145611763000488281e-01,-9.335406422615051270e-01,3.597950041294097900e-01,-1.167460083961486816e+00,-1.471434980630874634e-01,8.733823895454406738e-01,4.745373129844665527e-01,1.604904174804687500e+00,-2.769952714443206787e-01,-1.159962639212608337e-01,1.859248578548431396e-01,5.217483639717102051e-01,-1.657785028219223022e-01,1.117670908570289612e-01,-3.255728185176849365e-01,-1.006406471133232117e-01,-3.185011446475982666e-01,1.058131217956542969e+00,-1.526540368795394897e-01,9.885158389806747437e-03
1.534607913345098495e-02,-2.099805325269699097e-01,5.646210908889770508e-01,2.641621418297290802e-02,-9.545202553272247314e-02,-7.386097908020019531e-01,6.668183207511901855e-01,-2.173410207033157349e-01,3.401690348982810974e-02,4.283397495746612549e-01,-9.478751420974731445e-01,4.070425331592559814e-01,-1.171630024909973145e+00,-8.412406593561172485e-02,8.843469619750976562e-01,4.704820811748504639e-01,1.533819317817687988e+00,-2.779543697834014893e-01,-7.140628248453140259e-02,2.204427719116210938e-01,5.821229815483093262e-01,-1.724006831645965576e-01,1.030088886618614197e-01,-3.636778593063354492e-01,-1.256562918424606323e-01,-3.116980493068695068e-01,1.146915078163146973e+00,-1.512928754091262817e-01,1.331412605941295624e-02
1.646599173545837402e-02,-2.097760289907455444e-01,5.623272657394409180e-01,8.638251572847366333e-03,-9.845774620771408081e-02,-7.275893688201904297e-01,6.788557767868041992e-01,-2.949587702751159668e-01,1.157777234911918640e-01,3.243541717529296875e-01,-1.014208912849426270e+00,4.583800137042999268e-01,-1.156262755393981934e+00,-2.797597460448741913e-02,9.059658646583557129e-01,4.716776013374328613e-01,1.431050539016723633e+00,-2.781340777873992920e-01,-2.191312238574028015e-02,2.209804952144622803e-01,6.333742141723632812e-01,-1.787430047988891602e-01,9.931357204914093018e-02,-4.242983162403106689e-01,-1.537339985370635986e-01,-2.917572557926177979e-01,1.252359747886657715e+00,-1.486471593379974365e-01,1.378914993256330490e-02
